user_id,contract,most_search_t6,count_t6,category_t6,most_search_t7,count_t7,category_t7,keyword_changed_flag,category_shift_flag,category_transition,most_watch_type,taste_profile,activity_level,active_days,total_giai_tri,total_phim_truyen,total_the_thao,total_thieu_nhi,total_truyen_hinh
0019706,,bên nhau trọn đời,7,Phim Trung Quốc,lê hấp đường phèn,2,Phim Trung Quốc,Yes,Unchanged,Unchanged,,,,,,,,,
026188,,manh phi giá đáo,2,Khác,lưỡi gươm diệt quỷ,2,Anime,Yes,Changed,Khác -> Anime,,,,,,,,,
0409574,,shooting stars,3,Phim Hàn Quốc,tại sao lại là oh soo jae vietsub,2,Phim Hàn Quốc,Yes,Unchanged,Unchanged,,,,,,,,,
0460089,,gintama,8,Anime,shiel,2,Khác,Yes,Changed,Anime -> Khác,,,,,,,,,
06003209,,kênh vtv6,2,Kênh truyền hình,kênh vtv1,7,Kênh truyền hình,Yes,Unchanged,Unchanged,,,,,,,,,
06010165,,hoa c,2,Khác,kẻ cắp mặt trăng,3,Phim hoạt hình,Yes,Changed,Khác -> Phim hoạt hình,,,,,,,,,
06014896,,bolero,4,Âm nhạc,bolero,18,Âm nhạc,No,Unchanged,Unchanged,,,,,,,,,
06015891,,thư ký kim sao thế,3,Phim Hàn Quốc,hậu duệ mặt trời,3,Phim Hàn Quốc,Yes,Unchanged,Unchanged,,,,,,,,,
06019045,,tokyo ghoul re,2,re : Anime,vũ động càn khôn,2,Khác,Yes,Changed,re : Anime -> Khác,,,,,,,,,
06020672,,như ý phương phi,2,Khác,nhất kiến khuynh tâm,2,Phim Trung Quốc,Yes,Changed,Khác -> Phim Trung Quốc,,,,,,,,,
06021117,,chú thuật hồi chiến,3,Anime,dr stone,7,Anime,Yes,Unchanged,Unchanged,,,,,,,,,
06023719,,em và trịnh,2,Khác,phi vụ triệu đô,3,Khác,Yes,Unchanged,Unchanged,,,,,,,,,
06032128,,chàng hậu,2,Phim Hàn Quốc,orient,3,Anime,Yes,Changed,Phim Hàn Quốc -> Anime,,,,,,,,,
06033306,,vào ma giới rồi đấy iruma kun,2,Tâm linh,khanh linh muzik,2,Khác,Yes,Changed,Tâm linh -> Khác,,,,,,,,,
06036880,,lời nguyền ma lai,3,Phim Thái Lan,luong the hoan,2,Khác,Yes,Changed,Phim Thái Lan -> Khác,,,,,,,,,
06037156,,ooo ki niem 10 nam,2,Khác,naruto,5,Anime,Yes,Changed,Khác -> Anime,,,,,,,,,
06040664,,yêu trong đau thương,2,Khác,vo quan,2,Khác,Yes,Unchanged,Unchanged,,,,,,,,,
06043846,,hội pháp sư fairy tail tập 307,3,Anime,fairy tail 2,9,Anime,Yes,Unchanged,Unchanged,,,,,,,,,
06045088,,chàng hậu,2,Phim Hàn Quốc,spfafaly,2,Khác,Yes,Changed,Phim Hàn Quốc -> Khác,,,,,,,,,
06045465,,doraemon,4,Anime,john wick,2,Phim chiếu rạp / Hành động,Yes,Changed,Anime -> Phim chiếu rạp / Hành động,,,,,,,,,
06069576,,nha hoàn liên minh,3,Khác,chàng hậu,2,Phim Hàn Quốc,Yes,Changed,Khác -> Phim Hàn Quốc,,,,,,,,,
06081725,,tay đấm thép,3,Khác,dem toi tokio phan 1,2,Khác,Yes,Unchanged,Unchanged,,,,,,,,,
06099997,,chuyển sinh thành nhện,3,Anime,fire force,2,Khác,Yes,Changed,Anime -> Khác,,,,,,,,,
063560,,bố già,2,Khác,tập 3 tập,2,Khác,Yes,Unchanged,Unchanged,,,,,,,,,
06402896,,true beauty,4,Phim Hàn Quốc,tien nu cu ta,2,Khác,Yes,Changed,Phim Hàn Quốc -> Khác,,,,,,,,,
06406871,,thiên cổ quyết trần,2,Phim Trung Quốc,thiên cổ quyết trần,2,Phim Trung Quốc,No,Unchanged,Unchanged,,,,,,,,,
06411727,,ca cổ hạnh phúc quanh đây nguyễn kim tuấn ngọc,2,Âm nhạc,người phán sử,2,Khác,Yes,Changed,Âm nhạc -> Khác,,,,,,,,,
06412102,,sonic exe,2,Khác,one pie,2,Khác,Yes,Unchanged,Unchanged,,,,,,,,,
06431613,,cô,2,Khác,hà tịch,4,Khác,Yes,Unchanged,Unchanged,,,,,,,,,
06441979,,fairy tail,11,Anime,inuyasha,3,Anime,Yes,Unchanged,Unchanged,,,,,,,,,
06442983,,vô tình nhặt được tổng tài,8,Phim Trung Quốc,khi màn đêm gợn sóng,18,Phim Trung Quốc,Yes,Unchanged,Unchanged,,,,,,,,,
06448750,,chạy trốn thanh xuan,2,Khác,luffy,3,Anime,Yes,Changed,Khác -> Anime,,,,,,,,,
06455395,,thanh gươm diệt quỷ phần kỹ viện trấn,2,Anime,thanh gươm diệt quỷ phần kỹ viện trấn,6,Anime,No,Unchanged,Unchanged,,,,,,,,,
06456462,,những người thừa kế,2,Phim Hàn Quốc,đối tác đáng ngờ,2,Khác,Yes,Changed,Phim Hàn Quốc -> Khác,,,,,,,,,
06457134,,nam g,2,Khác,cô nàng đầu bếp của tôi,4,Phim Thái Lan,Yes,Changed,Khác -> Phim Thái Lan,,,,,,,,,
06805808,,giọng hát việt 2018 đo ván,6,Khác,giong hat viet 2019,15,Khác,Yes,Unchanged,Unchanged,,,,,,,,,
06823389,,18 sex,2,Nhạy cảm,huyền thoại ghe to tinh,2,Khác,Yes,Changed,Nhạy cảm -> Khác,,,,,,,,,
06826156,,em là thành trì doanh lũy của anh,5,Phim Trung Quốc,kết hôn rồi bắt đầu yêu,3,Phim Trung Quốc,Yes,Unchanged,Unchanged,,,,,,,,,
06827723,,yêu trong đau thương thuyết minh,2,Khác,cuộc chiến thượng lưu 2 thuyết minh,4,Phim Hàn Quốc,Yes,Changed,Khác -> Phim Hàn Quốc,,,,,,,,,
06828514,,diên hy công lược,2,Phim Trung Quốc,diên hy công lược,2,Phim Trung Quốc,No,Unchanged,Unchanged,,,,,,,,,
06829228,,minh lan truyện,2,Phim Trung Quốc,nhất dạ tân nương,3,Phim Trung Quốc,Yes,Unchanged,Unchanged,,,,,,,,,
06861975,,boku no hero academia season 1,2,Anime,american psycho,2,Khác,Yes,Changed,Anime -> Khác,,,,,,,,,
06865661,,bắt ma phá án,3,Phim Hàn Quốc,phim sex,3,Nhạy cảm,Yes,Changed,Phim Hàn Quốc -> Nhạy cảm,,,,,,,,,
06881946,,vẻ đẹp đích thực,2,Phim Hàn Quốc,lop hoc biet tuot,2,Khác,Yes,Changed,Phim Hàn Quốc -> Khác,,,,,,,,,
06884832,,giữa thanh xuân,2,Phim Trung Quốc,ước định thời gian yêu em,2,Khác,Yes,Changed,Phim Trung Quốc -> Khác,,,,,,,,,
06894315,,con tim sắt đá,2,Phim Thái Lan,người thầy y đức,2,Phim Hàn Quốc,Yes,Changed,Phim Thái Lan -> Phim Hàn Quốc,,,,,,,,,
06894340,,triệu lộ tư,3,Khác,happy camp 2020,2,Khác,Yes,Unchanged,Unchanged,,,,,,,,,
06894662,,sakura thủ lĩnh thẻ bài,6,Anime,sakura thủ lĩnh thẻ bài,3,Anime,No,Unchanged,Unchanged,,,,,,,,,
06895656,,em đẹp nhất là khi mỉm cười,4,Phim Trung Quốc,chiêu trò lừa gạt,2,Phim Thái Lan,Yes,Changed,Phim Trung Quốc -> Phim Thái Lan,,,,,,,,,
06896715,,cuộc chiến,2,Khác,cuộc chiến thượng lưu,13,Phim Hàn Quốc,Yes,Changed,Khác -> Phim Hàn Quốc,,,,,,,,,
0876757,,baby bunny,3,Khác,thỏ,8,Khác,Yes,Unchanged,Unchanged,,,,,,,,,
0896392,,bắt ma phá án,4,Phim Hàn Quốc,hoa du ký,2,Phim Hàn Quốc,Yes,Unchanged,Unchanged,,,,,,,,,
1014068,,ben nhau tron doi,2,Khác,cẩm y chi hạ,3,Phim Trung Quốc,Yes,Changed,Khác -> Phim Trung Quốc,,,,,,,,,
1019213,,chuyển sinh thành slime,2,Anime,black thần chết,2,Khác,Yes,Changed,Anime -> Khác,,,,,,,,,
1041004,,biet d,3,Khác,haikyu,5,Khác,Yes,Unchanged,Unchanged,,,,,,,,,
1184935,,ca m,3,Khác,cuộc chiến thượng lưu,2,Phim Hàn Quốc,Yes,Changed,Khác -> Phim Hàn Quốc,,,,,,,,,
1194296,,bolero đường phố,4,Âm nhạc,bolero đường phố,6,Âm nhạc,No,Unchanged,Unchanged,,,,,,,,,
1333414,,lava,2,Khác,ninjago,3,Khác,Yes,Unchanged,Unchanged,,,,,,,,,
1427366,,nhất kiến khuynh tâm,2,Phim Trung Quốc,cuộc chiến thượng lưu,2,Phim Hàn Quốc,Yes,Changed,Phim Trung Quốc -> Phim Hàn Quốc,,,,,,,,,
1566024,,phật giáo,4,Khác,phật giáo,2,Khác,No,Unchanged,Unchanged,,,,,,,,,
1593184,,liên minh công lý phiên bản của zack snyder,2,phiên bản của zack snyder : Phim chiếu rạp / Siêu anh hùng,co dau bi ban,5,Khác,Yes,Changed,phiên bản của zack snyder : Phim chiếu rạp / Siêu anh hùng -> Khác,,,,,,,,,
1635499,,cong chu,2,Khác,goblin,6,Phim Hàn Quốc,Yes,Changed,Khác -> Phim Hàn Quốc,,,,,,,,,
1776779,,attack on titan final season,2,Anime,thanh gươm diệt quỷ phần kỹ viện trấn,2,Anime,Yes,Unchanged,Unchanged,,,,,,,,,
1790582,,kimetsu no yaiba,3,Anime,kimetsu no yaiba,6,Anime,No,Unchanged,Unchanged,,,,,,,,,
1911528,,bắt ma phá án,3,Phim Hàn Quốc,running man tập 1,2,Chương trình truyền hình,Yes,Changed,Phim Hàn Quốc -> Chương trình truyền hình,,,,,,,,,
2041640,,running man,2,Chương trình truyền hình,thử thách thần chết giữa hai thế giới,4,giữa hai thế giới : Phim chiếu rạp / Giả tưởng,Yes,Changed,Chương trình truyền hình -> giữa hai thế giới : Phim chiếu rạp / Giả tưởng,,,,,,,,,
2172614,,alex and gaby,8,Khác,alex and gaby,6,Khác,No,Unchanged,Unchanged,,,,,,,,,
2321360,,hen,10,Khác,hen,15,Khác,No,Unchanged,Unchanged,,,,,,,,,
2383393,,shooting stars,2,Phim Hàn Quốc,happiness,2,Phim Hàn Quốc,Yes,Unchanged,Unchanged,,,,,,,,,
2424100,,thổ dân amazon,3,Khác,thổ dân amazon,2,Khác,No,Unchanged,Unchanged,,,,,,,,,
2426441,,bắt ma phá án,2,Phim Hàn Quốc,báo thù,2,Khác,Yes,Changed,Phim Hàn Quốc -> Khác,,,,,,,,,
2473016,,penthouse special episodes,8,Phim Hàn Quốc,bầu trời rực đỏ,2,Phim Hàn Quốc,Yes,Unchanged,Unchanged,,,,,,,,,
2763923,,yêu từng centimet,2,Phim Trung Quốc,highschool of the dead,2,Khác,Yes,Changed,Phim Trung Quốc -> Khác,,,,,,,,,
2852438,,khu vực 9,2,Khác,mở,2,Khác,Yes,Unchanged,Unchanged,,,,,,,,,
2878571,,vô tình nhặt được tổng tài,9,Phim Trung Quốc,mat tha,13,Khác,Yes,Changed,Phim Trung Quốc -> Khác,,,,,,,,,
290195,,tâm sự mộng cầm,3,Khác,tâm sự mộng cầm,4,Khác,No,Unchanged,Unchanged,,,,,,,,,
2963343,,hồi kí vanitas,4,Anime,bầu trời rực đỏ,2,Phim Hàn Quốc,Yes,Changed,Anime -> Phim Hàn Quốc,,,,,,,,,
3011383,,nữ thanh tra tài ba,4,Phim Hàn Quốc,công ty osin quốc dân,2,Khác,Yes,Changed,Phim Hàn Quốc -> Khác,,,,,,,,,
3125654,,sieu th,2,Khác,juma,8,Khác,Yes,Unchanged,Unchanged,,,,,,,,,
3601913,,ngôi sao khoai tây,20,Phim Hàn Quốc,ngôi sao khoai tây,16,Phim Hàn Quốc,No,Unchanged,Unchanged,,,,,,,,,
3748307,,johnny depp,2,Khác,atack on ti,3,Khác,Yes,Unchanged,Unchanged,,,,,,,,,
3769929,,bất động sản trừ tà,2,Phim Hàn Quốc,vincenzo,2,Phim Hàn Quốc,Yes,Unchanged,Unchanged,,,,,,,,,
3954009,,vượt ra tội ác,2,Phim Hàn Quốc,bạn trai tôi là hồ ly,2,Phim Hàn Quốc,Yes,Unchanged,Unchanged,,,,,,,,,
40013933,,thanh gươm diệt quỷ phần kỹ viện trấn,4,Anime,thanh gươm diệt quỷ phần kỹ viện trấn,3,Anime,No,Unchanged,Unchanged,,,,,,,,,
40022549,,ca nhạc,8,Âm nhạc,ca nhạc,10,Âm nhạc,No,Unchanged,Unchanged,,,,,,,,,
40041359,,chuyển sinh thành slime,9,Anime,kimetsu no yaiba,7,Anime,Yes,Unchanged,Unchanged,,,,,,,,,
40086641,,bóng ma quá khứ,2,Tâm linh,nắng 3,2,Khác,Yes,Changed,Tâm linh -> Khác,,,,,,,,,
40336237,,siêu nhân,49,Phim hoạt hình,siêu nhân,25,Phim hoạt hình,No,Unchanged,Unchanged,,,,,,,,,
40344268,,danh hài chiến thắng,4,Khác,cho xem video danh hài chiến thắng,2,Khác,Yes,Unchanged,Unchanged,,,,,,,,,
4038714,,vương giả thiên hạ,3,Anime,phàm nhân tu tiên,2,Phim hoạt hình 3D Trung Quốc,Yes,Changed,Anime -> Phim hoạt hình 3D Trung Quốc,,,,,,,,,
40437279,,kẻ săn người,2,Khác,ký sự thanh xuân,2,Khác,Yes,Unchanged,Unchanged,,,,,,,,,
40438358,,dac kh,2,Khác,oh w,2,Khác,Yes,Unchanged,Unchanged,,,,,,,,,
40447190,,true beauty,2,Phim Hàn Quốc,vẻ đẹp đích thực,3,Phim Hàn Quốc,Yes,Unchanged,Unchanged,,,,,,,,,
40484160,,phi nhung kim tu long ca co,2,Âm nhạc,cach thuc lam mam du du,4,Khác,Yes,Changed,Âm nhạc -> Khác,,,,,,,,,
40527550,,sao băng,2,Khác,sakura thủ lĩnh thẻ bài,2,Anime,Yes,Changed,Khác -> Anime,,,,,,,,,
40652014,,love,2,Khác,love,2,Khác,No,Unchanged,Unchanged,,,,,,,,,
40675133,,đại chiến titan,2,Anime,hội pháp sư,2,Anime,Yes,Unchanged,Unchanged,,,,,,,,,
40677604,,yêu không kiểm soát,3,Phim Hàn Quốc,truy tìm cổ vật,2,Khác,Yes,Changed,Phim Hàn Quốc -> Khác,,,,,,,,,
4080861,,saimdang nhật ký ánh sáng,2,Khác,bên a sống ở cạnh nhà tôi,2,Phim Trung Quốc,Yes,Changed,Khác -> Phim Trung Quốc,,,,,,,,,
40809522,,attack on titan part 1,3,Anime,vùng đất quỷ dữ 3 tuyệt diệt,2,Khác,Yes,Changed,Anime -> Khác,,,,,,,,,
4091170,,dai duong vinh,2,Khác,lang,3,Khác,Yes,Unchanged,Unchanged,,,,,,,,,
4093556,,liên minh công lý phiên bản của zack snyder,2,phiên bản của zack snyder : Phim chiếu rạp / Siêu anh hùng,kẻ trộm mặt trăng minions,2,minions : Phim hoạt hình,Yes,Changed,phiên bản của zack snyder : Phim chiếu rạp / Siêu anh hùng -> minions : Phim hoạt hình,,,,,,,,,
40963566,,thiếu nhi,2,Tìm kiếm chung,thiếu nhi,7,Tìm kiếm chung,No,Unchanged,Unchanged,,,,,,,,,
41059108,,bleach,4,Anime,naruto,9,Anime,Yes,Unchanged,Unchanged,,,,,,,,,
41059592,,one,4,Khác,dr stone,2,Anime,Yes,Changed,Khác -> Anime,,,,,,,,,
41118689,,tôi thấy hoa vàng trên cỏ xanh,2,Phim Việt Nam,tôi thấy hoa vàng trên cỏ xanh,2,Phim Việt Nam,No,Unchanged,Unchanged,,,,,,,,,
41148175,,trữ tình,15,Âm nhạc,trữ tình,16,Âm nhạc,No,Unchanged,Unchanged,,,,,,,,,
41191991,,kênh vtv3,6,Kênh truyền hình,children,3,Khác,Yes,Changed,Kênh truyền hình -> Khác,,,,,,,,,
41204611,,bắt ma phá án,2,Phim Hàn Quốc,chiêu diêu,7,Phim Trung Quốc,Yes,Changed,Phim Hàn Quốc -> Phim Trung Quốc,,,,,,,,,
41211843,,siêu nhân,2,Phim hoạt hình,trữ tình,2,Âm nhạc,Yes,Changed,Phim hoạt hình -> Âm nhạc,,,,,,,,,
41215230,,attack on titan season 2 shingeki no kyojin,7,Anime,attack on titan season 4,2,Anime,Yes,Unchanged,Unchanged,,,,,,,,,
41240292,,cánh đồng hoang,3,Khác,tam quốc diễn nghĩa,2,Khác,Yes,Unchanged,Unchanged,,,,,,,,,
41289034,,thiếu nhi,3,Tìm kiếm chung,thiếu nhi,2,Tìm kiếm chung,No,Unchanged,Unchanged,,,,,,,,,
41322207,,paw patrol,2,Phim hoạt hình,paw patrol,2,Phim hoạt hình,No,Unchanged,Unchanged,,,,,,,,,
41331182,,nhanh và nguy hiểm 9,4,Phim chiếu rạp / Hành động,mortal kombat,4,Khác,Yes,Changed,Phim chiếu rạp / Hành động -> Khác,,,,,,,,,
41331659,,link,2,Khác,eve,2,Phim Hàn Quốc,Yes,Changed,Khác -> Phim Hàn Quốc,,,,,,,,,
41373023,,hiep,16,Khác,khung,3,Khác,Yes,Unchanged,Unchanged,,,,,,,,,
41381323,,bolero,5,Âm nhạc,bolero,2,Âm nhạc,No,Unchanged,Unchanged,,,,,,,,,
41464893,,mộng,2,Khác,hoàn hồn,2,Phim Hàn Quốc,Yes,Changed,Khác -> Phim Hàn Quốc,,,,,,,,,
41486347,,real,4,Khác,liverpool real madrid xem lại trận đấu uefa champions league,2,Khác,Yes,Unchanged,Unchanged,,,,,,,,,
41493159,,đất và người,2,Khác,mở nhạc không lời,2,Khác,Yes,Unchanged,Unchanged,,,,,,,,,
41509179,,cabaret du monde,2,Khác,nchcccl154,5,Khác,Yes,Unchanged,Unchanged,,,,,,,,,
41537939,,fairy tail,5,Anime,lấy danh nghĩa người nhà,2,Phim Trung Quốc,Yes,Changed,Anime -> Phim Trung Quốc,,,,,,,,,
41562199,,bolero,2,Âm nhạc,lửa chiến,3,Khác,Yes,Changed,Âm nhạc -> Khác,,,,,,,,,
41589484,,phim thái lan,2,Phim Thái Lan,phi cơ,2,Khác,Yes,Changed,Phim Thái Lan -> Khác,,,,,,,,,
41603525,,jack,8,Khác,jack,3,Khác,No,Unchanged,Unchanged,,,,,,,,,
41650076,,học viện siêu anh hùng,7,Khác,chuyển sinh thành slime,3,Anime,Yes,Changed,Khác -> Anime,,,,,,,,,
41709335,,vtv,2,Khác,haikuuy,10,Khác,Yes,Unchanged,Unchanged,,,,,,,,,
41775053,,hội pháp sư fairi tail,3,Anime,fairy tail,2,Anime,Yes,Unchanged,Unchanged,,,,,,,,,
41849106,,bắt ma phá án,3,Phim Hàn Quốc,bắt ma phá án,2,Phim Hàn Quốc,No,Unchanged,Unchanged,,,,,,,,,
41873103,,hậu duệ mặt trời,6,Phim Hàn Quốc,phía sau khung cửa sổ,3,Khác,Yes,Changed,Phim Hàn Quốc -> Khác,,,,,,,,,
41884148,,một mảnh băng tâm tại ngọc hồ,2,Khác,ta là lưu kim phượng,2,Khác,Yes,Unchanged,Unchanged,,,,,,,,,
41947030,,ẩn danh,3,Khác,lời hồi đáp 1988,2,Khác,Yes,Unchanged,Unchanged,,,,,,,,,
41996291,,thiếu niên ninja rùa đột biến,6,Phim hoạt hình,moon,2,Khác,Yes,Changed,Phim hoạt hình -> Khác,,,,,,,,,
42011168,,sự trở về của jang bo ri,5,Khác,kí ức tuổi 18,2,Khác,Yes,Unchanged,Unchanged,,,,,,,,,
42015692,,fairy tail,4,Anime,lê hấp đường phèn,32,Phim Trung Quốc,Yes,Changed,Anime -> Phim Trung Quốc,,,,,,,,,
42025072,,nàng bạch tuyết và bảy chú lùn,2,Phim hoạt hình,the little mermaid,2,Phim chiếu rạp,Yes,Changed,Phim hoạt hình -> Phim chiếu rạp,,,,,,,,,
42041976,,shichisei subaru,2,Khác,hibike,6,Khác,Yes,Unchanged,Unchanged,,,,,,,,,
42042476,,mộng hoa lục,5,Phim ảnh,sinh vật huyền bí,2,Khác,Yes,Changed,Phim ảnh -> Khác,,,,,,,,,
42050597,,cuốn theo chiều gió,2,Khác,cuốn theo chiều gió,3,Khác,No,Unchanged,Unchanged,,,,,,,,,
42073919,,ca nhạc,6,Âm nhạc,ca nhạc,4,Âm nhạc,No,Unchanged,Unchanged,,,,,,,,,
42100297,,hai thế giới,3,Phim Hàn Quốc,huyền của ôn noãn,2,Khác,Yes,Changed,Phim Hàn Quốc -> Khác,,,,,,,,,
42118096,,boruto,2,naruto the movie : Anime,hùng long phong bá,2,Khác,Yes,Changed,naruto the movie : Anime -> Khác,,,,,,,,,
42159504,,thế giới livestream điên cuồng,6,Khác,sửu phi giá đáo,3,Phim Trung Quốc,Yes,Changed,Khác -> Phim Trung Quốc,,,,,,,,,
42166498,,toán lớp 2 chương trình cũ,2,Tìm kiếm chung / Học tập,tau,2,Khác,Yes,Changed,Tìm kiếm chung / Học tập -> Khác,,,,,,,,,
42173266,,giáng sinh nhớ đời,2,Khác,ho tu tha,2,Khác,Yes,Unchanged,Unchanged,,,,,,,,,
42173428,,attack on titan season 4,3,Anime,overl,8,Khác,Yes,Changed,Anime -> Khác,,,,,,,,,
42192666,,hanebado,2,Khác,haro,2,Khác,Yes,Unchanged,Unchanged,,,,,,,,,
42233099,,phim kinh dị,2,Thể loại phim,kimetsu no yaiba,8,Anime,Yes,Changed,Thể loại phim -> Anime,,,,,,,,,
42249501,,người nhện,8,không còn nhà : Phim chiếu rạp / Siêu anh hùng,phim hành động,2,Thể loại phim,Yes,Changed,không còn nhà : Phim chiếu rạp / Siêu anh hùng -> Thể loại phim,,,,,,,,,
42252173,,running man,2,Chương trình truyền hình,thử thách thần tượng running man,4,Chương trình truyền hình,Yes,Unchanged,Unchanged,,,,,,,,,
42290405,,happiness,2,Phim Hàn Quốc,kim tịch hà tịch,2,Phim Trung Quốc,Yes,Changed,Phim Hàn Quốc -> Phim Trung Quốc,,,,,,,,,
42298430,,éo le cuộc tình,3,Khác,youtube,2,Nền tảng,Yes,Changed,Khác -> Nền tảng,,,,,,,,,
42309077,,chiêu trò nguyên thủy,3,Khác,yêu nhầm chị dâu,3,Phim Thái Lan,Yes,Changed,Khác -> Phim Thái Lan,,,,,,,,,
42318924,,tin tức phá án,2,Khác,phim trai hư gái ngoan tập 19,4,Khác,Yes,Unchanged,Unchanged,,,,,,,,,
42334283,,fairy tail,6,Anime,fairy tail,2,Anime,No,Unchanged,Unchanged,,,,,,,,,
42335257,,học viện quân sự liệt hỏa,9,Phim Trung Quốc,chàng hậu,20,Phim Hàn Quốc,Yes,Changed,Phim Trung Quốc -> Phim Hàn Quốc,,,,,,,,,
42341941,,liên khúc,2,Âm nhạc,thiếu nhi,2,Tìm kiếm chung,Yes,Changed,Âm nhạc -> Tìm kiếm chung,,,,,,,,,
42403409,,trữ tình,2,Âm nhạc,trữ tình,2,Âm nhạc,No,Unchanged,Unchanged,,,,,,,,,
42414851,,hội pháp sư,2,Anime,hội pháp sư,2,Anime,No,Unchanged,Unchanged,,,,,,,,,
42430548,,yêu em từ cái nhìn đầu tiên,2,Phim Trung Quốc,bi mat noi goc toi,2,Khác,Yes,Changed,Phim Trung Quốc -> Khác,,,,,,,,,
42455502,,hình vĩnh long,2,Khác,lửa chiến,2,Khác,Yes,Unchanged,Unchanged,,,,,,,,,
42533270,,con heo đất,2,Âm nhạc thiếu nhi,đại chiến kén rể,4,Chương trình truyền hình,Yes,Changed,Âm nhạc thiếu nhi -> Chương trình truyền hình,,,,,,,,,
42558672,,shinemota,2,Khác,hentai,2,Nhạy cảm,Yes,Changed,Khác -> Nhạy cảm,,,,,,,,,
42567557,,ca m,2,Khác,running man,2,Chương trình truyền hình,Yes,Changed,Khác -> Chương trình truyền hình,,,,,,,,,
42590763,,mùa gió chuong,2,Khác,vòng xoáy tình yêu,6,Khác,Yes,Unchanged,Unchanged,,,,,,,,,
42656223,,siêu nhân,10,Phim hoạt hình,siêu nhân,5,Phim hoạt hình,No,Unchanged,Unchanged,,,,,,,,,
42660033,,tìm kiếm bằng giọng nói,3,Tìm kiếm chung / Chức năng,itewonclass,2,Khác,Yes,Changed,Tìm kiếm chung / Chức năng -> Khác,,,,,,,,,
42679791,,siêu nhân,3,Phim hoạt hình,siêu nhân,10,Phim hoạt hình,No,Unchanged,Unchanged,,,,,,,,,
42708971,,minh châu rực rỡ,2,Phim Thái Lan,bok soo trở lại,2,Khác,Yes,Changed,Phim Thái Lan -> Khác,,,,,,,,,
42742650,,tìm kiếm bằng giọng nói,6,Tìm kiếm chung / Chức năng,tìm kiếm bằng giọng nói,3,Tìm kiếm chung / Chức năng,No,Unchanged,Unchanged,,,,,,,,,
42796724,,bầu trời rực đỏ,3,Phim Hàn Quốc,huyền thoại biển xanh,5,Phim Hàn Quốc,Yes,Unchanged,Unchanged,,,,,,,,,
42847658,,bao thanh thiên,2,Phim Đài Loan,bao thanh thiên,2,Phim Đài Loan,No,Unchanged,Unchanged,,,,,,,,,
42848353,,liên minh công lý phiên bản của zack snyder,3,phiên bản của zack snyder : Phim chiếu rạp / Siêu anh hùng,liên minh công lý phiên bản của zack snyder,3,phiên bản của zack snyder : Phim chiếu rạp / Siêu anh hùng,No,Unchanged,Unchanged,,,,,,,,,
42899570,,doraemon,9,Anime,doraemon,7,Anime,No,Unchanged,Unchanged,,,,,,,,,
42920561,,lbx,2,Khác,tho san yeu tinh,3,Phim Hàn Quốc,Yes,Changed,Khác -> Phim Hàn Quốc,,,,,,,,,
43064135,,thế giới động vật,7,Tìm kiếm chung / Tài liệu,thế giới động vật,3,Tìm kiếm chung / Tài liệu,No,Unchanged,Unchanged,,,,,,,,,
43069351,,cô nàng đầu bếp của tôi,2,Phim Thái Lan,tuổi thanh xuân,2,Khác,Yes,Changed,Phim Thái Lan -> Khác,,,,,,,,,
43159919,,mất dấu,3,Khác,thuyết minh,3,Khác,Yes,Unchanged,Unchanged,,,,,,,,,
4321425,,prime provider,2,Khác,sống chung với mẹ chồng,3,Khác,Yes,Unchanged,Unchanged,,,,,,,,,
43255379,,thiếu nhi,19,Tìm kiếm chung,thiếu nhi,12,Tìm kiếm chung,No,Unchanged,Unchanged,,,,,,,,,
43288201,,aikatsu p1,3,Khác,doraemon,2,Anime,Yes,Changed,Khác -> Anime,,,,,,,,,
43292678,,hội pháp sư,3,Anime,đao kiếm thần vực phần 4,3,Anime,Yes,Unchanged,Unchanged,,,,,,,,,
43301139,,duong toi di dai theo dat nuoc,3,Khác,liên minh công lý phiên bản của zack snyder,2,phiên bản của zack snyder : Phim chiếu rạp / Siêu anh hùng,Yes,Changed,Khác -> phiên bản của zack snyder : Phim chiếu rạp / Siêu anh hùng,,,,,,,,,
43302578,,một con vịt,9,Âm nhạc thiếu nhi,bào ngư hát bống bống,4,Khác,Yes,Changed,Âm nhạc thiếu nhi -> Khác,,,,,,,,,
43491175,,sousei,4,Khác,mouse,2,Phim Hàn Quốc,Yes,Changed,Khác -> Phim Hàn Quốc,,,,,,,,,
43537948,,vườn sao băng,4,Khác,như giọt sương ngủ muộn,8,Khác,Yes,Unchanged,Unchanged,,,,,,,,,
43563114,,học viện anh hùng phần 2,7,Anime,fairy tail,2,Anime,Yes,Unchanged,Unchanged,,,,,,,,,
43631091,,đại chiến,3,Khác,attack on titan,5,Anime,Yes,Changed,Khác -> Anime,,,,,,,,,
4366764,,lưỡi gươm diệt quỷ phần 3,2,Anime,chiến đội siêu nhân nhẫn giả,2,Phim hoạt hình,Yes,Changed,Anime -> Phim hoạt hình,,,,,,,,,
436753,,castlevania,2,Khác,khủng long,3,Động vật,Yes,Changed,Khác -> Động vật,,,,,,,,,
43722285,,bolero,2,Âm nhạc,bạn muốn hẹn hò,2,Chương trình truyền hình,Yes,Changed,Âm nhạc -> Chương trình truyền hình,,,,,,,,,
43730534,,cinderella,2,Phim chiếu rạp,bật video của tiên tiên,2,Khác,Yes,Changed,Phim chiếu rạp -> Khác,,,,,,,,,
43745748,,liên minh công lý phiên bản của zack snyder,3,phiên bản của zack snyder : Phim chiếu rạp / Siêu anh hùng,yowamushi,2,Khác,Yes,Changed,phiên bản của zack snyder : Phim chiếu rạp / Siêu anh hùng -> Khác,,,,,,,,,
43787636,,thiếu nhi,2,Tìm kiếm chung,thiếu nhi,8,Tìm kiếm chung,No,Unchanged,Unchanged,,,,,,,,,
43804930,,phim lẻ,6,Khác,phim lẻ,4,Khác,No,Unchanged,Unchanged,,,,,,,,,
43916386,,gundam,5,Anime,nhanh và nguy hiểm 9,3,Phim chiếu rạp / Hành động,Yes,Changed,Anime -> Phim chiếu rạp / Hành động,,,,,,,,,
43962194,,one punch man,10,Anime,em đẹp nhất là khi mỉm cười,2,Phim Trung Quốc,Yes,Changed,Anime -> Phim Trung Quốc,,,,,,,,,
44034721,,thanh van chi,2,Khác,hanh phuc den van gia,2,Khác,Yes,Unchanged,Unchanged,,,,,,,,,
44038837,,trầm thụy hoa viên,3,Khác,xin đừng gặp anh ấy,2,Phim Hàn Quốc,Yes,Changed,Khác -> Phim Hàn Quốc,,,,,,,,,
44057927,,penthouse 3,2,Phim Hàn Quốc,đời sống ngục tù,2,Phim Hàn Quốc,Yes,Unchanged,Unchanged,,,,,,,,,
44062481,,liên minh công lý phiên bản của zack snyder,5,phiên bản của zack snyder : Phim chiếu rạp / Siêu anh hùng,liên minh công lý phiên bản của zack snyder,2,phiên bản của zack snyder : Phim chiếu rạp / Siêu anh hùng,No,Unchanged,Unchanged,,,,,,,,,
44082397,,khmer,10,Văn hóa / Dân tộc,khmer,7,Văn hóa / Dân tộc,No,Unchanged,Unchanged,,,,,,,,,
44085635,,tình đơn côi,3,Khác,mưa lạnh tàn canh,3,Khác,Yes,Unchanged,Unchanged,,,,,,,,,
44135335,,bolero,7,Âm nhạc,bolero,5,Âm nhạc,No,Unchanged,Unchanged,,,,,,,,,
44150461,,khu v,3,Khác,atta,8,Khác,Yes,Unchanged,Unchanged,,,,,,,,,
44166019,,bolero,26,Âm nhạc,bolero,29,Âm nhạc,No,Unchanged,Unchanged,,,,,,,,,
44176020,,kênh vtv6,5,Kênh truyền hình,kênh vtv3,2,Kênh truyền hình,Yes,Unchanged,Unchanged,,,,,,,,,
44182204,,tôi thấy hoa vàng trên cỏ xanh,5,Phim Việt Nam,giờ này anh ở đâu,2,Khác,Yes,Changed,Phim Việt Nam -> Khác,,,,,,,,,
44194093,,cuộc chiến thượng lưu,2,Phim Hàn Quốc,cuộc chiến thượng lưu,2,Phim Hàn Quốc,No,Unchanged,Unchanged,,,,,,,,,
44225799,,tôi độc thân dựa vào thực lực,2,Phim Trung Quốc,thánh lười tanaka,2,Khác,Yes,Changed,Phim Trung Quốc -> Khác,,,,,,,,,
44250844,,cho,2,Khác,cho,3,Khác,No,Unchanged,Unchanged,,,,,,,,,
44335450,,vẻ đẹp đích thực,6,Phim Hàn Quốc,lang y lừng danh,6,Khác,Yes,Changed,Phim Hàn Quốc -> Khác,,,,,,,,,
44395240,,liên khúc bolero,16,Âm nhạc,liên khúc bolero,11,Âm nhạc,No,Unchanged,Unchanged,,,,,,,,,
44417379,,chốn ngục tù,2,Khác,huyền thoại biển xanh,2,Phim Hàn Quốc,Yes,Changed,Khác -> Phim Hàn Quốc,,,,,,,,,
44429858,,hài hoài linh kiều oanh,2,Tìm kiếm chung,tấm cám chuyện chưa kể,2,chuyện chưa kể : Phim Việt Nam,Yes,Changed,Tìm kiếm chung -> chuyện chưa kể : Phim Việt Nam,,,,,,,,,
44482545,,hoàng phi hồng,2,Khác,bạn muốn hẹn hò,2,Chương trình truyền hình,Yes,Changed,Khác -> Chương trình truyền hình,,,,,,,,,
4448485,,tôi thấy hoa vàng trên cỏ xanh,3,Phim Việt Nam,tôi thấy hoa vàng trên cỏ xanh,3,Phim Việt Nam,No,Unchanged,Unchanged,,,,,,,,,
44484904,,yoyo,2,Khác,fairy tail,2,Anime,Yes,Changed,Khác -> Anime,,,,,,,,,
44505522,,bí mật cơn lốc ninjago,5,Khác,ranh giới quỷ,4,Khác,Yes,Unchanged,Unchanged,,,,,,,,,
44524815,,anh có thích brahms,2,Khác,suzy,4,Khác,Yes,Unchanged,Unchanged,,,,,,,,,
44545158,,nhất dạ tân nương 2 thuyet minh,7,Phim Trung Quốc,minh châu rực rỡ,2,Phim Thái Lan,Yes,Changed,Phim Trung Quốc -> Phim Thái Lan,,,,,,,,,
44567989,,thử thách thần tượng,8,Chương trình truyền hình,thử thách thần tượng,5,Chương trình truyền hình,No,Unchanged,Unchanged,,,,,,,,,
44577285,,naruto,2,Anime,neymar,5,Khác,Yes,Changed,Anime -> Khác,,,,,,,,,
44586868,,bolero,2,Âm nhạc,bolero,3,Âm nhạc,No,Unchanged,Unchanged,,,,,,,,,
44627208,,ngư giao kỳ,2,Khác,sơn hà lệnh,3,Khác,Yes,Unchanged,Unchanged,,,,,,,,,
44639010,,siêu trộm,3,Khác,thể thao việt nam,3,Khác,Yes,Unchanged,Unchanged,,,,,,,,,
44650342,,cảnh đẹp ngày vui biết bao giờ,2,Phim Trung Quốc,tinh ha xan,2,Khác,Yes,Changed,Phim Trung Quốc -> Khác,,,,,,,,,
44723262,,kimetsu no yaiba,2,Anime,thanh gươm diệt quỷ phần kỹ viện trấn,2,Anime,Yes,Unchanged,Unchanged,,,,,,,,,
44733187,,fairy tail,2,Anime,luffy,2,Anime,Yes,Unchanged,Unchanged,,,,,,,,,
44764490,,alice,5,Phim Hàn Quốc,hôn nhân không hẹn hò,3,Phim Hàn Quốc,Yes,Unchanged,Unchanged,,,,,,,,,
44801186,,cuộc chiến,12,Khác,cuộc chiến,7,Khác,No,Unchanged,Unchanged,,,,,,,,,
44809491,,horimiya,2,Anime,sự trỗi dậy của khiên hiệp sĩ,4,Anime,Yes,Unchanged,Unchanged,,,,,,,,,
44936828,,chien,9,Khác,thuy chi,2,Khác,Yes,Unchanged,Unchanged,,,,,,,,,
45066757,,thời sự vtv1 qua,2,Tìm kiếm chung / Tin tức,thời sự,3,Tìm kiếm chung / Tin tức,Yes,Unchanged,Unchanged,,,,,,,,,
4515346,,cô gái vàng huyr x tùng viu x quang đăng,3,Khác,nông trại chó,2,Khác,Yes,Unchanged,Unchanged,,,,,,,,,
45252031,,mẹ ma,2,Phim chiếu rạp / Kinh dị,long tranh hổ đấu,2,Khác,Yes,Changed,Phim chiếu rạp / Kinh dị -> Khác,,,,,,,,,
45259536,,baby shark,2,Âm nhạc thiếu nhi,ấu trùng tinh nghịch,6,Phim hoạt hình,Yes,Changed,Âm nhạc thiếu nhi -> Phim hoạt hình,,,,,,,,,
45304689,,miễn bầu trời còn có mặt trời,3,Phim Thái Lan,quán gỏi ga doo ri,2,Khác,Yes,Changed,Phim Thái Lan -> Khác,,,,,,,,,
45306738,,machine,2,Khác,siêu nhân,2,Phim hoạt hình,Yes,Changed,Khác -> Phim hoạt hình,,,,,,,,,
45314547,,thu li,2,Khác,yeu n,2,Khác,Yes,Unchanged,Unchanged,,,,,,,,,
45460043,,cuộc chiến thượng lưu 3,2,Phim Hàn Quốc,kẻ trộm mặt trăng minions,2,minions : Phim hoạt hình,Yes,Changed,Phim Hàn Quốc -> minions : Phim hoạt hình,,,,,,,,,
45462957,,đại đường nữ pháp y,2,Khác,bạch phát vương phi,4,Phim Trung Quốc,Yes,Changed,Khác -> Phim Trung Quốc,,,,,,,,,
45494870,,tìm kiếm bằng giọng nói,2,Tìm kiếm chung / Chức năng,tìm kiếm bằng giọng nói,3,Tìm kiếm chung / Chức năng,No,Unchanged,Unchanged,,,,,,,,,
45755380,,chuyện tình bác sĩ,2,Phim Hàn Quốc,dog,2,Động vật,Yes,Changed,Phim Hàn Quốc -> Động vật,,,,,,,,,
45824566,,thiếu nhi,6,Tìm kiếm chung,thiếu nhi,17,Tìm kiếm chung,No,Unchanged,Unchanged,,,,,,,,,
45904385,,death note,2,Khác,one punch man,2,Anime,Yes,Changed,Khác -> Anime,,,,,,,,,
45952665,,heo peppa,2,Phim hoạt hình,heo peppa,2,Phim hoạt hình,No,Unchanged,Unchanged,,,,,,,,,
45975395,,conan thám tử lừng danh,2,Anime,doraemon,3,Anime,Yes,Unchanged,Unchanged,,,,,,,,,
46097768,,tai sao,3,Khác,naruto,7,Anime,Yes,Changed,Khác -> Anime,,,,,,,,,
46115228,,komi,2,Anime,shig,2,Khác,Yes,Changed,Anime -> Khác,,,,,,,,,
46166443,,học,2,Khác,kẻ trộm mặt trăng minions,2,minions : Phim hoạt hình,Yes,Changed,Khác -> minions : Phim hoạt hình,,,,,,,,,
46180918,,cảnh đẹp ngày vui biết bao giờ,2,Phim Trung Quốc,sweet dream,2,Khác,Yes,Changed,Phim Trung Quốc -> Khác,,,,,,,,,
46249873,,ho so,3,Khác,bằng chứng thép,3,Phim Hồng Kông,Yes,Changed,Khác -> Phim Hồng Kông,,,,,,,,,
46250351,,bạn trai tôi là hồ ly,2,Phim Hàn Quốc,truy sát,3,Khác,Yes,Changed,Phim Hàn Quốc -> Khác,,,,,,,,,
46514880,,bạn trai tôi là hồ ly,2,Phim Hàn Quốc,nhất kiến khuynh tâm,2,Phim Trung Quốc,Yes,Changed,Phim Hàn Quốc -> Phim Trung Quốc,,,,,,,,,
4657646,,hội pháp sư,2,Anime,hội pháp sư,2,Anime,No,Unchanged,Unchanged,,,,,,,,,
46658176,,yêu nhầm chị dâu,17,Phim Thái Lan,kinn porche,2,Khác,Yes,Changed,Phim Thái Lan -> Khác,,,,,,,,,
46762174,,cảnh đẹp ngày vui biết bao giờ,2,Phim Trung Quốc,sex,4,Nhạy cảm,Yes,Changed,Phim Trung Quốc -> Nhạy cảm,,,,,,,,,
46785534,,cẩm y chi dạ thuyết minh,2,Khác,quân sư liên minh,2,Phim Trung Quốc,Yes,Changed,Khác -> Phim Trung Quốc,,,,,,,,,
46874553,,luoi,4,Khác,phi vu dong troi,3,Khác,Yes,Unchanged,Unchanged,,,,,,,,,
46964222,,khi người đàn ông yêu,2,Khác,sao băng,3,Khác,Yes,Unchanged,Unchanged,,,,,,,,,
46975766,,diên hy công lược,3,Phim Trung Quốc,tiểu nương tử nhà tướng quân,9,Phim Trung Quốc,Yes,Unchanged,Unchanged,,,,,,,,,
47013513,,everyone wants to meet you,3,Khác,tôi không phải là robot,2,Khác,Yes,Unchanged,Unchanged,,,,,,,,,
47025883,,ma nữ đáng yêu,3,Khác,cuộc chiền thượng lưu 2,2,Phim Hàn Quốc,Yes,Changed,Khác -> Phim Hàn Quốc,,,,,,,,,
47128298,,hận tình hoán mệnh,2,Phim ảnh,oan gia phònd cấp cú,2,Khác,Yes,Changed,Phim ảnh -> Khác,,,,,,,,,
47316295,,bolero,5,Âm nhạc,bolero,3,Âm nhạc,No,Unchanged,Unchanged,,,,,,,,,
47344816,,tiểu thư quạ đen và tiên sinh thằn lằn,2,Khác,chiến binh nụ cười,2,Khác,Yes,Unchanged,Unchanged,,,,,,,,,
47410097,,nhất kiến khuynh tâm,2,Phim Trung Quốc,sao bang,6,Khác,Yes,Changed,Phim Trung Quốc -> Khác,,,,,,,,,
47423204,,truy tìm ký ức,2,Khác,yêu em từ cái nhìn đầu tiên,3,Phim Trung Quốc,Yes,Changed,Khác -> Phim Trung Quốc,,,,,,,,,
47482452,,xo so,3,Khác,kinh chú đại bi,2,Khác,Yes,Unchanged,Unchanged,,,,,,,,,
47521651,,bolero,2,Âm nhạc,bolero,4,Âm nhạc,No,Unchanged,Unchanged,,,,,,,,,
47543898,,góc khuất,2,Khác,hôn nhân giả,2,Khác,Yes,Unchanged,Unchanged,,,,,,,,,
47618798,,dog,2,Động vật,dog,4,Động vật,No,Unchanged,Unchanged,,,,,,,,,
47643052,,dog,2,Động vật,dog,2,Động vật,No,Unchanged,Unchanged,,,,,,,,,
47663669,,one punch man,3,Anime,one punch man,3,Anime,No,Unchanged,Unchanged,,,,,,,,,
47689153,,hope,2,Khác,người thầy y đức,2,Phim Hàn Quốc,Yes,Changed,Khác -> Phim Hàn Quốc,,,,,,,,,
47779560,,thủ lĩnh thẻ bài s2,3,Anime,vô tình nhặt được tổng tài,2,Phim Trung Quốc,Yes,Changed,Anime -> Phim Trung Quốc,,,,,,,,,
47785922,,hậu duệ mặt trời,2,Phim Hàn Quốc,thư ký kim sao thế,3,Phim Hàn Quốc,Yes,Unchanged,Unchanged,,,,,,,,,
47810373,,cuộc chiến thượng lưu,3,Phim Hàn Quốc,trở lại tuổi 18,2,Phim Hàn Quốc,Yes,Unchanged,Unchanged,,,,,,,,,
47891316,,nữ thanh tra tài ba,3,Phim Hàn Quốc,cảnh báo tình yêu,2,Khác,Yes,Changed,Phim Hàn Quốc -> Khác,,,,,,,,,
47907202,,attack on titan final season,6,Anime,fairy tail season 2,4,Anime,Yes,Unchanged,Unchanged,,,,,,,,,
47997628,,nhím sonic 2,2,Phim hoạt hình,vẻ đẹp đích thực,4,Phim Hàn Quốc,Yes,Changed,Phim hoạt hình -> Phim Hàn Quốc,,,,,,,,,
48046826,,kết hôn rồi bắt đầu yêu,6,Phim Trung Quốc,tiểu nương tử nhà tướng quân,3,Phim Trung Quốc,Yes,Unchanged,Unchanged,,,,,,,,,
48050139,,như ý phương phi,3,Khác,lưu ly mỹ nhân sát,6,Phim Trung Quốc,Yes,Changed,Khác -> Phim Trung Quốc,,,,,,,,,
48110186,,loa phường tập 10,4,Khác,loa phường tập 41,3,Khác,Yes,Unchanged,Unchanged,,,,,,,,,
48134281,,ma cà rồng hàng xóm gia đình black 2,2,Tâm linh,lưỡi gươm diệt quỷ,11,Anime,Yes,Changed,Tâm linh -> Anime,,,,,,,,,
48144997,,tôi thấy hoa vàng trên cỏ xanh,2,Phim Việt Nam,tôi thấy hoa vàng trên cỏ xanh,2,Phim Việt Nam,No,Unchanged,Unchanged,,,,,,,,,
48183320,,phong bạo vũ,2,Khác,bằng chứng thép 3,2,Phim Hồng Kông,Yes,Changed,Khác -> Phim Hồng Kông,,,,,,,,,
48201536,,đẹp trai là số một,2,Phim Trung Quốc,scrat spaced out,2,Khác,Yes,Changed,Phim Trung Quốc -> Khác,,,,,,,,,
48215916,,fairy tail,36,Anime,fairy tail,5,Anime,No,Unchanged,Unchanged,,,,,,,,,
48229031,,bắt ma phá án,2,Phim Hàn Quốc,ngọt ngào dành riêng em,2,Khác,Yes,Changed,Phim Hàn Quốc -> Khác,,,,,,,,,
48354046,,gia dinh diep vien,2,Khác,gintama,3,Anime,Yes,Changed,Khác -> Anime,,,,,,,,,
48441045,,lee kwang soo,2,Khác,kẻ cắp mặt trăng,2,Phim hoạt hình,Yes,Changed,Khác -> Phim hoạt hình,,,,,,,,,
48442340,,mèo oggy và những chú gián tinh nghịch,2,Phim hoạt hình,lửa chiến,2,Khác,Yes,Changed,Phim hoạt hình -> Khác,,,,,,,,,
48449894,,liên minh công lý phiên bản của zack snyder,2,phiên bản của zack snyder : Phim chiếu rạp / Siêu anh hùng,minio,2,Khác,Yes,Changed,phiên bản của zack snyder : Phim chiếu rạp / Siêu anh hùng -> Khác,,,,,,,,,
4857012,,chuyện tình lan điệp,2,Khác,đò qua bến sông,2,Khác,Yes,Unchanged,Unchanged,,,,,,,,,
48695756,,trữ tình,3,Âm nhạc,trữ tình,4,Âm nhạc,No,Unchanged,Unchanged,,,,,,,,,
48701208,,prime provider,11,Khác,prime provider,9,Khác,No,Unchanged,Unchanged,,,,,,,,,
48830803,,co na,2,Khác,runningman,5,Khác,Yes,Unchanged,Unchanged,,,,,,,,,
48843441,,cuộc sống thượng lưu,2,Phim Hàn Quốc,chị đã thành công thu hút sự chú ý của tôi,2,Phim Trung Quốc,Yes,Changed,Phim Hàn Quốc -> Phim Trung Quốc,,,,,,,,,
48868337,,hoa của quỷ,2,Phim Hàn Quốc,tên tôi là busaba,3,Khác,Yes,Changed,Phim Hàn Quốc -> Khác,,,,,,,,,
48882912,,supergirl,4,Khác,supergirl,2,Khác,No,Unchanged,Unchanged,,,,,,,,,
48980090,,mouse,5,Phim Hàn Quốc,bạch phát vương phi,2,Phim Trung Quốc,Yes,Changed,Phim Hàn Quốc -> Phim Trung Quốc,,,,,,,,,
49009060,,việt nam,3,Khác,việt nam,8,Khác,No,Unchanged,Unchanged,,,,,,,,,
49031803,,lucy,4,Phim chiếu rạp / Hành động,shoot each other,4,Khác,Yes,Changed,Phim chiếu rạp / Hành động -> Khác,,,,,,,,,
49036218,,cô nàng trong trắng oh woo ri,5,Phim Hàn Quốc,thiên kê chi bạch xà truyền thuyết,5,Khác,Yes,Changed,Phim Hàn Quốc -> Khác,,,,,,,,,
49061490,,bí mật nơi góc tối,2,Khác,con tim sắt đá,2,Phim Thái Lan,Yes,Changed,Khác -> Phim Thái Lan,,,,,,,,,
49085442,,hậu cung như ý truyện,10,Phim Trung Quốc,hậu cung như ý truyên,2,Phim Trung Quốc,Yes,Unchanged,Unchanged,,,,,,,,,
49101559,,hội pháp sư phần cuối,4,Anime,sakura thủ lĩnh thẻ bài,13,Anime,Yes,Unchanged,Unchanged,,,,,,,,,
49113451,,nữ thanh tra tài ba,3,Phim Hàn Quốc,trở lại tuổi 18,2,Phim Hàn Quốc,Yes,Unchanged,Unchanged,,,,,,,,,
49123984,,nhanh và nguy hiểm 9,4,Phim chiếu rạp / Hành động,cival,5,Khác,Yes,Changed,Phim chiếu rạp / Hành động -> Khác,,,,,,,,,
49124640,,tình bolero,20,Âm nhạc,tình bolero,12,Âm nhạc,No,Unchanged,Unchanged,,,,,,,,,
49130528,,cô bé masha và chú gấu xiếc,8,Phim hoạt hình,cô bé masha và chú gấu xiếc,16,Phim hoạt hình,No,Unchanged,Unchanged,,,,,,,,,
49138032,,penthouse 3,2,Phim Hàn Quốc,dr stone,5,Anime,Yes,Changed,Phim Hàn Quốc -> Anime,,,,,,,,,
49141641,,siêu nhân,20,Phim hoạt hình,siêu nhân,3,Phim hoạt hình,No,Unchanged,Unchanged,,,,,,,,,
49164245,,tam,14,Khác,ban trai,17,Khác,Yes,Unchanged,Unchanged,,,,,,,,,
49183435,,hội pháp sư,2,Anime,hội pháp sư 2,2,Anime,Yes,Unchanged,Unchanged,,,,,,,,,
49198533,,học viện quân sự liệt hỏa,3,Phim Trung Quốc,liet,2,Khác,Yes,Changed,Phim Trung Quốc -> Khác,,,,,,,,,
49207841,,siêu nhân,2,Phim hoạt hình,kaoke,12,Khác,Yes,Changed,Phim hoạt hình -> Khác,,,,,,,,,
49211515,,one punch man,3,Anime,one punch man,3,Anime,No,Unchanged,Unchanged,,,,,,,,,
49220874,,dau t,5,Khác,full metal,2,Khác,Yes,Unchanged,Unchanged,,,,,,,,,
49228903,,yêu tinh,7,Phim Hàn Quốc,bầu trời rực đỏ,3,Phim Hàn Quốc,Yes,Unchanged,Unchanged,,,,,,,,,
49234237,,thanh gươm diệt quỷ phần kỹ viện trấn,3,Anime,thanh gươm diệt quỷ phần kỹ viện trấn,4,Anime,No,Unchanged,Unchanged,,,,,,,,,
49250137,,bác sĩ yo han,3,Phim Hàn Quốc,phim luoi troi,2,Khác,Yes,Changed,Phim Hàn Quốc -> Khác,,,,,,,,,
49274094,,vẻ đẹp đích thực,2,Phim Hàn Quốc,hoa của quỷ,3,Phim Hàn Quốc,Yes,Unchanged,Unchanged,,,,,,,,,
49281237,,pinochio,2,Phim Hàn Quốc,lai la,3,Khác,Yes,Changed,Phim Hàn Quốc -> Khác,,,,,,,,,
49299647,,vo my,12,Khác,canh de,2,Khác,Yes,Unchanged,Unchanged,,,,,,,,,
49302994,,sao băng,2,Khác,nabi tôi sẽ không yêu em,4,Phim Thái Lan,Yes,Changed,Khác -> Phim Thái Lan,,,,,,,,,
49311611,,chàng hậu,3,Phim Hàn Quốc,danh sách mua sắm của kẻ sát nhân,5,Phim Hàn Quốc,Yes,Unchanged,Unchanged,,,,,,,,,
49321609,,paw patrol,2,Phim hoạt hình,doraemon,7,Anime,Yes,Changed,Phim hoạt hình -> Anime,,,,,,,,,
49330615,,fairy tail season 2,2,Anime,sakura thủ lĩnh thẻ bài,2,Anime,Yes,Unchanged,Unchanged,,,,,,,,,
49333665,,mối tình đầu,4,Phim Hàn Quốc,sakura thủ lĩnh thẻ bài,4,Anime,Yes,Changed,Phim Hàn Quốc -> Anime,,,,,,,,,
49335179,,sự trỗi dậy của khiên hiệp sĩ,2,Anime,lưỡng bất nghi,3,Khác,Yes,Changed,Anime -> Khác,,,,,,,,,
49377669,,haikyu,3,Khác,câu lạc bộ báo thù,2,Khác,Yes,Unchanged,Unchanged,,,,,,,,,
49379621,,jujutsu kaisen,3,Anime,doraemon,2,Anime,Yes,Unchanged,Unchanged,,,,,,,,,
49430511,,huyền thoại chima,2,Khác,ma sói,8,Tâm linh,Yes,Changed,Khác -> Tâm linh,,,,,,,,,
49516192,,phim trường ma,4,Thể loại phim,phim trường ma,5,Thể loại phim,No,Unchanged,Unchanged,,,,,,,,,
49517599,,kết hôn rồi bắt đầu yêu,2,Phim Trung Quốc,chiêu trò lừa gạt,2,Phim Thái Lan,Yes,Changed,Phim Trung Quốc -> Phim Thái Lan,,,,,,,,,
49518542,,em là thành trì doanh lũy của anh,3,Phim Trung Quốc,sao băng,3,Khác,Yes,Changed,Phim Trung Quốc -> Khác,,,,,,,,,
49518596,,xổ số miền nam hôm nay,2,Khác,con bò kêu,4,Khác,Yes,Unchanged,Unchanged,,,,,,,,,
49519885,,thanh gươm diệt quỷ,4,Anime,thanh gươm diệt quỷ,2,Anime,No,Unchanged,Unchanged,,,,,,,,,
49533782,,penthouse 2,19,Phim Hàn Quốc,nắm giữ sinh mệnh,9,Phim ảnh,Yes,Changed,Phim Hàn Quốc -> Phim ảnh,,,,,,,,,
49543039,,cậu bé mất tích,2,Phim truyền hình / Viễn tưởng (Stranger Things),cậu bé mất tích,2,Phim truyền hình / Viễn tưởng (Stranger Things),No,Unchanged,Unchanged,,,,,,,,,
49548165,,vẻ đẹp đích thực,3,Phim Hàn Quốc,vẻ đẹp đích thực,2,Phim Hàn Quốc,No,Unchanged,Unchanged,,,,,,,,,
49559520,,su tro,5,Khác,su tro,6,Khác,No,Unchanged,Unchanged,,,,,,,,,
49565414,,báo thù,3,Khác,báo thù,2,Khác,No,Unchanged,Unchanged,,,,,,,,,
49590406,,con gái của mẹ,2,Khác,sbs ik,3,Khác,Yes,Unchanged,Unchanged,,,,,,,,,
49614410,,ma tốc độ,4,Phim chiếu rạp,ca nhạc,3,Âm nhạc,Yes,Changed,Phim chiếu rạp -> Âm nhạc,,,,,,,,,
49626417,,vô tình nhặt được tổng tài,3,Phim Trung Quốc,dinh me,2,Khác,Yes,Changed,Phim Trung Quốc -> Khác,,,,,,,,,
49632820,,vtv,2,Khác,vtv1,2,Kênh truyền hình,Yes,Changed,Khác -> Kênh truyền hình,,,,,,,,,
49636702,,thanhh gươm diệt quỷ,7,Khác,minion,2,Phim hoạt hình,Yes,Changed,Khác -> Phim hoạt hình,,,,,,,,,
49639245,,xi,9,Khác,xi,8,Khác,No,Unchanged,Unchanged,,,,,,,,,
49641807,,on ti,35,Khác,o n,10,Khác,Yes,Unchanged,Unchanged,,,,,,,,,
49642661,,liên minh công lý phiên bản của zack snyder,2,phiên bản của zack snyder : Phim chiếu rạp / Siêu anh hùng,liên minh công lý phiên bản của zack snyder,2,phiên bản của zack snyder : Phim chiếu rạp / Siêu anh hùng,No,Unchanged,Unchanged,,,,,,,,,
49645555,,búp bê sát nhân,2,Khác,chuột mickey,2,Khác,Yes,Unchanged,Unchanged,,,,,,,,,
49650610,,hai nguoi vo,2,Khác,gai nga,2,Khác,Yes,Unchanged,Unchanged,,,,,,,,,
49669577,,nam de,10,Khác,buoc q,17,Khác,Yes,Unchanged,Unchanged,,,,,,,,,
49671440,,những phận đời trớ trêu,3,Khác,phim quốc tử giám có một nữ đệ tử,2,Khác,Yes,Unchanged,Unchanged,,,,,,,,,
49673685,,bác sĩ ma,4,Phim Hàn Quốc,kẻ trộm mặt trăng minions,2,minions : Phim hoạt hình,Yes,Changed,Phim Hàn Quốc -> minions : Phim hoạt hình,,,,,,,,,
49678583,,dangal,4,Khác,sao băng,2,Khác,Yes,Unchanged,Unchanged,,,,,,,,,
49684687,,rambo1,3,Khác,rambo,2,Khác,Yes,Unchanged,Unchanged,,,,,,,,,
49687683,,bóng đá trực tiếp,2,Khác,siêu nhân,2,Phim hoạt hình,Yes,Changed,Khác -> Phim hoạt hình,,,,,,,,,
49693541,,lý tiểu long và tôi,5,Phim ảnh,lý tiểu long và tôi,6,Phim ảnh,No,Unchanged,Unchanged,,,,,,,,,
49707803,,mẹ ma,2,Phim chiếu rạp / Kinh dị,prime provider,2,Khác,Yes,Changed,Phim chiếu rạp / Kinh dị -> Khác,,,,,,,,,
49713237,,tayo the little bus,3,Khác,thương ngày nắng về,3,Phim Việt Nam,Yes,Changed,Khác -> Phim Việt Nam,,,,,,,,,
49724079,,bạn trai tôi là hồ ly,2,Phim Hàn Quốc,yêu tinh,7,Phim Hàn Quốc,Yes,Unchanged,Unchanged,,,,,,,,,
49747949,,kết hôn rồi mới bắt đầu uêu,2,Khác,mối tình đầu của tôi,2,Phim Việt Nam,Yes,Changed,Khác -> Phim Việt Nam,,,,,,,,,
49760644,,baby shark,3,Âm nhạc thiếu nhi,kẻ vô danh,3,Khác,Yes,Changed,Âm nhạc thiếu nhi -> Khác,,,,,,,,,
49762665,,tiên nữ cử tạ kim bok joo,5,Phim Hàn Quốc,hoa du ký,7,Phim Hàn Quốc,Yes,Unchanged,Unchanged,,,,,,,,,
49806186,,yeu em ba,2,Khác,hote,2,Khác,Yes,Unchanged,Unchanged,,,,,,,,,
49822303,,mắt xích hận thù,2,Phim Thái Lan,cô nàng đầu bếp của tôi,5,Phim Thái Lan,Yes,Unchanged,Unchanged,,,,,,,,,
49823784,,bạn trai tôi là hồ ly,2,Phim Hàn Quốc,da khắc khuynh tâm,2,Khác,Yes,Changed,Phim Hàn Quốc -> Khác,,,,,,,,,
49833910,,thiên nga đen,4,Phim chiếu rạp,thiên nga đen,2,Phim chiếu rạp,No,Unchanged,Unchanged,,,,,,,,,
49877621,,người nhện không còn nhà,4,không còn nhà : Phim chiếu rạp / Siêu anh hùng,attack on titan season 4,4,Anime,Yes,Changed,không còn nhà : Phim chiếu rạp / Siêu anh hùng -> Anime,,,,,,,,,
49908615,,prime provider,2,Khác,pig,2,Động vật,Yes,Changed,Khác -> Động vật,,,,,,,,,
49911013,,gác kiếm,2,Khác,lời chưa nói,2,Khác,Yes,Unchanged,Unchanged,,,,,,,,,
49924140,,võ mỵ nương truyền kỳ,9,Phim Trung Quốc,võ tắc thiên,8,Phim Trung Quốc,Yes,Unchanged,Unchanged,,,,,,,,,
49936877,,phim truyen,11,Khác,phim truyen,2,Khác,No,Unchanged,Unchanged,,,,,,,,,
49942749,,toàn chức pháp sư,2,Khác,chuyển sinh thành slime,2,Anime,Yes,Changed,Khác -> Anime,,,,,,,,,
49954981,,she was pretty,6,Khác,she was pretty,2,Khác,No,Unchanged,Unchanged,,,,,,,,,
49960518,,một con vịt,2,Âm nhạc thiếu nhi,con voi,5,Khác,Yes,Changed,Âm nhạc thiếu nhi -> Khác,,,,,,,,,
49971769,,bật mèo simmy,2,Khác,chúc bé ngủ ngon,2,Khác,Yes,Unchanged,Unchanged,,,,,,,,,
49980130,,luu ly,11,Khác,ve d,8,Khác,Yes,Unchanged,Unchanged,,,,,,,,,
49980540,,gạo nếp gạo tẻ,2,Khác,thương ngày nắng về,2,Phim Việt Nam,Yes,Changed,Khác -> Phim Việt Nam,,,,,,,,,
49985881,,bạn trai tôi là hồ ly,2,Phim Hàn Quốc,lưỡi gươm diệt quỷ,2,Anime,Yes,Changed,Phim Hàn Quốc -> Anime,,,,,,,,,
49989209,,tom and jerry tales,2,Phim hoạt hình,siêu nhân,13,Phim hoạt hình,Yes,Unchanged,Unchanged,,,,,,,,,
5083066,,ông hoàng khách sạn,2,Khác,mỹ nhân mộ bạch thủ,2,Khác,Yes,Unchanged,Unchanged,,,,,,,,,
5182876,,komi,2,Anime,dr stone,2,Anime,Yes,Unchanged,Unchanged,,,,,,,,,
5289984,,minio,2,Khác,myne,6,Khác,Yes,Unchanged,Unchanged,,,,,,,,,
5443914,,cá mực hầm mật,2,Phim Trung Quốc,lưu ly mỹ nhân sát,2,Phim Trung Quốc,Yes,Unchanged,Unchanged,,,,,,,,,
5637116,,chàng trai hoàn hảo,2,Khác,vô tình nhặt được tổng tài,2,Phim Trung Quốc,Yes,Changed,Khác -> Phim Trung Quốc,,,,,,,,,
5705761,,diep,2,Khác,gangt,2,Khác,Yes,Unchanged,Unchanged,,,,,,,,,
5728319,,it,2,Khác,megamind,3,Khác,Yes,Unchanged,Unchanged,,,,,,,,,
579648,,prime provider,9,Khác,phi hành gia,2,Khác,Yes,Unchanged,Unchanged,,,,,,,,,
5910890,,hồ sơ trinh sát iii,3,Phim Hồng Kông,bang c,2,Khác,Yes,Changed,Phim Hồng Kông -> Khác,,,,,,,,,
5919281,,hoi,8,Khác,hoc vien anh,3,Khác,Yes,Unchanged,Unchanged,,,,,,,,,
649206,,ff,2,Khác,the wolf of wall street,2,Khác,Yes,Unchanged,Unchanged,,,,,,,,,
7045500,,thu linh,2,Khác,bi kip luyen rong 1,2,Khác,Yes,Unchanged,Unchanged,,,,,,,,,
7078526,,bắt ma phá án,2,Phim Hàn Quốc,mặt trăng ôm mặt trời,9,Phim Hàn Quốc,Yes,Unchanged,Unchanged,,,,,,,,,
7425976,,spy family,4,Khác,lưỡi gươm diệt quỷ,2,Anime,Yes,Changed,Khác -> Anime,,,,,,,,,
7457312,,avata,3,Khác,bac si,2,Y khoa,Yes,Changed,Khác -> Y khoa,,,,,,,,,
7664518,,em đẹp nhất là khi mỉm cười,2,Phim Trung Quốc,cô phù thủy nhỏ kiki,2,Khác,Yes,Changed,Phim Trung Quốc -> Khác,,,,,,,,,
7786547,,khát khao hạnh phúc 3,2,Khác,cuộc chiến thượng lưu 2,11,Phim Hàn Quốc,Yes,Changed,Khác -> Phim Hàn Quốc,,,,,,,,,
7798601,,naruto,2,Anime,tìm kiếm bằng giọng nói,4,Tìm kiếm chung / Chức năng,Yes,Changed,Anime -> Tìm kiếm chung / Chức năng,,,,,,,,,
780083,,gởi thời thanh xuân tươi đẹp,2,Khác,lấy danh nghĩa người nhà,2,Phim Trung Quốc,Yes,Changed,Khác -> Phim Trung Quốc,,,,,,,,,
7892096,,ma quốc chí 1 khởi nghĩa khăn vàng,2,Tâm linh,vạch trần sự thật,2,Khác,Yes,Changed,Tâm linh -> Khác,,,,,,,,,
792299,,hoa du ký,2,Phim Hàn Quốc,atta,2,Khác,Yes,Changed,Phim Hàn Quốc -> Khác,,,,,,,,,
8228292,,bai bien khoa,5,Khác,cuoc song,3,Khác,Yes,Unchanged,Unchanged,,,,,,,,,
8327481,,song d,5,Khác,mong hoa luc,2,Phim ảnh,Yes,Changed,Khác -> Phim ảnh,,,,,,,,,
8387591,,bolero,3,Âm nhạc,bolero,3,Âm nhạc,No,Unchanged,Unchanged,,,,,,,,,
8466591,,siêu nhân,2,Phim hoạt hình,siêu nhân,2,Phim hoạt hình,No,Unchanged,Unchanged,,,,,,,,,
8486227,,yêu em từ cái nhìn đầu tiên,2,Phim Trung Quốc,cá mực hầm mật,3,Phim Trung Quốc,Yes,Unchanged,Unchanged,,,,,,,,,
8533097,,trong danh chúa giêsu,4,Khác,3 4,4,Khác,Yes,Unchanged,Unchanged,,,,,,,,,
8628627,,oggy,2,Phim hoạt hình,yamishibai,6,Khác,Yes,Changed,Phim hoạt hình -> Khác,,,,,,,,,
8639174,,cảnh đẹp ngày vui biết bao giờ,2,Phim Trung Quốc,thế giới hôn nhân,3,Phim Hàn Quốc,Yes,Changed,Phim Trung Quốc -> Phim Hàn Quốc,,,,,,,,,
8668543,,dem to,2,Khác,satama,8,Khác,Yes,Unchanged,Unchanged,,,,,,,,,
8845316,,u23 hàn quốc u23 nhật bản vượt trình highlights cúp bóng đá u23 châu á afc 2022,2,Khác,kẻ cắp mặt trăng,2,Phim hoạt hình,Yes,Changed,Khác -> Phim hoạt hình,,,,,,,,,
8920040,,quý ông hoàn hảo và cô nàng tạm được,2,Phim Trung Quốc,lửa phật,2,Khác,Yes,Changed,Phim Trung Quốc -> Khác,,,,,,,,,
90043701,,one punch man,2,Anime,hội pháp sư,4,Anime,Yes,Unchanged,Unchanged,,,,,,,,,
90048947,,thanh gương diệt quỷ,2,Khác,attack on titan season 4,3,Anime,Yes,Changed,Khác -> Anime,,,,,,,,,
90054780,,ma dong seol,2,Tâm linh,ngôi làng tội lỗi,3,Khác,Yes,Changed,Tâm linh -> Khác,,,,,,,,,
90078595,,xem phim cuộc chiến thượng lưu,6,Phim Hàn Quốc,tư đằng,2,Phim Trung Quốc,Yes,Changed,Phim Hàn Quốc -> Phim Trung Quốc,,,,,,,,,
90159715,,penthouse 3,6,Phim Hàn Quốc,penthouse 3,2,Phim Hàn Quốc,No,Unchanged,Unchanged,,,,,,,,,
9026070,,bật chế độ bay,2,Khác,xe tải quái vật,8,Khác,Yes,Unchanged,Unchanged,,,,,,,,,
90584510,,độc nữ,2,Khác,thanh thanh tử khâm,4,Phim Trung Quốc,Yes,Changed,Khác -> Phim Trung Quốc,,,,,,,,,
90685264,,yêu nhầm chị dâu,5,Phim Thái Lan,dinh luat tinh yeu,3,Khác,Yes,Changed,Phim Thái Lan -> Khác,,,,,,,,,
90698004,,chúng tôi đơn giản là gấu,3,Khác,jojo bizarre adventure,2,Khác,Yes,Unchanged,Unchanged,,,,,,,,,
90699307,,thien tai,4,Khác,vẻ đẹp đích thực,2,Phim Hàn Quốc,Yes,Changed,Khác -> Phim Hàn Quốc,,,,,,,,,
90747202,,liên minh công lý phiên bản của zack snyder,4,phiên bản của zack snyder : Phim chiếu rạp / Siêu anh hùng,liên minh công lý phiên bản của zack snyder,3,phiên bản của zack snyder : Phim chiếu rạp / Siêu anh hùng,No,Unchanged,Unchanged,,,,,,,,,
9079283,,eve,2,Phim Hàn Quốc,eve,2,Phim Hàn Quốc,No,Unchanged,Unchanged,,,,,,,,,
90805231,,avatar,3,Khác,trở lại tuổi 18,3,Phim Hàn Quốc,Yes,Changed,Khác -> Phim Hàn Quốc,,,,,,,,,
90835051,,thiên nga bóng đêm,2,Phim Hàn Quốc,thiên nga bóng đêm,2,Phim Hàn Quốc,No,Unchanged,Unchanged,,,,,,,,,
90852912,,be mbitious,6,Chương trình Hàn Quốc,be the swf,4,Khác,Yes,Changed,Chương trình Hàn Quốc -> Khác,,,,,,,,,
91004187,,jujutsu kaisen,2,Anime,hakiyuu,2,Khác,Yes,Changed,Anime -> Khác,,,,,,,,,
91029247,,bắt ma phá án,11,Phim Hàn Quốc,vẻ đẹp đích thực,4,Phim Hàn Quốc,Yes,Unchanged,Unchanged,,,,,,,,,
9111888,,lời cầu hôn,2,Khác,tìm kiếm bằng giọng nói,6,Tìm kiếm chung / Chức năng,Yes,Changed,Khác -> Tìm kiếm chung / Chức năng,,,,,,,,,
91194488,,liên minh công lý phiên bản của zack snyder,2,phiên bản của zack snyder : Phim chiếu rạp / Siêu anh hùng,thien n,3,Khác,Yes,Changed,phiên bản của zack snyder : Phim chiếu rạp / Siêu anh hùng -> Khác,,,,,,,,,
91290488,,học viện cảnh sát,2,Phim Hàn Quốc,con ruột con riêng,5,Phim Hàn Quốc,Yes,Unchanged,Unchanged,,,,,,,,,
91299242,,hội pháp sư,2,Anime,quân sư liên minh,2,Phim Trung Quốc,Yes,Changed,Anime -> Phim Trung Quốc,,,,,,,,,
9139479,,công viên kỷ jura 3,2,Khác,hội pháp sư,22,Anime,Yes,Changed,Khác -> Anime,,,,,,,,,
91486997,,công viên kỷ jura 3,3,Khác,one punch man,2,Anime,Yes,Changed,Khác -> Anime,,,,,,,,,
91512301,,kỳ án nhà thanh,2,Khác,kịch bản yêu đương của nàng và chàng,2,Khác,Yes,Unchanged,Unchanged,,,,,,,,,
91529657,,pinochio,4,Phim Hàn Quốc,nguyen l,2,Khác,Yes,Changed,Phim Hàn Quốc -> Khác,,,,,,,,,
91602888,,khat,4,Khác,ve d,7,Khác,Yes,Unchanged,Unchanged,,,,,,,,,
91621726,,kết hôn rồi bắt đầu yêu,2,Phim Trung Quốc,cây đèn thần,2,Khác,Yes,Changed,Phim Trung Quốc -> Khác,,,,,,,,,
91628066,,hội pháp sư,4,Anime,overlord iii,5,Anime,Yes,Unchanged,Unchanged,,,,,,,,,
91703420,,kuroko,2,Khác,hikaru no go,2,Khác,Yes,Unchanged,Unchanged,,,,,,,,,
91897981,,diên hy công lược,11,Phim Trung Quốc,hội pháp sư 2,2,Anime,Yes,Changed,Phim Trung Quốc -> Anime,,,,,,,,,
91946001,,lời hồi đáp1988,3,Khác,ký ức,2,Khác,Yes,Unchanged,Unchanged,,,,,,,,,
92189000,,yêu trong đau thương thuyế minh,2,Khác,minh châu rực rỡ,2,Phim Thái Lan,Yes,Changed,Khác -> Phim Thái Lan,,,,,,,,,
9222920,,tạm biệt búp bê thân yêu,3,Khác,tôi thấy hoa vàng trên cỏ xanh,2,Phim Việt Nam,Yes,Changed,Khác -> Phim Việt Nam,,,,,,,,,
92333683,,hoạt hình,3,Khác,cách mạng tình yêu,2,Khác,Yes,Unchanged,Unchanged,,,,,,,,,
92340307,,làm sao boss lại làm sao nữa,2,Phim Trung Quốc,con tim sắt đá,2,Phim Thái Lan,Yes,Changed,Phim Trung Quốc -> Phim Thái Lan,,,,,,,,,
92498177,,nobita va chuyen tham hiem nam cuc,2,Khác,nhất dạ tân nương,2,Phim Trung Quốc,Yes,Changed,Khác -> Phim Trung Quốc,,,,,,,,,
9255074,,trích đoạn cải lương,2,Khác,duyên,2,Khác,Yes,Unchanged,Unchanged,,,,,,,,,
92714459,,sao băng,14,Khác,goblin,2,Phim Hàn Quốc,Yes,Changed,Khác -> Phim Hàn Quốc,,,,,,,,,
92767391,,đẹp trai là số một,5,Phim Trung Quốc,tiểu nương tử nhà tướng quân,3,Phim Trung Quốc,Yes,Unchanged,Unchanged,,,,,,,,,
9285535,,yêu tinh,4,Phim Hàn Quốc,mot t,3,Khác,Yes,Changed,Phim Hàn Quốc -> Khác,,,,,,,,,
93087189,,người lạ đến từ địa ngục,3,Khác,ký sinh trùng,2,Khác,Yes,Unchanged,Unchanged,,,,,,,,,
93149386,,liên minh công lý phiên bản của zack snyder,3,phiên bản của zack snyder : Phim chiếu rạp / Siêu anh hùng,liên minh công lý phiên bản của zack snyder,4,phiên bản của zack snyder : Phim chiếu rạp / Siêu anh hùng,No,Unchanged,Unchanged,,,,,,,,,
93329732,,nobless,3,Khác,overlord ii,7,Anime,Yes,Changed,Khác -> Anime,,,,,,,,,
93383303,,running man,3,Chương trình truyền hình,khởi nghiệp,2,Khác,Yes,Changed,Chương trình truyền hình -> Khác,,,,,,,,,
93425432,,the world between us s1,2,Khác,the witch,2,Khác,Yes,Unchanged,Unchanged,,,,,,,,,
93557982,,fringe,3,Khác,game of thrones s1,2,Khác,Yes,Unchanged,Unchanged,,,,,,,,,
93579311,,minh châu rực rỡ,2,Phim Thái Lan,đông cung,4,Phim Trung Quốc,Yes,Changed,Phim Thái Lan -> Phim Trung Quốc,,,,,,,,,
94070225,,bí mật phòng the phần 1,2,Khác,phàm nhân tu tiên,2,Phim hoạt hình 3D Trung Quốc,Yes,Changed,Khác -> Phim hoạt hình 3D Trung Quốc,,,,,,,,,
94145113,,đội bóng thiếu lâm,2,Khác,ác quỷ dracula huyền thoại chưa kể,5,Khác,Yes,Unchanged,Unchanged,,,,,,,,,
94171668,,gửi em người bất tử,4,Khác,con tim sắt đá,17,Phim Thái Lan,Yes,Changed,Khác -> Phim Thái Lan,,,,,,,,,
94193847,,hau cung nhu y truyen,2,Phim Trung Quốc,hậu cung như ý,2,Khác,Yes,Changed,Phim Trung Quốc -> Khác,,,,,,,,,
94209207,,siêu nhân,2,Phim hoạt hình,tại sao lại là oh soo jae,2,Phim Hàn Quốc,Yes,Changed,Phim hoạt hình -> Phim Hàn Quốc,,,,,,,,,
94313657,,bạn trai tôi là hồ ly,2,Phim Hàn Quốc,siêu trộm,3,Khác,Yes,Changed,Phim Hàn Quốc -> Khác,,,,,,,,,
94363751,,naruto,2,Anime,loki,2,Khác,Yes,Changed,Anime -> Khác,,,,,,,,,
94375049,,cardcaptor sakura,2,Anime,aikatsu,2,Khác,Yes,Changed,Anime -> Khác,,,,,,,,,
94377090,,running man,2,Chương trình truyền hình,tình yêu từ 0 đến 1,2,Phim Trung Quốc,Yes,Changed,Chương trình truyền hình -> Phim Trung Quốc,,,,,,,,,
9443419,,old boy báo thù,2,Khác,lord of the ring,2,Khác,Yes,Unchanged,Unchanged,,,,,,,,,
94491540,,em là thành trì doanh lũy của anh,3,Phim Trung Quốc,zombie,3,Khác,Yes,Changed,Phim Trung Quốc -> Khác,,,,,,,,,
94595664,,running man bản trung,2,Chương trình truyền hình,the sixth sense,2,Khác,Yes,Changed,Chương trình truyền hình -> Khác,,,,,,,,,
94604796,,modern talking,2,Khác,bolero,3,Âm nhạc,Yes,Changed,Khác -> Âm nhạc,,,,,,,,,
94779796,,khi dan ong,8,Khác,tay du,29,Khác,Yes,Unchanged,Unchanged,,,,,,,,,
94850918,,ngôi nhà náo nhiệt,5,Khác,vườn sao băng,2,Khác,Yes,Unchanged,Unchanged,,,,,,,,,
94910416,,penthouse 3,5,Phim Hàn Quốc,penthouse 2,3,Phim Hàn Quốc,Yes,Unchanged,Unchanged,,,,,,,,,
94999791,,true,2,Khác,true,2,Khác,No,Unchanged,Unchanged,,,,,,,,,
95099586,,bắt,2,Khác,tiên nữ cử tạ kim bok joo,6,Phim Hàn Quốc,Yes,Changed,Khác -> Phim Hàn Quốc,,,,,,,,,
95224494,,bão ngầm tập 65,2,Khác,phim nhà không bán,2,Khác,Yes,Unchanged,Unchanged,,,,,,,,,
95271810,,yêu nhầm chị dâu,2,Phim Thái Lan,sixth sense,2,Khác,Yes,Changed,Phim Thái Lan -> Khác,,,,,,,,,
95307555,,bat do,2,Khác,liên minh công lý phiên bản của zack snyder,2,phiên bản của zack snyder : Phim chiếu rạp / Siêu anh hùng,Yes,Changed,Khác -> phiên bản của zack snyder : Phim chiếu rạp / Siêu anh hùng,,,,,,,,,
95316177,,sếp kim đại tài,14,Khác,huyền thoại biển xanh,2,Phim Hàn Quốc,Yes,Changed,Khác -> Phim Hàn Quốc,,,,,,,,,
95365377,,ngọc sơn,3,Khác,vệ sĩ,2,Khác,Yes,Unchanged,Unchanged,,,,,,,,,
95580075,,lý tiểu long và tôi,4,Phim ảnh,ca nhạc,16,Âm nhạc,Yes,Changed,Phim ảnh -> Âm nhạc,,,,,,,,,
95595940,,watchmen,3,Khác,watchmen,2,Khác,No,Unchanged,Unchanged,,,,,,,,,
95784516,,hau cung,3,Khác,hau cung nhu y truyen,2,Phim Trung Quốc,Yes,Changed,Khác -> Phim Trung Quốc,,,,,,,,,
95846907,,hau d,2,Khác,hau d,3,Khác,No,Unchanged,Unchanged,,,,,,,,,
95853650,,xin chào tay súng thần,2,Khác,kênh truyền hình htv7,2,Khác,Yes,Unchanged,Unchanged,,,,,,,,,
95868210,,danh y vượt thời gian,2,Khác,cuoc ch,2,Khác,Yes,Unchanged,Unchanged,,,,,,,,,
95892245,,triệu tư lộ,2,Khác,ngô lỗi,2,Khác,Yes,Unchanged,Unchanged,,,,,,,,,
96076212,,zumba,70,Khác,john wick,2,Phim chiếu rạp / Hành động,Yes,Changed,Khác -> Phim chiếu rạp / Hành động,,,,,,,,,
96257899,,hoàng hậu,6,Khác,tinh duc,3,Khác,Yes,Unchanged,Unchanged,,,,,,,,,
96305638,,thử thách thần tượng,3,Chương trình truyền hình,thử thách thần tượng,5,Chương trình truyền hình,No,Unchanged,Unchanged,,,,,,,,,
96556474,,hậu cung chân hoàn truyện,4,Khác,hậu cung như ý truyện,2,Phim Trung Quốc,Yes,Changed,Khác -> Phim Trung Quốc,,,,,,,,,
96618878,,liên minh công lý phiên bản của zack snyder,2,phiên bản của zack snyder : Phim chiếu rạp / Siêu anh hùng,liên minh công lý phiên bản của zack snyder,6,phiên bản của zack snyder : Phim chiếu rạp / Siêu anh hùng,No,Unchanged,Unchanged,,,,,,,,,
96640492,,john wick,2,Phim chiếu rạp / Hành động,naruto,2,Anime,Yes,Changed,Phim chiếu rạp / Hành động -> Anime,,,,,,,,,
96677053,,cảm ơn karaoke,3,Âm nhạc,xin gọi tên nhau karaoke chế linh,2,Âm nhạc,Yes,Unchanged,Unchanged,,,,,,,,,
96708532,,3 idiots,7,Khác,sonic,4,Khác,Yes,Unchanged,Unchanged,,,,,,,,,
96801146,,trữ tình,2,Âm nhạc,trữ tình,2,Âm nhạc,No,Unchanged,Unchanged,,,,,,,,,
96841737,,bắt,2,Khác,minions,5,Phim hoạt hình,Yes,Changed,Khác -> Phim hoạt hình,,,,,,,,,
96858224,,cô giúp việc đáng yêu,2,Khác,ca nhạc,3,Âm nhạc,Yes,Changed,Khác -> Âm nhạc,,,,,,,,,
96885503,,kimetsu no yaiba,2,Anime,dr stone season 2,5,Anime,Yes,Unchanged,Unchanged,,,,,,,,,
96955397,,morbius,4,Khác,inu to hasami wa tsukaiyou,2,Khác,Yes,Unchanged,Unchanged,,,,,,,,,
96969846,,đội cứu hộ bãi biển,2,Khác,mở video nhạc hình,2,Khác,Yes,Unchanged,Unchanged,,,,,,,,,
97149590,,law of jungle,2,Khác,bắt ma phá án,2,Phim Hàn Quốc,Yes,Changed,Khác -> Phim Hàn Quốc,,,,,,,,,
97207812,,what if you re my boss,3,Khác,mr queen,2,Phim Hàn Quốc,Yes,Changed,Khác -> Phim Hàn Quốc,,,,,,,,,
97256333,,chiêu diêu,9,Phim Trung Quốc,hậu duệ mặt trời,7,Phim Hàn Quốc,Yes,Changed,Phim Trung Quốc -> Phim Hàn Quốc,,,,,,,,,
97283349,,men are men,4,Khác,overlord ii,2,Anime,Yes,Changed,Khác -> Anime,,,,,,,,,
97396743,,trần tình lệnh,2,Phim Trung Quốc,heo peppa,2,Phim hoạt hình,Yes,Changed,Phim Trung Quốc -> Phim hoạt hình,,,,,,,,,
97628651,,why her,2,Phim Hàn Quốc,gossip girl,2,Khác,Yes,Changed,Phim Hàn Quốc -> Khác,,,,,,,,,
97631936,,chúng ta không biết yêu,2,Phim Trung Quốc,em là thành tri doanh lu y của anh,2,Khác,Yes,Changed,Phim Trung Quốc -> Khác,,,,,,,,,
97652936,,thanh xuân vật vã,2,Phim Hàn Quốc,hoa gian tân nương,5,Phim Trung Quốc,Yes,Changed,Phim Hàn Quốc -> Phim Trung Quốc,,,,,,,,,
97909491,,47 ronin,2,Khác,lego,2,Khác,Yes,Unchanged,Unchanged,,,,,,,,,
97933649,,công chúa aurora,2,Khác,định mệnh anh yêu em,3,Phim Đài Loan,Yes,Changed,Khác -> Phim Đài Loan,,,,,,,,,
9810913,,siêu nhân,3,Phim hoạt hình,siêu nhân,2,Phim hoạt hình,No,Unchanged,Unchanged,,,,,,,,,
98159318,,momokuri,2,Khác,con tim sắt đá,2,Phim Thái Lan,Yes,Changed,Khác -> Phim Thái Lan,,,,,,,,,
98191629,,nhất dạ tân nương,2,Phim Trung Quốc,chàng hậu,2,Phim Hàn Quốc,Yes,Changed,Phim Trung Quốc -> Phim Hàn Quốc,,,,,,,,,
98273828,,trữ tình,20,Âm nhạc,trữ tình,14,Âm nhạc,No,Unchanged,Unchanged,,,,,,,,,
98448311,,nguyen long,2,Khác,one punch man,2,Anime,Yes,Changed,Khác -> Anime,,,,,,,,,
98468686,,ourblues,6,Khác,khach,2,Khác,Yes,Unchanged,Unchanged,,,,,,,,,
98587521,,chiêu diêu,3,Phim Trung Quốc,trời đẹp em sẽ đến,2,Khác,Yes,Changed,Phim Trung Quốc -> Khác,,,,,,,,,
98595411,,conan thám tử lừng danh,4,Anime,victoria s secret fashion show,3,Khác,Yes,Changed,Anime -> Khác,,,,,,,,,
98661218,,chiêu trò lừa gạt,2,Phim Thái Lan,xin chào tay súng thần,2,Khác,Yes,Changed,Phim Thái Lan -> Khác,,,,,,,,,
98685871,,hậu duệ mặt trời,2,Phim Hàn Quốc,con tim sắt đá,3,Phim Thái Lan,Yes,Changed,Phim Hàn Quốc -> Phim Thái Lan,,,,,,,,,
98747045,,bắt ma phá án,2,Phim Hàn Quốc,chú thuật hồi chiến,2,Anime,Yes,Changed,Phim Hàn Quốc -> Anime,,,,,,,,,
98769057,,running man,3,Chương trình truyền hình,running man,2,Chương trình truyền hình,No,Unchanged,Unchanged,,,,,,,,,
98815954,,giọng hát việt 2018,7,Khác,giọng hát việt 2018,3,Khác,No,Unchanged,Unchanged,,,,,,,,,
98878075,,xoi lac tv,2,Khác,nontop2020,19,Khác,Yes,Unchanged,Unchanged,,,,,,,,,
99123308,,tha t,2,Khác,animal world in fairy tales,2,Khác,Yes,Unchanged,Unchanged,,,,,,,,,
99181526,,hoán mệnh,2,Phim ảnh,vòng trời ôm đất,2,Khác,Yes,Changed,Phim ảnh -> Khác,,,,,,,,,
99223709,,liên minh công lý phiên bản của zack snyder,2,phiên bản của zack snyder : Phim chiếu rạp / Siêu anh hùng,tây du ký,3,Phim Trung Quốc,Yes,Changed,phiên bản của zack snyder : Phim chiếu rạp / Siêu anh hùng -> Phim Trung Quốc,,,,,,,,,
99493470,,dr stone,2,Anime,sex,2,Nhạy cảm,Yes,Changed,Anime -> Nhạy cảm,,,,,,,,,
99502126,,why her,2,Phim Hàn Quốc,thẩm phán ác ma,4,Phim Hàn Quốc,Yes,Unchanged,Unchanged,,,,,,,,,
99527536,,chúa nhẫn,2,Khác,overlord iii,2,Anime,Yes,Changed,Khác -> Anime,,,,,,,,,
99691859,,ve d,4,Khác,ve de,2,Khác,Yes,Unchanged,Unchanged,,,,,,,,,
99723335,,hoa c,12,Khác,vô tình nhặt được tổng tài,4,Phim Trung Quốc,Yes,Changed,Khác -> Phim Trung Quốc,,,,,,,,,
99744361,,mưa rừng,2,Khác,thiếu nhi,3,Tìm kiếm chung,Yes,Changed,Khác -> Tìm kiếm chung,,,,,,,,,
99836445,,jujutsu kaisen,3,Anime,jujutsu kaisen,2,Anime,No,Unchanged,Unchanged,,,,,,,,,
99889398,,bolero,14,Âm nhạc,bolero,4,Âm nhạc,No,Unchanged,Unchanged,,,,,,,,,
99927386,,cánh hoa danh vọng,22,Khác,thanh xuân tu tảo vi,13,Khác,Yes,Unchanged,Unchanged,,,,,,,,,
99938574,,em là thành trì doanh lũy của anh,2,Phim Trung Quốc,nhất dạ tân nương,3,Phim Trung Quốc,Yes,Unchanged,Unchanged,,,,,,,,,
0070239,,sự phản công,2,Khác,ngôi trường xác sống,2,Khác,Yes,Unchanged,Unchanged,,,,,,,,,
0132935,,the pink panther show,5,Khác,lửa chiến,2,Khác,Yes,Unchanged,Unchanged,,,,,,,,,
0330468,,shoo,2,Khác,desp,3,Khác,Yes,Unchanged,Unchanged,,,,,,,,,
0364711,,siêu nhân,7,Phim hoạt hình,battlebots,4,Khác,Yes,Changed,Phim hoạt hình -> Khác,,,,,,,,,
0430356,,pig,2,Động vật,pig,4,Động vật,No,Unchanged,Unchanged,,,,,,,,,
0573348,,queendom,2,Chương trình Hàn Quốc,queendom,8,Chương trình Hàn Quốc,No,Unchanged,Unchanged,,,,,,,,,
06000523,,fairy tail,2,Anime,thủ lĩnh thẻ bài,2,Anime,Yes,Unchanged,Unchanged,,,,,,,,,
06009989,,bang c,2,Khác,ho so,4,Khác,Yes,Unchanged,Unchanged,,,,,,,,,
06011005,,vẻ đẹp đích thực,2,Phim Hàn Quốc,kí ức,2,Khác,Yes,Changed,Phim Hàn Quốc -> Khác,,,,,,,,,
06013980,,chàng hậu,8,Phim Hàn Quốc,chàng hậu,2,Phim Hàn Quốc,No,Unchanged,Unchanged,,,,,,,,,
06016713,,my hero academia,13,Khác,my hero academia,20,Khác,No,Unchanged,Unchanged,,,,,,,,,
06022215,,chàng hậu,14,Phim Hàn Quốc,vô tình nhặt được tổng tài,6,Phim Trung Quốc,Yes,Changed,Phim Hàn Quốc -> Phim Trung Quốc,,,,,,,,,
06022488,,ủa,2,Khác,siêu nhân,11,Phim hoạt hình,Yes,Changed,Khác -> Phim hoạt hình,,,,,,,,,
06025288,,demon slayer mugen train arc,5,mugen train arc : Anime,demon slayer,2,mugen train arc : Anime,Yes,Unchanged,Unchanged,,,,,,,,,
06025862,,thức tỉnh,2,Khác,lookout,3,Khác,Yes,Unchanged,Unchanged,,,,,,,,,
06043203,,mặt trời của chàng joo,2,Khác,tinh hà xán lạn,2,Phim Trung Quốc,Yes,Changed,Khác -> Phim Trung Quốc,,,,,,,,,
06057067,,fast furious 6,2,Phim chiếu rạp / Hành động,thủ lĩnh bóng tối,2,Khác,Yes,Changed,Phim chiếu rạp / Hành động -> Khác,,,,,,,,,
06059051,,pháp y,4,Khác,bác sĩ,2,Y khoa,Yes,Changed,Khác -> Y khoa,,,,,,,,,
06059854,,cuộc chiến thượng lưu 3,2,Phim Hàn Quốc,ngọn gió đời tôi,2,Khác,Yes,Changed,Phim Hàn Quốc -> Khác,,,,,,,,,
06066388,,hoa du ký,4,Phim Hàn Quốc,thiên nga bóng đêm,2,Phim Hàn Quốc,Yes,Unchanged,Unchanged,,,,,,,,,
06067369,,siêu nhân,7,Phim hoạt hình,siêu nhân,3,Phim hoạt hình,No,Unchanged,Unchanged,,,,,,,,,
06080808,,ngu giao ky,2,Khác,yêu tinh,4,Phim Hàn Quốc,Yes,Changed,Khác -> Phim Hàn Quốc,,,,,,,,,
06082991,,miễn bay trời còn có mặt troi,4,Khác,miễn bay trời còn có mặt troi,4,Khác,No,Unchanged,Unchanged,,,,,,,,,
06083914,,fairy tail,9,Anime,sakura thủ lĩnh thẻ bài,2,Anime,Yes,Unchanged,Unchanged,,,,,,,,,
06087367,,sao băng,8,Khác,ve de,17,Khác,Yes,Unchanged,Unchanged,,,,,,,,,
06088778,,thư ký kim sao thế,12,Phim Hàn Quốc,shooting stars,4,Phim Hàn Quốc,Yes,Unchanged,Unchanged,,,,,,,,,
06096965,,trò chơi sinh tử,3,Khác,gate,3,Khác,Yes,Unchanged,Unchanged,,,,,,,,,
0612792,,thám tử k ma cà rồng báo thù,3,Khác,người nhện trở về nhà,2,không còn nhà : Phim chiếu rạp / Siêu anh hùng,Yes,Changed,Khác -> không còn nhà : Phim chiếu rạp / Siêu anh hùng,,,,,,,,,
06407127,,giọng hát việt nhí 2018,3,Khác,nữ luật sư kì lạ,3,Khác,Yes,Unchanged,Unchanged,,,,,,,,,
06410365,,triệu lộ tư,2,Khác,thư ký kim sao thế,4,Phim Hàn Quốc,Yes,Changed,Khác -> Phim Hàn Quốc,,,,,,,,,
06437188,,chàng hậu,2,Phim Hàn Quốc,ngày một người không còn là tất cả,2,Khác,Yes,Changed,Phim Hàn Quốc -> Khác,,,,,,,,,
06442148,,boku no hero academia season 1,3,Anime,sakura thủ lĩnh thẻ bài,2,Anime,Yes,Unchanged,Unchanged,,,,,,,,,
06449840,,cô nàng đầu bếp của tôi,2,Phim Thái Lan,phim sam,2,Khác,Yes,Changed,Phim Thái Lan -> Khác,,,,,,,,,
06483916,,cuộc chiến thượng lưu 3,2,Phim Hàn Quốc,võ tắc thiên,2,Phim Trung Quốc,Yes,Changed,Phim Hàn Quốc -> Phim Trung Quốc,,,,,,,,,
06485046,,quảng ninh,2,Khác,trữ tình,2,Âm nhạc,Yes,Changed,Khác -> Âm nhạc,,,,,,,,,
06803154,,vườn sao băng,2,Khác,thiên cổ quyết trần,2,Phim Trung Quốc,Yes,Changed,Khác -> Phim Trung Quốc,,,,,,,,,
06822842,,chien khu 86,2,Khác,chuyện tình thanh xuân bi hài,2,Khác,Yes,Unchanged,Unchanged,,,,,,,,,
06823123,,ca m,4,Khác,thanh xuân tu tảo vi,2,Khác,Yes,Unchanged,Unchanged,,,,,,,,,
06828181,,bạch ngọc nhớ vô hà,3,Khác,lưu ly mỹ nhân sát,4,Phim Trung Quốc,Yes,Changed,Khác -> Phim Trung Quốc,,,,,,,,,
06891436,,sự trỗi dậy của khiên hiệp sĩ,2,Anime,khie,2,Khác,Yes,Changed,Anime -> Khác,,,,,,,,,
0875876,,vân tịch truyện,3,Phim Trung Quốc,tieu thu qua den va tien sinh,2,Khác,Yes,Changed,Phim Trung Quốc -> Khác,,,,,,,,,
0932639,,penthouse 3,7,Phim Hàn Quốc,nhanh và nguy hiểm 9,8,Phim chiếu rạp / Hành động,Yes,Changed,Phim Hàn Quốc -> Phim chiếu rạp / Hành động,,,,,,,,,
1007652,,mouse,2,Phim Hàn Quốc,tìm kiếm bằng giọng nói,4,Tìm kiếm chung / Chức năng,Yes,Changed,Phim Hàn Quốc -> Tìm kiếm chung / Chức năng,,,,,,,,,
1016472,,những chàng trai tham vọng,2,Phim Thái Lan,ai là nữ hoàng,2,Khác,Yes,Changed,Phim Thái Lan -> Khác,,,,,,,,,
1198008,,tìm kiếm bằng giọng nói,7,Tìm kiếm chung / Chức năng,lovers of the red sky,3,Khác,Yes,Changed,Tìm kiếm chung / Chức năng -> Khác,,,,,,,,,
1220057,,running,2,Khác,thử thách thần chết giữa hai thế giới,2,giữa hai thế giới : Phim chiếu rạp / Giả tưởng,Yes,Changed,Khác -> giữa hai thế giới : Phim chiếu rạp / Giả tưởng,,,,,,,,,
1595285,,mở con bò,9,Khác,mở con vịt,4,Khác,Yes,Unchanged,Unchanged,,,,,,,,,
169556,,hoàng hậu cuối cùng,2,Phim Hàn Quốc,hoa du ký,4,Phim Hàn Quốc,Yes,Unchanged,Unchanged,,,,,,,,,
1760132,,siêu nhân,20,Phim hoạt hình,siêu nhân,2,Phim hoạt hình,No,Unchanged,Unchanged,,,,,,,,,
1779013,,minh l,2,Khác,vườn sao băng thai,3,Khác,Yes,Unchanged,Unchanged,,,,,,,,,
1906543,,bai hoc c,4,Khác,qua tang cuoc,2,Khác,Yes,Unchanged,Unchanged,,,,,,,,,
1916497,,em đẹp nhất là khi mỉm cười,2,Phim Trung Quốc,lam diễm đột kích,2,Khác,Yes,Changed,Phim Trung Quốc -> Khác,,,,,,,,,
1946154,,tăng thuấn hi,2,Khác,như ý truyện,2,Phim Trung Quốc,Yes,Changed,Khác -> Phim Trung Quốc,,,,,,,,,
2329235,,random dan,3,Khác,on troi cau,2,Khác,Yes,Unchanged,Unchanged,,,,,,,,,
234940,,dts,2,Khác,sportbiz,2,Khác,Yes,Unchanged,Unchanged,,,,,,,,,
2361653,,ve de,2,Khác,cô nàng xinh đẹp,2,Phim Hàn Quốc,Yes,Changed,Khác -> Phim Hàn Quốc,,,,,,,,,
2612720,,naruto,19,Anime,doremon,13,Anime,Yes,Unchanged,Unchanged,,,,,,,,,
2643693,,khong chung bau troi,2,Khác,song gio cuoc doi,2,Khác,Yes,Unchanged,Unchanged,,,,,,,,,
2643980,,đám cưới như mơ,3,Khác,dù thế nào anh vẫn yêu em,2,Khác,Yes,Unchanged,Unchanged,,,,,,,,,
2912078,,mở baby shark,2,Âm nhạc thiếu nhi,baby shark,2,Âm nhạc thiếu nhi,Yes,Unchanged,Unchanged,,,,,,,,,
2922344,,tieu nu nghe thuong,2,Khác,cam y,63,Khác,Yes,Unchanged,Unchanged,,,,,,,,,
3033247,,sao băng,8,Khác,cô nàng trong trắng oh woo ri,6,Phim Hàn Quốc,Yes,Changed,Khác -> Phim Hàn Quốc,,,,,,,,,
3655408,,diên hy công lược,4,Phim Trung Quốc,attack on titan season 4,6,Anime,Yes,Changed,Phim Trung Quốc -> Anime,,,,,,,,,
3760878,,pokemon,2,Anime,despicable me,2,Phim hoạt hình,Yes,Changed,Anime -> Phim hoạt hình,,,,,,,,,
378026,,overlord iii,2,Anime,đao kiếm thần vực,2,Khác,Yes,Changed,Anime -> Khác,,,,,,,,,
383490,,baby shark,6,Âm nhạc thiếu nhi,baby shark,4,Âm nhạc thiếu nhi,No,Unchanged,Unchanged,,,,,,,,,
3871835,,sao băng,2,Khác,nuluatsukyla,3,Khác,Yes,Unchanged,Unchanged,,,,,,,,,
3905475,,cuộc sống thượng lưu,4,Phim Hàn Quốc,tìm kiếm bằng giọng nói,2,Tìm kiếm chung / Chức năng,Yes,Changed,Phim Hàn Quốc -> Tìm kiếm chung / Chức năng,,,,,,,,,
40003822,,ke quyen ru dai tai,2,Khác,snowdrop,4,Khác,Yes,Unchanged,Unchanged,,,,,,,,,
40063326,,cô nàng trong trắng oh woo ri,2,Phim Hàn Quốc,cuộc chiến,2,Khác,Yes,Changed,Phim Hàn Quốc -> Khác,,,,,,,,,
40071159,,yêu nhầm chị dâu yêu nhầm chị dâu,2,Phim Thái Lan,lưu ly mỹ nhân sát,2,Phim Trung Quốc,Yes,Changed,Phim Thái Lan -> Phim Trung Quốc,,,,,,,,,
40076216,,bắt ma phá án,2,Phim Hàn Quốc,cô nàng trong trắng oh woo ri,2,Phim Hàn Quốc,Yes,Unchanged,Unchanged,,,,,,,,,
40076606,,duy khánh,2,Người nổi tiếng,tình ca quê hương,3,Khác,Yes,Changed,Người nổi tiếng -> Khác,,,,,,,,,
40080553,,talking tom and friends,2,Khác,play together,4,Khác,Yes,Unchanged,Unchanged,,,,,,,,,
40134941,,sword a,3,Anime,thánh lười tanaka,6,Khác,Yes,Changed,Anime -> Khác,,,,,,,,,
40177464,,vĩnh long,7,Khác,nghe chương trình vĩnh long,2,Khác,Yes,Unchanged,Unchanged,,,,,,,,,
4032908,,thiếu niên tứ đại danh bổ,2,Khác,luận anh hùng,2,Khác,Yes,Unchanged,Unchanged,,,,,,,,,
40358718,,sam sam đến rồi,2,Phim Trung Quốc,thanh gươm diệt quỷ phần kỹ viện trấn,2,Anime,Yes,Changed,Phim Trung Quốc -> Anime,,,,,,,,,
40386726,,sự khởi đầu,3,Khác,khi người đàn ông yêu,2,Khác,Yes,Unchanged,Unchanged,,,,,,,,,
40419662,,sao băng,2,Khác,hotel del luna,2,Khác,Yes,Unchanged,Unchanged,,,,,,,,,
40476552,,quỳnh như,3,Khác,quỳnh như,5,Khác,No,Unchanged,Unchanged,,,,,,,,,
40504958,,fairy tail,2,Anime,minio,2,Khác,Yes,Changed,Anime -> Khác,,,,,,,,,
40512611,,bolero,6,Âm nhạc,bolero,11,Âm nhạc,No,Unchanged,Unchanged,,,,,,,,,
40525576,,thử thách thần chết giữa hai thế giới,7,giữa hai thế giới : Phim chiếu rạp / Giả tưởng,ký sinh trùng,3,Khác,Yes,Changed,giữa hai thế giới : Phim chiếu rạp / Giả tưởng -> Khác,,,,,,,,,
40625215,,bolero,2,Âm nhạc,liên khúc bolero,2,Âm nhạc,Yes,Unchanged,Unchanged,,,,,,,,,
40662821,,ngôi sao khoai tây,2,Phim Hàn Quốc,ngôi sao khoai tây,6,Phim Hàn Quốc,No,Unchanged,Unchanged,,,,,,,,,
40682530,,mở nhạc vàng,8,Khác,mở nhạc vàng,3,Khác,No,Unchanged,Unchanged,,,,,,,,,
40701358,,yêu tinh,3,Phim Hàn Quốc,taxi driver,2,Phim Hàn Quốc,Yes,Unchanged,Unchanged,,,,,,,,,
40734381,,cô bé masha và chú gấu xiếc,4,Phim hoạt hình,ấu trùng tinh nghịch,2,Phim hoạt hình,Yes,Unchanged,Unchanged,,,,,,,,,
40773465,,dundirk,3,Khác,minion,7,Phim hoạt hình,Yes,Changed,Khác -> Phim hoạt hình,,,,,,,,,
40864196,,penthouse 2,3,Phim Hàn Quốc,gintama,2,Anime,Yes,Changed,Phim Hàn Quốc -> Anime,,,,,,,,,
40923330,,tây du ký,3,Phim Trung Quốc,tôi thấy hoa vàng trên cỏ xanh,2,Phim Việt Nam,Yes,Changed,Phim Trung Quốc -> Phim Việt Nam,,,,,,,,,
40935245,,bolero,14,Âm nhạc,bolero,21,Âm nhạc,No,Unchanged,Unchanged,,,,,,,,,
40945320,,lego,6,Khác,hoa thiên cốt,9,Phim Trung Quốc,Yes,Changed,Khác -> Phim Trung Quốc,,,,,,,,,
41092164,,xem ra em rất ngọt ngào,4,Khác,hau d,3,Khác,Yes,Unchanged,Unchanged,,,,,,,,,
41131205,,hkt,2,Khác,tôi thấy hoa vàng trên cỏ xanh,2,Phim Việt Nam,Yes,Changed,Khác -> Phim Việt Nam,,,,,,,,,
41143713,,cậu bé rừng xanh,2,Khác,siêu nhân,2,Phim hoạt hình,Yes,Changed,Khác -> Phim hoạt hình,,,,,,,,,
41232667,,jujutsu kaisen,3,Anime,luu l,7,Khác,Yes,Changed,Anime -> Khác,,,,,,,,,
41233081,,một con vịt,4,Âm nhạc thiếu nhi,một con vịt,2,Âm nhạc thiếu nhi,No,Unchanged,Unchanged,,,,,,,,,
41238842,,yêu thầm anh xã,3,Phim Thái Lan,yêu thầm anh xã,4,Phim Thái Lan,No,Unchanged,Unchanged,,,,,,,,,
41246755,,bolero,2,Âm nhạc,bolero,2,Âm nhạc,No,Unchanged,Unchanged,,,,,,,,,
41262647,,vẻ đẹp đích thực,2,Phim Hàn Quốc,ve d,2,Khác,Yes,Changed,Phim Hàn Quốc -> Khác,,,,,,,,,
41268508,,shooting stars,6,Phim Hàn Quốc,goblin,4,Phim Hàn Quốc,Yes,Unchanged,Unchanged,,,,,,,,,
41280354,,ca nhạc,2,Âm nhạc,ca nhạc,3,Âm nhạc,No,Unchanged,Unchanged,,,,,,,,,
41311969,,lưỡi gươm diệt quỷ,5,Anime,thanh gươm diệt quỷ phần kỹ viện trấn,5,Anime,Yes,Unchanged,Unchanged,,,,,,,,,
41336167,,vtv6,2,Kênh truyền hình,bé tập đánh răng,2,Khác,Yes,Changed,Kênh truyền hình -> Khác,,,,,,,,,
4136420,,kobayashis,3,Khác,shinka no mi,2,Khác,Yes,Unchanged,Unchanged,,,,,,,,,
41381307,,hlv uae thắng việt nam là trận đấu hay nhất của chúng tôi,6,Khác,hlv uae thắng việt nam là trận đấu hay nhất của chúng tôi,9,Khác,No,Unchanged,Unchanged,,,,,,,,,
4139425,,thiếu nhi,20,Tìm kiếm chung,thiếu nhi,13,Tìm kiếm chung,No,Unchanged,Unchanged,,,,,,,,,
41406630,,mối tình đầu của tôi,2,Phim Việt Nam,giọng hát việt nhí 2016,3,Khác,Yes,Changed,Phim Việt Nam -> Khác,,,,,,,,,
41410846,,xi trum,2,Khác,cardcaptor sakura,2,Anime,Yes,Changed,Khác -> Anime,,,,,,,,,
41413030,,paw patrol pups save skye,4,Phim hoạt hình,paw patrol cứu chiếc bánh pizza,2,Phim hoạt hình,Yes,Unchanged,Unchanged,,,,,,,,,
41414481,,saki,4,Khác,izuma,2,Khác,Yes,Unchanged,Unchanged,,,,,,,,,
41443333,,monkey,2,Khác,siêu nhân,5,Phim hoạt hình,Yes,Changed,Khác -> Phim hoạt hình,,,,,,,,,
41476573,,the thing,2,Khác,vô ảnh,2,Khác,Yes,Unchanged,Unchanged,,,,,,,,,
41567719,,một con vịt,19,Âm nhạc thiếu nhi,liên minh công lý phiên bản của zack snyder,2,phiên bản của zack snyder : Phim chiếu rạp / Siêu anh hùng,Yes,Changed,Âm nhạc thiếu nhi -> phiên bản của zack snyder : Phim chiếu rạp / Siêu anh hùng,,,,,,,,,
41574965,,haikyuu,2,Anime,doremon,4,Anime,Yes,Unchanged,Unchanged,,,,,,,,,
41610251,,võ mỵ nương truyền kỳ,2,Phim Trung Quốc,lee dong wook,2,Khác,Yes,Changed,Phim Trung Quốc -> Khác,,,,,,,,,
41665541,,trữ tình,2,Âm nhạc,trữ tình,2,Âm nhạc,No,Unchanged,Unchanged,,,,,,,,,
41667225,,penthouse 2,2,Phim Hàn Quốc,baby boss,2,Khác,Yes,Changed,Phim Hàn Quốc -> Khác,,,,,,,,,
41771574,,nữ thanh tra tài ba,4,Phim Hàn Quốc,dr stone season 2,4,Anime,Yes,Changed,Phim Hàn Quốc -> Anime,,,,,,,,,
41778174,,mị nguyệt truyện,2,Phim Trung Quốc,cao lương đỏ,2,Khác,Yes,Changed,Phim Trung Quốc -> Khác,,,,,,,,,
41781907,,đấu trường âm nhạc,2,Chương trình truyền hình,đấu trường âm nhạc,2,Chương trình truyền hình,No,Unchanged,Unchanged,,,,,,,,,
41855746,,thủy hử,20,Khác,người gác đêm,3,Khác,Yes,Unchanged,Unchanged,,,,,,,,,
41865052,,american wrestler the wizard,5,the wizard : Phim chiếu rạp,american wrestler the wizard,4,the wizard : Phim chiếu rạp,No,Unchanged,Unchanged,,,,,,,,,
41929735,,nhac tre ri mix,2,Khác,cinderella,2,Phim chiếu rạp,Yes,Changed,Khác -> Phim chiếu rạp,,,,,,,,,
41937553,,mở youtube ca nhạc trữ tình,2,Âm nhạc,mở youtube ca nhạc trữ tình,3,Âm nhạc,No,Unchanged,Unchanged,,,,,,,,,
41980258,,hương mật tựa khói sương,7,Phim Trung Quốc,true,2,Khác,Yes,Changed,Phim Trung Quốc -> Khác,,,,,,,,,
42004985,,nàng bạch tuyết và bảy chú lùn,2,Phim hoạt hình,mẹ ma,2,Phim chiếu rạp / Kinh dị,Yes,Changed,Phim hoạt hình -> Phim chiếu rạp / Kinh dị,,,,,,,,,
42024506,,ta va,6,Khác,nhat d,7,Khác,Yes,Unchanged,Unchanged,,,,,,,,,
42072173,,love,2,Khác,bạch xàː duyên khởi,2,Khác,Yes,Unchanged,Unchanged,,,,,,,,,
42075894,,lk chieu mua,2,Khác,pim tihu nienn duong gia,2,Khác,Yes,Unchanged,Unchanged,,,,,,,,,
42086095,,matoiladaigia,2,Khác,định mệnh anh yêu em,2,Phim Đài Loan,Yes,Changed,Khác -> Phim Đài Loan,,,,,,,,,
4210048,,na tra ma đồng giáng thế,2,ma đồng giáng thế : Phim hoạt hình,soma,2,Anime,Yes,Changed,ma đồng giáng thế : Phim hoạt hình -> Anime,,,,,,,,,
42117750,,quyết đấu 4,2,Khác,siêu nhân,2,Phim hoạt hình,Yes,Changed,Khác -> Phim hoạt hình,,,,,,,,,
42119682,,siêu nhân,2,Phim hoạt hình,siêu nhân,2,Phim hoạt hình,No,Unchanged,Unchanged,,,,,,,,,
42130503,,cô dâu 8 tuổi,2,Khác,bolero,2,Âm nhạc,Yes,Changed,Khác -> Âm nhạc,,,,,,,,,
42142650,,con cào cào,4,Âm nhạc thiếu nhi,baby shark,2,Âm nhạc thiếu nhi,Yes,Unchanged,Unchanged,,,,,,,,,
42186554,,sống,4,Khác,naked,3,Khác,Yes,Unchanged,Unchanged,,,,,,,,,
42186770,,eve,2,Phim Hàn Quốc,anna,2,Phim Hàn Quốc,Yes,Unchanged,Unchanged,,,,,,,,,
42191161,,daehan minguk manse,5,Khác,phép màu,2,Khác,Yes,Unchanged,Unchanged,,,,,,,,,
42193088,,naruto,6,Anime,overlord ii,5,Anime,Yes,Unchanged,Unchanged,,,,,,,,,
42205396,,liên minh công lý phiên bản của zack snyder,2,phiên bản của zack snyder : Phim chiếu rạp / Siêu anh hùng,liên minh công lý phiên bản của zack snyder,3,phiên bản của zack snyder : Phim chiếu rạp / Siêu anh hùng,No,Unchanged,Unchanged,,,,,,,,,
42212286,,trốn thoát,2,Khác,tuyển tập phim ngắn việt nam,2,phim ngắn việt nam : Phim Việt Nam,Yes,Changed,Khác -> phim ngắn việt nam : Phim Việt Nam,,,,,,,,,
42216769,,nhat ky thuong,2,Khác,yoga,2,Khác,Yes,Unchanged,Unchanged,,,,,,,,,
42258557,,phim việt,2,Khác,phim việt,3,Khác,No,Unchanged,Unchanged,,,,,,,,,
42269085,,co n,13,Khác,co n,11,Khác,No,Unchanged,Unchanged,,,,,,,,,
42274082,,liên khúc bolero,5,Âm nhạc,liên khúc bolero,2,Âm nhạc,No,Unchanged,Unchanged,,,,,,,,,
42280097,,bài hát tập thể dục buổi sáng,3,Khác,vtv1,19,Kênh truyền hình,Yes,Changed,Khác -> Kênh truyền hình,,,,,,,,,
42295725,,công viên kỷ,2,Khác,con tàu ma,2,Tâm linh,Yes,Changed,Khác -> Tâm linh,,,,,,,,,
42306246,,những chiến binh áo trắng phần 3,2,Khác,vua bếp soma phần 2,3,Anime,Yes,Changed,Khác -> Anime,,,,,,,,,
42315085,,paw patrol,5,Phim hoạt hình,paw patrol,6,Phim hoạt hình,No,Unchanged,Unchanged,,,,,,,,,
42327069,,boruto naruto the movie,4,Anime,boruto naruto the movie,6,Anime,No,Unchanged,Unchanged,,,,,,,,,
42330437,,đại chiến sinh tử,2,Khác,vtv1,10,Kênh truyền hình,Yes,Changed,Khác -> Kênh truyền hình,,,,,,,,,
42340727,,hội pháp sư,3,Anime,one punch man,2,Anime,Yes,Unchanged,Unchanged,,,,,,,,,
42344685,,liên minh công lý phiên bản của zack snyder,2,phiên bản của zack snyder : Phim chiếu rạp / Siêu anh hùng,liên minh công lý phiên bản của zack snyder,2,phiên bản của zack snyder : Phim chiếu rạp / Siêu anh hùng,No,Unchanged,Unchanged,,,,,,,,,
42350451,,hiep si,17,Khác,bong chuyen,2,Khác,Yes,Unchanged,Unchanged,,,,,,,,,
42362521,,học viện anh hùng phần 5,2,Anime,lang nha bảng,2,Khác,Yes,Changed,Anime -> Khác,,,,,,,,,
42392360,,thiếu nhi,4,Tìm kiếm chung,trữ tình,2,Âm nhạc,Yes,Changed,Tìm kiếm chung -> Âm nhạc,,,,,,,,,
42423383,,fairy tail,2,Anime,lưỡi gươm diệt quỷ,3,Anime,Yes,Unchanged,Unchanged,,,,,,,,,
42429689,,gửi thời thanh xuân,2,Khác,sao băng,2,Khác,Yes,Unchanged,Unchanged,,,,,,,,,
42469661,,he thong tu cuu,2,Khác,da y hanh,2,Khác,Yes,Unchanged,Unchanged,,,,,,,,,
42470760,,yêu tinh,2,Phim Hàn Quốc,người nhện không còn nhà,2,không còn nhà : Phim chiếu rạp / Siêu anh hùng,Yes,Changed,Phim Hàn Quốc -> không còn nhà : Phim chiếu rạp / Siêu anh hùng,,,,,,,,,
42471556,,xem ca nhạc,3,Âm nhạc,tuyển tập phim ngắn việt nam,4,phim ngắn việt nam : Phim Việt Nam,Yes,Changed,Âm nhạc -> phim ngắn việt nam : Phim Việt Nam,,,,,,,,,
42492677,,chuyen tau sinh tu,2,Khác,one punch man,3,Anime,Yes,Changed,Khác -> Anime,,,,,,,,,
42517729,,bạn muốn hẹn hò,5,Chương trình truyền hình,bạn muốn hẹn hò,8,Chương trình truyền hình,No,Unchanged,Unchanged,,,,,,,,,
42525181,,hài kịch,3,Khác,khương tử nha,3,Khác,Yes,Unchanged,Unchanged,,,,,,,,,
42543813,,hải,3,Khác,hải,2,Khác,No,Unchanged,Unchanged,,,,,,,,,
42570656,,người dự báo thời tiết,2,Khác,điểm,2,Khác,Yes,Unchanged,Unchanged,,,,,,,,,
42580878,,siêu nhân,3,Phim hoạt hình,tôi thấy hoa vàng trên cỏ xanh,2,Phim Việt Nam,Yes,Changed,Phim hoạt hình -> Phim Việt Nam,,,,,,,,,
42585156,,con tim sắt đá,2,Phim Thái Lan,cưa đổ nàng sếp,2,Khác,Yes,Changed,Phim Thái Lan -> Khác,,,,,,,,,
42588100,,thử thách thần tượng,2,Chương trình truyền hình,runni,2,Khác,Yes,Changed,Chương trình truyền hình -> Khác,,,,,,,,,
42630612,,thế giới động vật,13,Tìm kiếm chung / Tài liệu,thế giới động vật,6,Tìm kiếm chung / Tài liệu,No,Unchanged,Unchanged,,,,,,,,,
42632827,,bí mật nơi gốc tối,2,Khác,lưu ly mỹ nhân sát,2,Phim Trung Quốc,Yes,Changed,Khác -> Phim Trung Quốc,,,,,,,,,
42637395,,bí mật nơi góc tối,2,Khác,gửi thời thanh xuân ngây thơ tươi đẹp,2,Phim Trung Quốc,Yes,Changed,Khác -> Phim Trung Quốc,,,,,,,,,
42643740,,ambulance,2,Khác,one p,6,Khác,Yes,Unchanged,Unchanged,,,,,,,,,
42652412,,tấm cám chuyện chưa kể,2,chuyện chưa kể : Phim Việt Nam,bố là tất cả,10,Khác,Yes,Changed,chuyện chưa kể : Phim Việt Nam -> Khác,,,,,,,,,
42652695,,taxi em tên gì,2,Phim Việt Nam,xvideo,5,Khác,Yes,Changed,Phim Việt Nam -> Khác,,,,,,,,,
42703683,,khmer,5,Văn hóa / Dân tộc,bean,2,Khác,Yes,Changed,Văn hóa / Dân tộc -> Khác,,,,,,,,,
42724349,,chú cừu shaun,2,Khác,nhím sonic,2,Khác,Yes,Unchanged,Unchanged,,,,,,,,,
42731337,,ben10,10,Khác,baby shark remix,4,Âm nhạc thiếu nhi,Yes,Changed,Khác -> Âm nhạc thiếu nhi,,,,,,,,,
42734735,,bolero,2,Âm nhạc,bolero,2,Âm nhạc,No,Unchanged,Unchanged,,,,,,,,,
42755858,,mầm sống hiểm họa,2,Khác,googie,3,Khác,Yes,Unchanged,Unchanged,,,,,,,,,
42799731,,cua lại vợ bầu,2,Khác,fairy tail,2,Anime,Yes,Changed,Khác -> Anime,,,,,,,,,
42853848,,pháp y tần minh người đọc tâm,4,người đọc tâm : Phim Trung Quốc,minh châu rực rỡ,2,Phim Thái Lan,Yes,Changed,người đọc tâm : Phim Trung Quốc -> Phim Thái Lan,,,,,,,,,
42904148,,lưu ly mỹ nhân sát,7,Phim Trung Quốc,con tim sắt đá,2,Phim Thái Lan,Yes,Changed,Phim Trung Quốc -> Phim Thái Lan,,,,,,,,,
42911797,,mở,4,Khác,mở chôm chôm,5,Khác,Yes,Unchanged,Unchanged,,,,,,,,,
42921574,,thanh gươm diệt quỷ 1,2,Anime,người thầy y đức,2,Phim Hàn Quốc,Yes,Changed,Anime -> Phim Hàn Quốc,,,,,,,,,
42929308,,mimi,6,Khác,mimi,2,Khác,No,Unchanged,Unchanged,,,,,,,,,
42955511,,harry potter,3,Phim chiếu rạp / Giả tưởng,cơn thịnh nộ chết người,2,Khác,Yes,Changed,Phim chiếu rạp / Giả tưởng -> Khác,,,,,,,,,
42957030,,kênh truyền hình vtc2,2,Khác,vtc8,5,Khác,Yes,Unchanged,Unchanged,,,,,,,,,
42959196,,baby shark,2,Âm nhạc thiếu nhi,alibaba,2,Khác,Yes,Changed,Âm nhạc thiếu nhi -> Khác,,,,,,,,,
42959839,,thanh gươm diệt quỷ chuyến tàu vô tận,2,Anime,hội pháp sư phần cuối,2,Anime,Yes,Unchanged,Unchanged,,,,,,,,,
42986759,,cặp đôi trái ngược,2,Phim Hàn Quốc,mối tình,2,Khác,Yes,Changed,Phim Hàn Quốc -> Khác,,,,,,,,,
43058380,,kekk,2,Khác,vanitas no karte,2,Khác,Yes,Unchanged,Unchanged,,,,,,,,,
43158661,,liên minh công lý phiên bản của zack snyder,5,phiên bản của zack snyder : Phim chiếu rạp / Siêu anh hùng,liên minh công lý phiên bản của zack snyder,10,phiên bản của zack snyder : Phim chiếu rạp / Siêu anh hùng,No,Unchanged,Unchanged,,,,,,,,,
43216557,,chu,2,Khác,attack,3,Khác,Yes,Unchanged,Unchanged,,,,,,,,,
43238960,,bất chợt tìm thấy cậu,5,Khác,đừng gọi anh là cậu chủ,4,Khác,Yes,Unchanged,Unchanged,,,,,,,,,
43277463,,mở cải lương,2,Âm nhạc,mở cải lương,3,Âm nhạc,No,Unchanged,Unchanged,,,,,,,,,
43278488,,khách sạn transylvania,2,Khác,conan,3,Anime,Yes,Changed,Khác -> Anime,,,,,,,,,
43370304,,falling into your smile,4,Khác,cô thắm về làng,2,Khác,Yes,Unchanged,Unchanged,,,,,,,,,
43373165,,cảnh đẹp ngày vui biết bao giờ,2,Phim Trung Quốc,mộng hoa lục,2,Phim ảnh,Yes,Changed,Phim Trung Quốc -> Phim ảnh,,,,,,,,,
43462782,,gau,13,Khác,chuyen co tich,4,Khác,Yes,Unchanged,Unchanged,,,,,,,,,
43492745,,doi l,2,Khác,kẻ trộm mặt trăng minions,2,minions : Phim hoạt hình,Yes,Changed,Khác -> minions : Phim hoạt hình,,,,,,,,,
43518267,,tam thiên nha sát,2,Phim Trung Quốc,xuan hoa thu nguyet,2,Khác,Yes,Changed,Phim Trung Quốc -> Khác,,,,,,,,,
43614505,,sakura thủ lĩnh thẻ bài,2,Anime,yêu nhầm chị dâu,3,Phim Thái Lan,Yes,Changed,Anime -> Phim Thái Lan,,,,,,,,,
43625070,,xnxx,4,Khác,tran thien thanh,2,Khác,Yes,Unchanged,Unchanged,,,,,,,,,
43639076,,thương ngày nắng về,7,Phim Việt Nam,thương ngày nắng về,2,Phim Việt Nam,No,Unchanged,Unchanged,,,,,,,,,
43640895,,đại chiến kén rể,6,Chương trình truyền hình,đại chiến kén rể,7,Chương trình truyền hình,No,Unchanged,Unchanged,,,,,,,,,
43643319,,con tim sắt đá,6,Phim Thái Lan,taxi driver,2,Phim Hàn Quốc,Yes,Changed,Phim Thái Lan -> Phim Hàn Quốc,,,,,,,,,
43671358,,thẩm phán ác ma,2,Phim Hàn Quốc,pháp y,5,Khác,Yes,Changed,Phim Hàn Quốc -> Khác,,,,,,,,,
43686744,,vẻ đẹp đích thực,3,Phim Hàn Quốc,ông hoàng khách sạn,3,Khác,Yes,Changed,Phim Hàn Quốc -> Khác,,,,,,,,,
43728694,,em là thành trì doanh lũy của anh,3,Phim Trung Quốc,lừa tình,2,Khác,Yes,Changed,Phim Trung Quốc -> Khác,,,,,,,,,
43741357,,bắt ma phá án,8,Phim Hàn Quốc,hoa du kí,2,Khác,Yes,Changed,Phim Hàn Quốc -> Khác,,,,,,,,,
4380679,,baby boss,5,Khác,baby boss,3,Khác,No,Unchanged,Unchanged,,,,,,,,,
43828057,,boruto naruto the movie,9,Anime,toán lớp 2 chương trình cũ,3,Tìm kiếm chung / Học tập,Yes,Changed,Anime -> Tìm kiếm chung / Học tập,,,,,,,,,
43886431,,trữ tình,4,Âm nhạc,bolero,2,Âm nhạc,Yes,Unchanged,Unchanged,,,,,,,,,
43888610,,vua bếp soma phần 3,5,Anime,học viện anh hùng phần 2,2,Anime,Yes,Unchanged,Unchanged,,,,,,,,,
43894071,,hội pháp sư,12,Anime,hội pháp sư,15,Anime,No,Unchanged,Unchanged,,,,,,,,,
43945475,,cuộc chiến thượng lưu,3,Phim Hàn Quốc,hương mật tựa khói sương,3,Phim Trung Quốc,Yes,Changed,Phim Hàn Quốc -> Phim Trung Quốc,,,,,,,,,
43978053,,attack on titan final season,6,Anime,shikimori,2,Khác,Yes,Changed,Anime -> Khác,,,,,,,,,
43996973,,mr bean,5,Khác,đấu la đại lục,2,Khác,Yes,Unchanged,Unchanged,,,,,,,,,
44006460,,penthouse 2,3,Phim Hàn Quốc,sao băng,2,Khác,Yes,Changed,Phim Hàn Quốc -> Khác,,,,,,,,,
44020746,,cao thủ học,2,Khác,bác sĩ ma,2,Phim Hàn Quốc,Yes,Changed,Khác -> Phim Hàn Quốc,,,,,,,,,
44027807,,why her,3,Phim Hàn Quốc,ba d,2,Khác,Yes,Changed,Phim Hàn Quốc -> Khác,,,,,,,,,
44044921,,liên minh công lý phiên bản của zack snyder,7,phiên bản của zack snyder : Phim chiếu rạp / Siêu anh hùng,liên minh công lý phiên bản của zack snyder,2,phiên bản của zack snyder : Phim chiếu rạp / Siêu anh hùng,No,Unchanged,Unchanged,,,,,,,,,
44078354,,siêu nhân,2,Phim hoạt hình,lý tiểu long và tôi,2,Phim ảnh,Yes,Changed,Phim hoạt hình -> Phim ảnh,,,,,,,,,
44097112,,yêu nhầm chị dâu,2,Phim Thái Lan,phong hoả giai nhân,2,Khác,Yes,Changed,Phim Thái Lan -> Khác,,,,,,,,,
44118409,,cô nàng trong trắng oh woo ri,4,Phim Hàn Quốc,spider man homecoming,2,Khác,Yes,Changed,Phim Hàn Quốc -> Khác,,,,,,,,,
44155914,,bắt ma phá án,2,Phim Hàn Quốc,đường hầm,3,Khác,Yes,Changed,Phim Hàn Quốc -> Khác,,,,,,,,,
44241193,,ca m,2,Khác,thử thách thần tượng,4,Chương trình truyền hình,Yes,Changed,Khác -> Chương trình truyền hình,,,,,,,,,
44277611,,jujutsu kaisen,4,Anime,boku,3,Anime,Yes,Unchanged,Unchanged,,,,,,,,,
44277855,,ngoi nha,7,Khác,chien doi th,5,Khác,Yes,Unchanged,Unchanged,,,,,,,,,
44281978,,fairy tail,12,Anime,fairy tail,8,Anime,No,Unchanged,Unchanged,,,,,,,,,
44309927,,ma tốc độ,3,Phim chiếu rạp,bố tớ là chân to,3,Khác,Yes,Changed,Phim chiếu rạp -> Khác,,,,,,,,,
44325213,,46 ngày san bằng đám cưới,2,Phim Thái Lan,anh trai nhà đối diện,3,Khác,Yes,Changed,Phim Thái Lan -> Khác,,,,,,,,,
44329232,,luoi,2,Khác,phim hài hước va tinh yeu,3,Khác,Yes,Unchanged,Unchanged,,,,,,,,,
44339212,,võ mỵ nương truyền kỳ,2,Phim Trung Quốc,cảnh đẹp ngày vui biết bao giờ,3,Phim Trung Quốc,Yes,Unchanged,Unchanged,,,,,,,,,
44405104,,king kong,5,Phim chiếu rạp,thiếu nhi,3,Tìm kiếm chung,Yes,Changed,Phim chiếu rạp -> Tìm kiếm chung,,,,,,,,,
44446949,,yêu tinh,2,Phim Hàn Quốc,tại sao lại là oh soo jae,4,Phim Hàn Quốc,Yes,Unchanged,Unchanged,,,,,,,,,
44448318,,chàng hậu,2,Phim Hàn Quốc,fairy tail,2,Anime,Yes,Changed,Phim Hàn Quốc -> Anime,,,,,,,,,
4457379,,baby shark,3,Âm nhạc thiếu nhi,ngựa kỳ lân pony,6,Khác,Yes,Changed,Âm nhạc thiếu nhi -> Khác,,,,,,,,,
44586238,,liên minh công lý phiên bản của zack snyder,2,phiên bản của zack snyder : Phim chiếu rạp / Siêu anh hùng,liên minh công lý phiên bản của zack snyder,10,phiên bản của zack snyder : Phim chiếu rạp / Siêu anh hùng,No,Unchanged,Unchanged,,,,,,,,,
44608503,,tìm kiếm bằng giọng nói,2,Tìm kiếm chung / Chức năng,tìm kiếm bằng giọng nói,9,Tìm kiếm chung / Chức năng,No,Unchanged,Unchanged,,,,,,,,,
44618497,,thanh xuân vật vã,3,Phim Hàn Quốc,chàng hậu,6,Phim Hàn Quốc,Yes,Unchanged,Unchanged,,,,,,,,,
44663187,,maisha,15,Khác,doraemon,2,Anime,Yes,Changed,Khác -> Anime,,,,,,,,,
44680435,,boruto,17,naruto the movie : Anime,attack on titan season 4,3,Anime,Yes,Changed,naruto the movie : Anime -> Anime,,,,,,,,,
44708748,,thanh lạc,4,Phim Trung Quốc,ước định thời gian yêu em,6,Khác,Yes,Changed,Phim Trung Quốc -> Khác,,,,,,,,,
44722740,,tây du ký,5,Phim Trung Quốc,tôn ngộ không đại náo new york,3,Khác,Yes,Changed,Phim Trung Quốc -> Khác,,,,,,,,,
44848528,,nấc thang lên thiên đường,3,Khác,bác sĩ yo han,3,Phim Hàn Quốc,Yes,Changed,Khác -> Phim Hàn Quốc,,,,,,,,,
44849637,,hội pháp sư,2,Anime,sự trỗi dậy của khiên hiệp sĩ phần 2,2,Anime,Yes,Unchanged,Unchanged,,,,,,,,,
44864687,,karaoke,5,Âm nhạc,karoke,2,Khác,Yes,Changed,Âm nhạc -> Khác,,,,,,,,,
44902110,,bà ngoại,2,Khác,ám ảnh,2,Khác,Yes,Unchanged,Unchanged,,,,,,,,,
44947271,,tìm mẹ,2,Chương trình truyền hình,tìm mẹ,18,Chương trình truyền hình,No,Unchanged,Unchanged,,,,,,,,,
44949209,,mojito,2,Khác,định mệnh anh yêu em,2,Phim Đài Loan,Yes,Changed,Khác -> Phim Đài Loan,,,,,,,,,
44963756,,mở 302,3,Khác,minio,3,Khác,Yes,Unchanged,Unchanged,,,,,,,,,
44982070,,xem trực tiếp trận u23 vn,2,Khác,bóng đá hôm nay,2,Khác,Yes,Unchanged,Unchanged,,,,,,,,,
44997117,,baby shark,2,Âm nhạc thiếu nhi,baby shark,3,Âm nhạc thiếu nhi,No,Unchanged,Unchanged,,,,,,,,,
45027318,,chú vịt con,2,Âm nhạc thiếu nhi,yêu em từ cái nhìn đầu tiên,2,Phim Trung Quốc,Yes,Changed,Âm nhạc thiếu nhi -> Phim Trung Quốc,,,,,,,,,
45061027,,cảnh đẹp ngày vui biết bao giờ,3,Phim Trung Quốc,hoa gian tân nương,2,Phim Trung Quốc,Yes,Unchanged,Unchanged,,,,,,,,,
45094910,,lạp tội đồ giám,3,Phim Trung Quốc,lạp tội đồ giám,2,Phim Trung Quốc,No,Unchanged,Unchanged,,,,,,,,,
451374,,thử thách thần chết giữa hai thế giới,5,giữa hai thế giới : Phim chiếu rạp / Giả tưởng,voice 2,2,Phim Hàn Quốc,Yes,Changed,giữa hai thế giới : Phim chiếu rạp / Giả tưởng -> Phim Hàn Quốc,,,,,,,,,
45181204,,bolero,7,Âm nhạc,thiếu nhi,3,Tìm kiếm chung,Yes,Changed,Âm nhạc -> Tìm kiếm chung,,,,,,,,,
45220164,,khoảnh khắc kỳ diệu,3,Khác,phát video hướng dẫn làm bánh bao trên tv của tôi,2,Khác,Yes,Unchanged,Unchanged,,,,,,,,,
45278447,,yêu nhầm chị dâu,26,Phim Thái Lan,em là định mệnh của anh,2,Phim Đài Loan,Yes,Changed,Phim Thái Lan -> Phim Đài Loan,,,,,,,,,
45295296,,bác sĩ nhi khoa,5,Y khoa,mátxcơva mùa thay lá,4,Khác,Yes,Changed,Y khoa -> Khác,,,,,,,,,
45325839,,thám tử ma cà rồng,8,Tâm linh,yêu tinh,4,Phim Hàn Quốc,Yes,Changed,Tâm linh -> Phim Hàn Quốc,,,,,,,,,
45412581,,fairy tail,5,Anime,jujutsu kaisen,6,Anime,Yes,Unchanged,Unchanged,,,,,,,,,
45433759,,đại chiến titan,60,Anime,one p,3,Khác,Yes,Changed,Anime -> Khác,,,,,,,,,
4546399,,conan,2,Anime,naruto,6,Anime,Yes,Unchanged,Unchanged,,,,,,,,,
45472844,,mở,5,Khác,mở,4,Khác,No,Unchanged,Unchanged,,,,,,,,,
45530303,,tam sinh tam thế,3,Khác,đông cung,2,Phim Trung Quốc,Yes,Changed,Khác -> Phim Trung Quốc,,,,,,,,,
45756650,,học viện anh hùng phần 1,13,Anime,overlord iv,4,Anime,Yes,Unchanged,Unchanged,,,,,,,,,
45833629,,mặt trăng ôm mặt trời,8,Phim Hàn Quốc,nỗi vương vấn của hạ tiên sinh,2,Phim Trung Quốc,Yes,Changed,Phim Hàn Quốc -> Phim Trung Quốc,,,,,,,,,
45847090,,king kong,8,Phim chiếu rạp,phim lẻ king kong,12,Phim chiếu rạp,Yes,Unchanged,Unchanged,,,,,,,,,
46006829,,thư ký kim sao thế,8,Phim Hàn Quốc,chàng hậu,13,Phim Hàn Quốc,Yes,Unchanged,Unchanged,,,,,,,,,
46077437,,liên minh công lý phiên bản của zack snyder,2,phiên bản của zack snyder : Phim chiếu rạp / Siêu anh hùng,xom chua,2,Khác,Yes,Changed,phiên bản của zack snyder : Phim chiếu rạp / Siêu anh hùng -> Khác,,,,,,,,,
46100477,,vân tịch truyện,2,Phim Trung Quốc,mây,3,Khác,Yes,Changed,Phim Trung Quốc -> Khác,,,,,,,,,
46115755,,fair,15,Khác,fairy,26,Khác,Yes,Unchanged,Unchanged,,,,,,,,,
46136952,,penthouse 3,10,Phim Hàn Quốc,hoa d,7,Khác,Yes,Changed,Phim Hàn Quốc -> Khác,,,,,,,,,
46175007,,thanh gươm diệt quỷ phần kỹ viện trấn,2,Anime,những câu chuyện kinh dị của ito,3,Khác,Yes,Changed,Anime -> Khác,,,,,,,,,
46254316,,thanh gươm diệt quỷ,2,Anime,running man,5,Chương trình truyền hình,Yes,Changed,Anime -> Chương trình truyền hình,,,,,,,,,
46358795,,phi vụ nữ quyền,2,Khác,link eat lo,2,Khác,Yes,Unchanged,Unchanged,,,,,,,,,
46382528,,true,2,Khác,bất động sản trừ tà,4,Phim Hàn Quốc,Yes,Changed,Khác -> Phim Hàn Quốc,,,,,,,,,
46428855,,kim yoo jung,2,Khác,cứu thế,2,Khác,Yes,Unchanged,Unchanged,,,,,,,,,
4649033,,pháp y tần minh người đọc tâm,2,người đọc tâm : Phim Trung Quốc,cô nàng trong trắng oh woo ri,2,Phim Hàn Quốc,Yes,Changed,người đọc tâm : Phim Trung Quốc -> Phim Hàn Quốc,,,,,,,,,
46545439,,thực thần 2,2,Khác,hội pháp sư 2,2,Anime,Yes,Changed,Khác -> Anime,,,,,,,,,
46739219,,bắt ma phá án,2,Phim Hàn Quốc,ngôi sao khoai tây,3,Phim Hàn Quốc,Yes,Unchanged,Unchanged,,,,,,,,,
46854984,,no game no life,2,Khác,quán cà phê bất ổn,4,Khác,Yes,Unchanged,Unchanged,,,,,,,,,
47081639,,attack on titan shingeki no kyojin,6,Anime,attack on titan final season,5,Anime,Yes,Unchanged,Unchanged,,,,,,,,,
4715614,,bằng chứng thép 4,2,Phim Hồng Kông,lời hồi đáp,2,Khác,Yes,Changed,Phim Hồng Kông -> Khác,,,,,,,,,
47295873,,lời nguyền,17,Khác,hoán mệnh,6,Phim ảnh,Yes,Changed,Khác -> Phim ảnh,,,,,,,,,
47412258,,hospital playlist,9,Khác,pris,2,Khác,Yes,Unchanged,Unchanged,,,,,,,,,
47466981,,bên nhau trọn đời,2,Phim Trung Quốc,cá mực hầm mật,5,Phim Trung Quốc,Yes,Unchanged,Unchanged,,,,,,,,,
47488583,,kết hôn rồi bắt đầu yêu,3,Phim Trung Quốc,chàng trai đa tài,2,Khác,Yes,Changed,Phim Trung Quốc -> Khác,,,,,,,,,
47506044,,ky sinh trung,2,Khác,kẻ trộm mặt trăng minions,2,minions : Phim hoạt hình,Yes,Changed,Khác -> minions : Phim hoạt hình,,,,,,,,,
47510022,,con heo đất,2,Âm nhạc thiếu nhi,con heo đất,2,Âm nhạc thiếu nhi,No,Unchanged,Unchanged,,,,,,,,,
47541868,,yêu tinh,6,Phim Hàn Quốc,yêu tinh,6,Phim Hàn Quốc,No,Unchanged,Unchanged,,,,,,,,,
47573517,,chu thu,7,Khác,attack on titan season 4,2,Anime,Yes,Changed,Khác -> Anime,,,,,,,,,
47612091,,nhất kiến khuynh tâm,2,Phim Trung Quốc,con tim sắt đá vietsub,2,Phim Thái Lan,Yes,Changed,Phim Trung Quốc -> Phim Thái Lan,,,,,,,,,
47650742,,naruto,7,Anime,ultraman tiga,12,Khác,Yes,Changed,Anime -> Khác,,,,,,,,,
47684663,,ca m,2,Khác,bleach,2,Anime,Yes,Changed,Khác -> Anime,,,,,,,,,
47685934,,cho truyền hình,3,Khác,thử thách thần chết giữa hai thế giới,2,giữa hai thế giới : Phim chiếu rạp / Giả tưởng,Yes,Changed,Khác -> giữa hai thế giới : Phim chiếu rạp / Giả tưởng,,,,,,,,,
47771626,,mua he,4,Khác,charlie and the chocolate factory,2,Khác,Yes,Unchanged,Unchanged,,,,,,,,,
4780246,,behi,2,Khác,sword a,2,Anime,Yes,Changed,Khác -> Anime,,,,,,,,,
47830287,,gửi vào kỷ niệm,2,Khác,hương tình cũ,2,Khác,Yes,Unchanged,Unchanged,,,,,,,,,
47844948,,nàng vệ sĩ của tôi,2,Khác,tình yêu nghiệt ngã,2,Khác,Yes,Unchanged,Unchanged,,,,,,,,,
47892671,,relife,2,Khác,yugioh,2,Anime,Yes,Changed,Khác -> Anime,,,,,,,,,
47963803,,khi màn đêm gợn sóng,7,Phim Trung Quốc,khi màn đêm gợn sóng,3,Phim Trung Quốc,No,Unchanged,Unchanged,,,,,,,,,
47968435,,nhất dạ tân nương,2,Phim Trung Quốc,thanh thanh tử khâm,2,Phim Trung Quốc,Yes,Unchanged,Unchanged,,,,,,,,,
48059693,,chúng mình ba đứa,2,Khác,nó và tôi,2,Khác,Yes,Unchanged,Unchanged,,,,,,,,,
48072991,,bao ph,2,Khác,tư đằng,6,Phim Trung Quốc,Yes,Changed,Khác -> Phim Trung Quốc,,,,,,,,,
48101167,,phim bão cát,2,Phim Thái Lan,phim chàng quảng tử gặp may,2,Khác,Yes,Changed,Phim Thái Lan -> Khác,,,,,,,,,
4810366,,cuộc chiến của những ngôi sao phần 2,2,Khác,con tim sắt đá,2,Phim Thái Lan,Yes,Changed,Khác -> Phim Thái Lan,,,,,,,,,
48124176,,thiếu nhi,3,Tìm kiếm chung,thiếu nhi,2,Tìm kiếm chung,No,Unchanged,Unchanged,,,,,,,,,
48217709,,nhất dạ tân nương 2,4,Phim Trung Quốc,yêu em từ,2,Khác,Yes,Changed,Phim Trung Quốc -> Khác,,,,,,,,,
48289020,,siêu nhân vũ trụ,25,Phim hoạt hình,bức họa đồng quê,2,Khác,Yes,Changed,Phim hoạt hình -> Khác,,,,,,,,,
48290036,,fairy tail,2,Anime,cúc tịnh y,2,Khác,Yes,Changed,Anime -> Khác,,,,,,,,,
48336344,,thế giới động vật,2,Tìm kiếm chung / Tài liệu,linh hồn,3,Tâm linh,Yes,Changed,Tìm kiếm chung / Tài liệu -> Tâm linh,,,,,,,,,
48386418,,minh lan truyện,3,Phim Trung Quốc,minh lan truyện,3,Phim Trung Quốc,No,Unchanged,Unchanged,,,,,,,,,
48416233,,pháp sư vô tâm,3,Khác,pháp sư vô tâm,3,Khác,No,Unchanged,Unchanged,,,,,,,,,
48445160,,nữ hoàng seondeok,6,Khác,saim,2,Khác,Yes,Unchanged,Unchanged,,,,,,,,,
48581684,,thanh xuân,2,Khác,vô tình nhặt được tổng tài,2,Phim Trung Quốc,Yes,Changed,Khác -> Phim Trung Quốc,,,,,,,,,
48808047,,chốn ngục tù,6,Khác,violet evergarden,3,Khác,Yes,Unchanged,Unchanged,,,,,,,,,
48925766,,cảnh sát falco,2,Khác,annihilation,2,Khác,Yes,Unchanged,Unchanged,,,,,,,,,
48929583,,đấu trường âm nhạc,8,Chương trình truyền hình,đấu trường âm nhạc,2,Chương trình truyền hình,No,Unchanged,Unchanged,,,,,,,,,
48930898,,em là thành trì doanh lũy của anh,2,Phim Trung Quốc,minh lan truyện,2,Phim Trung Quốc,Yes,Unchanged,Unchanged,,,,,,,,,
48949847,,người kiến,3,Khác,lạc vào thế giới game phần 4 overlord iv,2,Anime,Yes,Changed,Khác -> Anime,,,,,,,,,
48987234,,sao băng,9,Khác,vô tình nhặt được tổng tài,3,Phim Trung Quốc,Yes,Changed,Khác -> Phim Trung Quốc,,,,,,,,,
49061846,,heo peppa,2,Phim hoạt hình,heo peppa,2,Phim hoạt hình,No,Unchanged,Unchanged,,,,,,,,,
49064086,,siêu nhân,2,Phim hoạt hình,siêu nhân,7,Phim hoạt hình,No,Unchanged,Unchanged,,,,,,,,,
49066048,,cảnh đẹp ngày vui biết bao giờ,3,Phim Trung Quốc,đại đường minh nguyệt,18,Phim Trung Quốc,Yes,Unchanged,Unchanged,,,,,,,,,
49089346,,bolero,5,Âm nhạc,bolero,5,Âm nhạc,No,Unchanged,Unchanged,,,,,,,,,
49095319,,tate,4,Khác,kamen,3,Khác,Yes,Unchanged,Unchanged,,,,,,,,,
49110470,,siêu nhân,16,Phim hoạt hình,siêu nhân,13,Phim hoạt hình,No,Unchanged,Unchanged,,,,,,,,,
49115049,,what ha,2,Khác,train to busan,2,Khác,Yes,Unchanged,Unchanged,,,,,,,,,
49118319,,hồi kí vanitas,6,Anime,vua bếp soma phần 3,2,Anime,Yes,Unchanged,Unchanged,,,,,,,,,
49122747,,boruto naruto the movie,2,Anime,boruto naruto the movie,5,Anime,No,Unchanged,Unchanged,,,,,,,,,
49130581,,minh khoa,4,Khác,thu hiền,7,Khác,Yes,Unchanged,Unchanged,,,,,,,,,
49159517,,cẩm y chi hạ,3,Phim Trung Quốc,em là thành trì doanh lũy của anh,3,Phim Trung Quốc,Yes,Unchanged,Unchanged,,,,,,,,,
49166048,,sao băng,3,Khác,thử thách thần tượng,2,Chương trình truyền hình,Yes,Changed,Khác -> Chương trình truyền hình,,,,,,,,,
49179945,,hậu cung như ý truyện,12,Phim Trung Quốc,true beauty,4,Phim Hàn Quốc,Yes,Changed,Phim Trung Quốc -> Phim Hàn Quốc,,,,,,,,,
49182053,,dem toi tokyo phan 1,2,Khác,hội pháp sư,19,Anime,Yes,Changed,Khác -> Anime,,,,,,,,,
49190961,,fairy tail,7,Anime,fairy tail,6,Anime,No,Unchanged,Unchanged,,,,,,,,,
49200272,,lửa chiến,4,Khác,thịnh đường huyễn dạ,3,Khác,Yes,Unchanged,Unchanged,,,,,,,,,
49200875,,ca dao tôi và em,2,Khác,dùng súng săn,2,Khác,Yes,Unchanged,Unchanged,,,,,,,,,
49201339,,kadaoke,20,Khác,hatdongduongpho,21,Khác,Yes,Unchanged,Unchanged,,,,,,,,,
49219900,,fairy tail,5,Anime,fairy tail,2,Anime,No,Unchanged,Unchanged,,,,,,,,,
49222546,,vua bep soma,7,Anime,hoa thiên cốt,3,Phim Trung Quốc,Yes,Changed,Anime -> Phim Trung Quốc,,,,,,,,,
49226073,,nàng bạch tuyết và bảy chú lùn,5,Phim hoạt hình,một con vịt,7,Âm nhạc thiếu nhi,Yes,Changed,Phim hoạt hình -> Âm nhạc thiếu nhi,,,,,,,,,
49238945,,kim,9,Khác,psg,4,Khác,Yes,Unchanged,Unchanged,,,,,,,,,
49242766,,hài tết 2022 xuân phát tài,2,Khác,the weather,3,Khác,Yes,Unchanged,Unchanged,,,,,,,,,
49249229,,bolero,18,Âm nhạc,bolero,15,Âm nhạc,No,Unchanged,Unchanged,,,,,,,,,
49281288,,một con vịt,12,Âm nhạc thiếu nhi,một con vịt,10,Âm nhạc thiếu nhi,No,Unchanged,Unchanged,,,,,,,,,
49281406,,slowed,2,Khác,vicenzo,3,Khác,Yes,Unchanged,Unchanged,,,,,,,,,
49290184,,hài hoài linh chí tài,2,Tìm kiếm chung,sống xứ nghệ,7,Khác,Yes,Changed,Tìm kiếm chung -> Khác,,,,,,,,,
49291893,,voice 2,2,Phim Hàn Quốc,attack on titan,4,Anime,Yes,Changed,Phim Hàn Quốc -> Anime,,,,,,,,,
49313649,,mẹ ma,6,Phim chiếu rạp / Kinh dị,mẹ ma,6,Phim chiếu rạp / Kinh dị,No,Unchanged,Unchanged,,,,,,,,,
49329991,,hài hoài linh,3,Tìm kiếm chung,tình là sợi tơ remix,2,Khác,Yes,Changed,Tìm kiếm chung -> Khác,,,,,,,,,
49337818,,vẻ đẹp đích thực,2,Phim Hàn Quốc,chàng hậu,2,Phim Hàn Quốc,Yes,Unchanged,Unchanged,,,,,,,,,
49353126,,siêu nhân,2,Phim hoạt hình,thế giới động vật,2,Tìm kiếm chung / Tài liệu,Yes,Changed,Phim hoạt hình -> Tìm kiếm chung / Tài liệu,,,,,,,,,
49358159,,attack on titan final season,4,Anime,boku no hero academia season 3,7,Anime,Yes,Unchanged,Unchanged,,,,,,,,,
49361865,,ma,2,Tâm linh,ma,2,Tâm linh,No,Unchanged,Unchanged,,,,,,,,,
49383625,,boruto naruto the movie,4,Anime,boruto naruto the movie,3,Anime,No,Unchanged,Unchanged,,,,,,,,,
49384612,,bắt ma phá án,4,Phim Hàn Quốc,sam sam đến rồi,2,Phim Trung Quốc,Yes,Changed,Phim Hàn Quốc -> Phim Trung Quốc,,,,,,,,,
49388907,,liên minh công lý phiên bản của zack snyder,2,phiên bản của zack snyder : Phim chiếu rạp / Siêu anh hùng,ve d,13,Khác,Yes,Changed,phiên bản của zack snyder : Phim chiếu rạp / Siêu anh hùng -> Khác,,,,,,,,,
49439107,,lấy danh nghĩa người nhà,2,Phim Trung Quốc,chàng hậu,2,Phim Hàn Quốc,Yes,Changed,Phim Trung Quốc -> Phim Hàn Quốc,,,,,,,,,
49441901,,đại chiến titan,10,Anime,đại chiến titan,9,Anime,No,Unchanged,Unchanged,,,,,,,,,
49466141,,riddick,2,Khác,the bodyguard,2,Khác,Yes,Unchanged,Unchanged,,,,,,,,,
49472275,,cá mực hầm mật,3,Phim Trung Quốc,bằng chứng thép 3,2,Phim Hồng Kông,Yes,Changed,Phim Trung Quốc -> Phim Hồng Kông,,,,,,,,,
49476469,,goblin,4,Phim Hàn Quốc,phep,2,Khác,Yes,Changed,Phim Hàn Quốc -> Khác,,,,,,,,,
49492861,,hồng duy tuấn anh được chăm sóc đặc biệt riêng xuân trường lẻ loi,5,Khác,tuyển tập phim ngắn việt nam,6,phim ngắn việt nam : Phim Việt Nam,Yes,Changed,Khác -> phim ngắn việt nam : Phim Việt Nam,,,,,,,,,
49515745,,naruto,2,Anime,one p,7,Khác,Yes,Changed,Anime -> Khác,,,,,,,,,
49544323,,taxi driver,3,Phim Hàn Quốc,lâu đài tham vọng,2,Khác,Yes,Changed,Phim Hàn Quốc -> Khác,,,,,,,,,
49544682,,sao băng,2,Khác,cặp đôi trái ngược,4,Phim Hàn Quốc,Yes,Changed,Khác -> Phim Hàn Quốc,,,,,,,,,
49545896,,yêu nhầm chị dâu,5,Phim Thái Lan,tình yêu hoán kiếp,2,Khác,Yes,Changed,Phim Thái Lan -> Khác,,,,,,,,,
49558893,,pháp y tần minh,2,người đọc tâm : Phim Trung Quốc,chí khí bay cao,2,Khác,Yes,Changed,người đọc tâm : Phim Trung Quốc -> Khác,,,,,,,,,
49592331,,mặt trăng ôm mặt trời,3,Phim Hàn Quốc,hoa c,4,Khác,Yes,Changed,Phim Hàn Quốc -> Khác,,,,,,,,,
49612859,,dr stone,19,Anime,hội pháp sư,2,Anime,Yes,Unchanged,Unchanged,,,,,,,,,
49634642,,quý ông hoàn hảo và cô nàng tạm được,2,Phim Trung Quốc,yêu em từ cái nhìn đầu tiên,2,Phim Trung Quốc,Yes,Unchanged,Unchanged,,,,,,,,,
49644108,,tôi thấy hoa vàng trên cỏ xanh,2,Phim Việt Nam,phim lego 2,2,Phim hoạt hình,Yes,Changed,Phim Việt Nam -> Phim hoạt hình,,,,,,,,,
49649435,,nghe nói cô định tán bố con tôi,2,Khác,nói về kinh phật,5,Khác,Yes,Unchanged,Unchanged,,,,,,,,,
49650154,,sến,2,Âm nhạc,bolero,6,Âm nhạc,Yes,Unchanged,Unchanged,,,,,,,,,
49651099,,yêu nhầm chị dâu,10,Phim Thái Lan,hau d,8,Khác,Yes,Changed,Phim Thái Lan -> Khác,,,,,,,,,
49666787,,thiếu nhi,11,Tìm kiếm chung,thu hiền,2,Khác,Yes,Changed,Tìm kiếm chung -> Khác,,,,,,,,,
49680640,,kiem si kirito,3,Khác,thử thách thần chết giữa hai thế giới,5,giữa hai thế giới : Phim chiếu rạp / Giả tưởng,Yes,Changed,Khác -> giữa hai thế giới : Phim chiếu rạp / Giả tưởng,,,,,,,,,
49685910,,real madrid vs liverpool,2,Khác,real vs liver,3,Khác,Yes,Unchanged,Unchanged,,,,,,,,,
49687293,,fairy,2,Khác,hoi p,33,Khác,Yes,Unchanged,Unchanged,,,,,,,,,
49690446,,cuộc chiến thượng lưu 3,2,Phim Hàn Quốc,cuộc chiến thượng lưu 3,2,Phim Hàn Quốc,No,Unchanged,Unchanged,,,,,,,,,
49694768,,the loud house,2,Khác,gool,2,Khác,Yes,Unchanged,Unchanged,,,,,,,,,
49700647,,mua he yeu giau cua chung ta,2,Khác,hay la ban trai cua toi,2,Khác,Yes,Unchanged,Unchanged,,,,,,,,,
49710093,,phim yen chi trieu le dinh,3,Khác,doremon,4,Anime,Yes,Changed,Khác -> Anime,,,,,,,,,
49719509,,dr stone season 2,4,Anime,kẻ trộm mặt trăng minions,2,minions : Phim hoạt hình,Yes,Changed,Anime -> minions : Phim hoạt hình,,,,,,,,,
49730002,,nguoi bat tu,2,Khác,tìm kiếm bằng giọng nói,2,Tìm kiếm chung / Chức năng,Yes,Changed,Khác -> Tìm kiếm chung / Chức năng,,,,,,,,,
49765882,,tìm kiếm bằng giọng nói,2,Tìm kiếm chung / Chức năng,minion,2,Phim hoạt hình,Yes,Changed,Tìm kiếm chung / Chức năng -> Phim hoạt hình,,,,,,,,,
49824546,,attack on titan season 4,2,Anime,attack on titan season 4,3,Anime,No,Unchanged,Unchanged,,,,,,,,,
49834114,,lego,3,Khác,paw,2,Khác,Yes,Unchanged,Unchanged,,,,,,,,,
49838386,,lê hấp đường phèn,11,Phim Trung Quốc,doraemon,10,Anime,Yes,Changed,Phim Trung Quốc -> Anime,,,,,,,,,
49842846,,live,2,Khác,đối tác đáng ngờ,2,Khác,Yes,Unchanged,Unchanged,,,,,,,,,
49862934,,doraemon,5,Anime,ve de,3,Khác,Yes,Changed,Anime -> Khác,,,,,,,,,
49948706,,huong ma,3,Tâm linh,yêu tinh,6,Phim Hàn Quốc,Yes,Changed,Tâm linh -> Phim Hàn Quốc,,,,,,,,,
49950561,,mối hận cơ duyên,2,Khác,chúng ta không biết yêu,2,Phim Trung Quốc,Yes,Changed,Khác -> Phim Trung Quốc,,,,,,,,,
49953266,,tieng anh 7,2,Khác,the heirs,2,Khác,Yes,Unchanged,Unchanged,,,,,,,,,
49957456,,batman vạch trần sự thật,6,Khác,lucy,6,Phim chiếu rạp / Hành động,Yes,Changed,Khác -> Phim chiếu rạp / Hành động,,,,,,,,,
499591,,người sắt 2,3,Khác,lưu ly mỹ nhân sát,2,Phim Trung Quốc,Yes,Changed,Khác -> Phim Trung Quốc,,,,,,,,,
49970336,,một con vịt,2,Âm nhạc thiếu nhi,một con vịt,2,Âm nhạc thiếu nhi,No,Unchanged,Unchanged,,,,,,,,,
49976417,,fairy tail,6,Anime,kimetsu no yaiba,2,Anime,Yes,Unchanged,Unchanged,,,,,,,,,
5036291,,bắt ma,4,Tâm linh,jang huk,2,Khác,Yes,Changed,Tâm linh -> Khác,,,,,,,,,
5047242,,cổ tay áo màu đỏ,2,Phim Hàn Quốc,nice view,2,Khác,Yes,Changed,Phim Hàn Quốc -> Khác,,,,,,,,,
5471228,,xì trum siêu quậy,10,Khác,mama,3,Khác,Yes,Unchanged,Unchanged,,,,,,,,,
566158,,kênh vtv6,2,Kênh truyền hình,u19,2,Khác,Yes,Changed,Kênh truyền hình -> Khác,,,,,,,,,
5662127,,nước cờ đi vào tim em,2,Khác,khi m,3,Khác,Yes,Unchanged,Unchanged,,,,,,,,,
645263,,nàng bạch tuyết và bảy chú lùn,2,Phim hoạt hình,baby shark,2,Âm nhạc thiếu nhi,Yes,Changed,Phim hoạt hình -> Âm nhạc thiếu nhi,,,,,,,,,
7189568,,nhạc,6,Khác,mẹ,3,Khác,Yes,Unchanged,Unchanged,,,,,,,,,
7197546,,cảnh đẹp ngày vui biết bao giờ,6,Phim Trung Quốc,cảnh đẹp ngày vui biết bao giờ,3,Phim Trung Quốc,No,Unchanged,Unchanged,,,,,,,,,
7303189,,cung em bay,2,Khác,cá mực hầm mật,2,Phim Trung Quốc,Yes,Changed,Khác -> Phim Trung Quốc,,,,,,,,,
7376447,,tôi người hải phòng,2,Khác,lâu đài tình ái,3,Khác,Yes,Unchanged,Unchanged,,,,,,,,,
7491010,,bolero,2,Âm nhạc,bolero,2,Âm nhạc,No,Unchanged,Unchanged,,,,,,,,,
7537850,,học viện cảnh sát,2,Phim Hàn Quốc,nhất dạ tân nương 2,2,Phim Trung Quốc,Yes,Changed,Phim Hàn Quốc -> Phim Trung Quốc,,,,,,,,,
7802445,,nơi đảo xanh,2,Khác,điên thì có sao,2,Phim Hàn Quốc,Yes,Changed,Khác -> Phim Hàn Quốc,,,,,,,,,
7851696,,mộng hoa lục,2,Phim ảnh,ẩn danh,2,Khác,Yes,Changed,Phim ảnh -> Khác,,,,,,,,,
8035612,,tại sao lại là oh soo jae,2,Phim Hàn Quốc,eva,2,Khác,Yes,Changed,Phim Hàn Quốc -> Khác,,,,,,,,,
8043912,,vẻ đẹp đích thực,2,Phim Hàn Quốc,penthouse,3,Phim Hàn Quốc,Yes,Unchanged,Unchanged,,,,,,,,,
8229740,,tom,4,Khác,tô màu,23,Khác,Yes,Unchanged,Unchanged,,,,,,,,,
8240079,,xe cấp cứu,4,Phương tiện,mở tàu hỏa,4,Khác,Yes,Changed,Phương tiện -> Khác,,,,,,,,,
8278354,,runni,2,Khác,ban,2,Khác,Yes,Unchanged,Unchanged,,,,,,,,,
8323236,,runni,2,Khác,fairy tail,3,Anime,Yes,Changed,Khác -> Anime,,,,,,,,,
8416599,,thiên kê chi bạch xà truyền thuyết,6,Khác,nhat da tan nuong,7,Phim Trung Quốc,Yes,Changed,Khác -> Phim Trung Quốc,,,,,,,,,
8548967,,boruto,7,naruto the movie : Anime,fairy tail,3,Anime,Yes,Changed,naruto the movie : Anime -> Anime,,,,,,,,,
8870376,,thời niên thiếu,5,Khác,thanh lạc,3,Phim Trung Quốc,Yes,Changed,Khác -> Phim Trung Quốc,,,,,,,,,
8908205,,fairy tail,2,Anime,naruto,3,Anime,Yes,Unchanged,Unchanged,,,,,,,,,
895415,,prime provider,3,Khác,prime provider,2,Khác,No,Unchanged,Unchanged,,,,,,,,,
90014639,,xsmn,20,Khác,thiên nga bóng đêm,2,Phim Hàn Quốc,Yes,Changed,Khác -> Phim Hàn Quốc,,,,,,,,,
90062211,,fairy tail,6,Anime,attack on titan final season,3,Anime,Yes,Unchanged,Unchanged,,,,,,,,,
90136141,,tại sao lại là oh soo jae,2,Phim Hàn Quốc,tình cờ ta gặp lại nhau,2,Khác,Yes,Changed,Phim Hàn Quốc -> Khác,,,,,,,,,
90152123,,em đẹp nhất là khi mỉm cười,3,Phim Trung Quốc,lấy danh nghĩa người nhà,8,Phim Trung Quốc,Yes,Unchanged,Unchanged,,,,,,,,,
9015236,,sao băng,3,Khác,kẻ trộm mặt trăng minions,2,minions : Phim hoạt hình,Yes,Changed,Khác -> minions : Phim hoạt hình,,,,,,,,,
90348748,,thất nghiệp chuyển sinh,2,Khác,lâu đài,2,Khác,Yes,Unchanged,Unchanged,,,,,,,,,
90361479,,xem ca nhạc,3,Âm nhạc,watch music,3,Khác,Yes,Changed,Âm nhạc -> Khác,,,,,,,,,
90400467,,hunter,2,Khác,tokyo,3,Khác,Yes,Unchanged,Unchanged,,,,,,,,,
90418358,,toán lớp 2 chương trình cũ,3,Tìm kiếm chung / Học tập,biet tai ti hon,2,Khác,Yes,Changed,Tìm kiếm chung / Học tập -> Khác,,,,,,,,,
90480654,,anh trai nhà đối diện,2,Khác,chàng trai hoàn hảo,3,Khác,Yes,Unchanged,Unchanged,,,,,,,,,
90516563,,thiên nga bóng đêm,2,Phim Hàn Quốc,nữ luật sư kì la,2,Khác,Yes,Changed,Phim Hàn Quốc -> Khác,,,,,,,,,
90562260,,co b,4,Khác,orie,2,Khác,Yes,Unchanged,Unchanged,,,,,,,,,
90608010,,happi,2,Khác,karasuno,2,Khác,Yes,Unchanged,Unchanged,,,,,,,,,
90712880,,liên khúc,4,Âm nhạc,nhạc liên khúc,10,Âm nhạc,Yes,Unchanged,Unchanged,,,,,,,,,
90771498,,nhà trọ waikiki 2,2,Khác,thử thách thần tượng,2,Chương trình truyền hình,Yes,Changed,Khác -> Chương trình truyền hình,,,,,,,,,
90789943,,siêu nhân,3,Phim hoạt hình,quái vật bóng đêm,2,Khác,Yes,Changed,Phim hoạt hình -> Khác,,,,,,,,,
90832396,,má tôi là đại gia,5,Tâm linh,chỉ là quan,2,Khác,Yes,Changed,Tâm linh -> Khác,,,,,,,,,
90935994,,lạp tội đồ giám,6,Phim Trung Quốc,pháp y tần minh người đọc tâm,2,người đọc tâm : Phim Trung Quốc,Yes,Changed,Phim Trung Quốc -> người đọc tâm : Phim Trung Quốc,,,,,,,,,
90966838,,lưỡi cưa 9,2,Khác,kỳ án nhà thanh phần 3,2,Khác,Yes,Unchanged,Unchanged,,,,,,,,,
90975832,,vua đầu bếp soma,3,Anime,bạn gái tôi là zombie sankarea,2,Khác,Yes,Changed,Anime -> Khác,,,,,,,,,
90980105,,cardcaptor sakura,7,Anime,cardcaptor sakura,5,Anime,No,Unchanged,Unchanged,,,,,,,,,
91041477,,hồ sơ trinh sát iii,2,Phim Hồng Kông,bản án lương tâm,3,Khác,Yes,Changed,Phim Hồng Kông -> Khác,,,,,,,,,
91100569,,ke san nguoi,2,Khác,conan,2,Anime,Yes,Changed,Khác -> Anime,,,,,,,,,
91123370,,nang ve si cua toi,2,Khác,yêu nhầm chị dâu,3,Phim Thái Lan,Yes,Changed,Khác -> Phim Thái Lan,,,,,,,,,
91137371,,hội pháp sư,10,Anime,one punch man,3,Anime,Yes,Unchanged,Unchanged,,,,,,,,,
912025,,heo peppa,2,Phim hoạt hình,ma,2,Tâm linh,Yes,Changed,Phim hoạt hình -> Tâm linh,,,,,,,,,
91227515,,taboo tattoo,3,Khác,cu d,3,Khác,Yes,Unchanged,Unchanged,,,,,,,,,
91244839,,siêu nhân,4,Phim hoạt hình,vir the robot boy,2,Khác,Yes,Changed,Phim hoạt hình -> Khác,,,,,,,,,
91248457,,sao băng,2,Khác,thuyết minh,3,Khác,Yes,Unchanged,Unchanged,,,,,,,,,
91353014,,fairy tail,2,Anime,sao băng,4,Khác,Yes,Changed,Anime -> Khác,,,,,,,,,
91393963,,fairy tail,36,Anime,fairy tail,18,Anime,No,Unchanged,Unchanged,,,,,,,,,
91450886,,khie,2,Khác,khie,3,Khác,No,Unchanged,Unchanged,,,,,,,,,
91476728,,sao băng,2,Khác,tình yêu từ 0 đến 1,2,Phim Trung Quốc,Yes,Changed,Khác -> Phim Trung Quốc,,,,,,,,,
91552086,,đời sống ngục tù,2,Phim Hàn Quốc,đời sống ngục tù,2,Phim Hàn Quốc,No,Unchanged,Unchanged,,,,,,,,,
91679268,,huter,3,Khác,thanh gươm diệt quỷ phần kỹ viện trấn,2,Anime,Yes,Changed,Khác -> Anime,,,,,,,,,
91694339,,sens,2,Khác,ve dep,2,Khác,Yes,Unchanged,Unchanged,,,,,,,,,
91837604,,phim anh văn,2,Khác,ngự sử tài ba và quý cô thông thái,5,Khác,Yes,Unchanged,Unchanged,,,,,,,,,
91842256,,minh lan truyện,7,Phim Trung Quốc,người tình của khang hy,2,Khác,Yes,Changed,Phim Trung Quốc -> Khác,,,,,,,,,
92071079,,quý ông hoàn hảo và cô nàng tạm được,6,Phim Trung Quốc,hoa no,4,Khác,Yes,Changed,Phim Trung Quốc -> Khác,,,,,,,,,
92254376,,doraemon,2,Anime,doraemon,2,Anime,No,Unchanged,Unchanged,,,,,,,,,
92264443,,dưới bóng mộc miên,2,Khác,ji chang wook,2,Khác,Yes,Unchanged,Unchanged,,,,,,,,,
92362607,,tái sinh báo thù,3,Phim ảnh,ca m,16,Khác,Yes,Changed,Phim ảnh -> Khác,,,,,,,,,
92401546,,em đẹp nhất là khi mỉm cười,4,Phim Trung Quốc,hon ca,4,Khác,Yes,Changed,Phim Trung Quốc -> Khác,,,,,,,,,
92491207,,hoán mệnh,2,Phim ảnh,phim cô dâu gián điệp của tôi,2,Khác,Yes,Changed,Phim ảnh -> Khác,,,,,,,,,
92851739,,thiếu nhi,13,Tìm kiếm chung,thiếu nhi,18,Tìm kiếm chung,No,Unchanged,Unchanged,,,,,,,,,
93006446,,lưỡi gươm diệt quỷ,2,Anime,fairy tail,2,Anime,Yes,Unchanged,Unchanged,,,,,,,,,
93121786,,người tình ánh trăng,2,Khác,eve,2,Phim Hàn Quốc,Yes,Changed,Khác -> Phim Hàn Quốc,,,,,,,,,
9319841,,fair,6,Khác,dao kiem than vuc phan 2,3,Khác,Yes,Unchanged,Unchanged,,,,,,,,,
93214633,,kinh pho mon,4,Khác,kinh pho mon,3,Khác,No,Unchanged,Unchanged,,,,,,,,,
93228494,,gửi thời thanh xuân ngây thơ tươi đẹp,2,Phim Trung Quốc,đừng gọi anh là cậu chủ,2,Khác,Yes,Changed,Phim Trung Quốc -> Khác,,,,,,,,,
93248628,,phim chung tử đơn,5,Khác,phim lý liên kiệt,2,Khác,Yes,Unchanged,Unchanged,,,,,,,,,
93277365,,queendom,8,Chương trình Hàn Quốc,46 ngày san bằng đám cưới,3,Phim Thái Lan,Yes,Changed,Chương trình Hàn Quốc -> Phim Thái Lan,,,,,,,,,
93416893,,vùng đất linh hồn,2,Tâm linh,hội pháp sư phần cuối,2,Anime,Yes,Changed,Tâm linh -> Anime,,,,,,,,,
93686805,,why her,3,Phim Hàn Quốc,kỉ nguyên trigger,2,Khác,Yes,Changed,Phim Hàn Quốc -> Khác,,,,,,,,,
93715380,,con gái bố già,2,Khác,u19 việt nam u19 thái lan,3,Khác,Yes,Unchanged,Unchanged,,,,,,,,,
93744198,,why her,4,Phim Hàn Quốc,why her,3,Phim Hàn Quốc,No,Unchanged,Unchanged,,,,,,,,,
93748749,,jujutsu kaisen,6,Anime,kimetsu no yaiba,2,Anime,Yes,Unchanged,Unchanged,,,,,,,,,
93752585,,bắt ma phá án,2,Phim Hàn Quốc,hoa gian tân nương,2,Phim Trung Quốc,Yes,Changed,Phim Hàn Quốc -> Phim Trung Quốc,,,,,,,,,
93773217,,hội pháp sư 2,3,Anime,hội pháp sư,5,Anime,Yes,Unchanged,Unchanged,,,,,,,,,
93839660,,thử thách thần tượng,5,Chương trình truyền hình,thử thách thần tượng running man,4,Chương trình truyền hình,Yes,Unchanged,Unchanged,,,,,,,,,
93984767,,be mbitious,2,Chương trình Hàn Quốc,dear m,2,Khác,Yes,Changed,Chương trình Hàn Quốc -> Khác,,,,,,,,,
93988017,,nguy cơ tiên sinh,2,Khác,em là niềm kiêu hãnh của anh,2,Khác,Yes,Unchanged,Unchanged,,,,,,,,,
94006276,,hoàng hậu công lược,2,Khác,the way to the heart,2,Khác,Yes,Unchanged,Unchanged,,,,,,,,,
94143196,,tân tây du ký,2,Phim Trung Quốc,i land,3,Khác,Yes,Changed,Phim Trung Quốc -> Khác,,,,,,,,,
94165274,,guitar concert,9,Khác,hòa tấu,7,Khác,Yes,Unchanged,Unchanged,,,,,,,,,
94186263,,30 chưa phải là hết,4,Phim Trung Quốc,seol in ah,2,Khác,Yes,Changed,Phim Trung Quốc -> Khác,,,,,,,,,
94205600,,chúc khanh hảo,4,Khác,tinh hà xán lạn,2,Phim Trung Quốc,Yes,Changed,Khác -> Phim Trung Quốc,,,,,,,,,
94298773,,sao băng,2,Khác,hoàng hậu cuối cùng thuyết minh,2,Phim Hàn Quốc,Yes,Changed,Khác -> Phim Hàn Quốc,,,,,,,,,
94377427,,cuộc sống thượng lưu,3,Phim Hàn Quốc,đời sống ngục tù,2,Phim Hàn Quốc,Yes,Unchanged,Unchanged,,,,,,,,,
94472474,,dau phong,2,Khác,doraemon,8,Anime,Yes,Changed,Khác -> Anime,,,,,,,,,
94514516,,vân tịch truyện,2,Phim Trung Quốc,yêu nhầm chị dâu,2,Phim Thái Lan,Yes,Changed,Phim Trung Quốc -> Phim Thái Lan,,,,,,,,,
94551521,,kẻ truyền thừa,2,Phim chiếu rạp,tinh han xan lan,2,Khác,Yes,Changed,Phim chiếu rạp -> Khác,,,,,,,,,
94653026,,fairy tail,5,Anime,fairy tail,5,Anime,No,Unchanged,Unchanged,,,,,,,,,
94653095,,hoa của quỷ,2,Phim Hàn Quốc,tại sao lại là oh soo jae,2,Phim Hàn Quốc,Yes,Unchanged,Unchanged,,,,,,,,,
9474523,,minh lan r,2,Khác,minh lan r,3,Khác,No,Unchanged,Unchanged,,,,,,,,,
94857389,,mị nguyệt truyện,3,Phim Trung Quốc,không độ chill cool,2,Khác,Yes,Changed,Phim Trung Quốc -> Khác,,,,,,,,,
94868654,,cô nàng trong trắng oh woo ri,2,Phim Hàn Quốc,bác sĩ yo han,3,Phim Hàn Quốc,Yes,Unchanged,Unchanged,,,,,,,,,
94876275,,spiderman,2,Khác,gặp gỡ,2,Khác,Yes,Unchanged,Unchanged,,,,,,,,,
94939671,,vin,2,Khác,penthouse,2,Phim Hàn Quốc,Yes,Changed,Khác -> Phim Hàn Quốc,,,,,,,,,
95085764,,fairy tail,2,Anime,hội pháp sư,6,Anime,Yes,Unchanged,Unchanged,,,,,,,,,
95271991,,cà phê nhạc trịnh,2,Khác,karaoke như cánh vạc bay,2,Âm nhạc,Yes,Changed,Khác -> Âm nhạc,,,,,,,,,
9529909,,ve d,2,Khác,than,6,Khác,Yes,Unchanged,Unchanged,,,,,,,,,
95355197,,em là định mệnh của anh,3,Phim Đài Loan,vẻ đẹp đích thực,2,Phim Hàn Quốc,Yes,Changed,Phim Đài Loan -> Phim Hàn Quốc,,,,,,,,,
9552537,,kênh nhân việt,15,Khác,kênh nhân việt,14,Khác,No,Unchanged,Unchanged,,,,,,,,,
95573945,,boruto,4,naruto the movie : Anime,baki,5,Anime,Yes,Changed,naruto the movie : Anime -> Anime,,,,,,,,,
95626039,,cuộc chiến thượng lưu,2,Phim Hàn Quốc,nhà trọ waikiki 2,2,Khác,Yes,Changed,Phim Hàn Quốc -> Khác,,,,,,,,,
95659792,,học viện cảnh sát,2,Phim Hàn Quốc,than,2,Khác,Yes,Changed,Phim Hàn Quốc -> Khác,,,,,,,,,
95741880,,vẻ đẹp đích thực,2,Phim Hàn Quốc,nga,2,Khác,Yes,Changed,Phim Hàn Quốc -> Khác,,,,,,,,,
95861854,,running man,2,Chương trình truyền hình,running man,2,Chương trình truyền hình,No,Unchanged,Unchanged,,,,,,,,,
95976959,,boruto naruto the movie,3,Anime,boruto naruto the movie,13,Anime,No,Unchanged,Unchanged,,,,,,,,,
96000897,,again my life,4,Phim Hàn Quốc,itaewon class,2,Khác,Yes,Changed,Phim Hàn Quốc -> Khác,,,,,,,,,
96036559,,nhất kiến khuynh tâm,2,Phim Trung Quốc,anh không thích thế giới này anh chỉ thích em,3,Phim Trung Quốc,Yes,Unchanged,Unchanged,,,,,,,,,
9607005,,võ mỵ,3,Khác,bằng chứng thép,4,Phim Hồng Kông,Yes,Changed,Khác -> Phim Hồng Kông,,,,,,,,,
96287720,,thế giới động vật,10,Tìm kiếm chung / Tài liệu,dân ca,30,Khác,Yes,Changed,Tìm kiếm chung / Tài liệu -> Khác,,,,,,,,,
96425776,,đại gia chân đất,11,Khác,mở nhạc trẻ 2020,3,Khác,Yes,Unchanged,Unchanged,,,,,,,,,
96471110,,nếu âm thanh có ký ức,2,Khác,thương khung,2,Khác,Yes,Unchanged,Unchanged,,,,,,,,,
9654458,,con ti,3,Khác,tuổi trẻ của tháng năm,2,Khác,Yes,Unchanged,Unchanged,,,,,,,,,
96585905,,hoàn châu,2,Khác,chỉ riêng mình em,3,Khác,Yes,Unchanged,Unchanged,,,,,,,,,
96628591,,rambo,2,Khác,bans,2,Khác,Yes,Unchanged,Unchanged,,,,,,,,,
96693148,,lý tiểu long và tôi,4,Phim ảnh,ngọc,2,Khác,Yes,Changed,Phim ảnh -> Khác,,,,,,,,,
96696179,,lão cửu môn,2,Khác,cẩm tâm tựa ngọc,2,Khác,Yes,Unchanged,Unchanged,,,,,,,,,
96884626,,cuộc chiến thượng lưu 3,2,Phim Hàn Quốc,nắm giữ sinh mệnh,2,Phim ảnh,Yes,Changed,Phim Hàn Quốc -> Phim ảnh,,,,,,,,,
96892772,,romantic doctor teacher kim,2,Khác,oan gia phòng cấp cứu,2,Khác,Yes,Unchanged,Unchanged,,,,,,,,,
96907429,,trực tiếp tuyển việt nam đá với tuyển afghanistan,2,Khác,phim hình sự việt nam,2,Khác,Yes,Unchanged,Unchanged,,,,,,,,,
97037084,,học viện anh hùng phần 3,3,Anime,thập đại anh hùng,2,Khác,Yes,Changed,Anime -> Khác,,,,,,,,,
97076151,,nastya,36,Khác,nastya,13,Khác,No,Unchanged,Unchanged,,,,,,,,,
97083737,,iu,2,Khác,spooky,2,Khác,Yes,Unchanged,Unchanged,,,,,,,,,
97460481,,yêu,4,Khác,bác sĩ trinh thám,2,Y khoa,Yes,Changed,Khác -> Y khoa,,,,,,,,,
97483272,,huong duong nguoc,2,Khác,tokyo,2,Khác,Yes,Unchanged,Unchanged,,,,,,,,,
97641373,,cô nàng trong trắng oh woo ri,2,Phim Hàn Quốc,xin chào tay súng thần,2,Khác,Yes,Changed,Phim Hàn Quốc -> Khác,,,,,,,,,
97642106,,tuyển tập gia đình là số một,2,phim ngắn việt nam : Phim Việt Nam,ve dep dich thuc,2,Khác,Yes,Changed,phim ngắn việt nam : Phim Việt Nam -> Khác,,,,,,,,,
97670882,,siêu nhân,2,Phim hoạt hình,siêu nhân,2,Phim hoạt hình,No,Unchanged,Unchanged,,,,,,,,,
97691262,,baki,7,Anime,attack on titan season 4,10,Anime,Yes,Unchanged,Unchanged,,,,,,,,,
97750938,,hiromyia,4,Khác,baki,4,Anime,Yes,Changed,Khác -> Anime,,,,,,,,,
97775439,,phim hàn quốc,2,Khác,mr queen,2,Phim Hàn Quốc,Yes,Changed,Khác -> Phim Hàn Quốc,,,,,,,,,
97854956,,gái nhật,2,Khác,gái nhật,3,Khác,No,Unchanged,Unchanged,,,,,,,,,
97880735,,nữ thanh tra tài ba,4,Phim Hàn Quốc,phàm nhân tu tiên,5,Phim hoạt hình 3D Trung Quốc,Yes,Changed,Phim Hàn Quốc -> Phim hoạt hình 3D Trung Quốc,,,,,,,,,
97894918,,spy family,2,Khác,boruto,4,naruto the movie : Anime,Yes,Changed,Khác -> naruto the movie : Anime,,,,,,,,,
97907741,,học viện anh hùng phần 5,8,Anime,được gặp em tại ngục tối liệu có sai phần 1,3,Khác,Yes,Changed,Anime -> Khác,,,,,,,,,
97921946,,doremon,6,Anime,khuemoclan,10,Khác,Yes,Changed,Anime -> Khác,,,,,,,,,
97926985,,bolero,3,Âm nhạc,bolero,3,Âm nhạc,No,Unchanged,Unchanged,,,,,,,,,
97963295,,bằng chứng thép 3,3,Phim Hồng Kông,hậu vệ mat,2,Khác,Yes,Changed,Phim Hồng Kông -> Khác,,,,,,,,,
97970500,,song thế thanh xà,2,Khác,cẩm tú nam ca,2,Khác,Yes,Unchanged,Unchanged,,,,,,,,,
97981262,,fairy tail,8,Anime,thanh thanh tử khâm,2,Phim Trung Quốc,Yes,Changed,Anime -> Phim Trung Quốc,,,,,,,,,
98043068,,mbitious,2,Khác,kimetsu no yaiba,3,Anime,Yes,Changed,Khác -> Anime,,,,,,,,,
98053255,,hospital playlist,2,Khác,anna,2,Phim Hàn Quốc,Yes,Changed,Khác -> Phim Hàn Quốc,,,,,,,,,
98118709,,fairy tail,2,Anime,kênh vtv1,4,Kênh truyền hình,Yes,Changed,Anime -> Kênh truyền hình,,,,,,,,,
98230934,,attack on titan season 4,5,Anime,chiến hạm,6,Khác,Yes,Changed,Anime -> Khác,,,,,,,,,
9824449,,oresuki,6,Khác,su kien u19 viet nam thai lan,2,Khác,Yes,Unchanged,Unchanged,,,,,,,,,
98281643,,khach,3,Khác,hồi kí vanitas,2,Anime,Yes,Changed,Khác -> Anime,,,,,,,,,
98300322,,shoo,5,Khác,nguoi tinh cua jin,4,Khác,Yes,Unchanged,Unchanged,,,,,,,,,
98366661,,xe cấp cứu,3,Phương tiện,xe cấp cứu,22,Phương tiện,No,Unchanged,Unchanged,,,,,,,,,
98394458,,mùa hè của hồ ly,2,Phim Trung Quốc,hôn lễ vĩnh hằng,2,Khác,Yes,Changed,Phim Trung Quốc -> Khác,,,,,,,,,
98403749,,em đẹp nhất là khi mỉm cười,4,Phim Trung Quốc,true beauty,2,Phim Hàn Quốc,Yes,Changed,Phim Trung Quốc -> Phim Hàn Quốc,,,,,,,,,
98422476,,phim xã hội đen trung quốc,3,Khác,nhạc không lời việt nam,2,Khác,Yes,Unchanged,Unchanged,,,,,,,,,
98473038,,võ mỵ nương truyền kỳ,2,Phim Trung Quốc,thiên nga bóng đêm eve,2,Phim Hàn Quốc,Yes,Changed,Phim Trung Quốc -> Phim Hàn Quốc,,,,,,,,,
98516200,,k2,5,Khác,nhat da,2,Khác,Yes,Unchanged,Unchanged,,,,,,,,,
98560932,,yt,3,Khác,oto,2,Khác,Yes,Unchanged,Unchanged,,,,,,,,,
98616632,,knocked up,3,Khác,argo,2,Khác,Yes,Unchanged,Unchanged,,,,,,,,,
98667432,,hoa của quỷ,2,Phim Hàn Quốc,em là một nửa đời anh,2,Khác,Yes,Changed,Phim Hàn Quốc -> Khác,,,,,,,,,
98686199,,thiên quan tứ phúc,12,Khác,rach mieu bridge,2,Khác,Yes,Unchanged,Unchanged,,,,,,,,,
98708913,,prime provider,3,Khác,dr stone season 2,2,Anime,Yes,Changed,Khác -> Anime,,,,,,,,,
98747667,,tấm cám chuyện chưa kể,2,chuyện chưa kể : Phim Việt Nam,tôi thấy hoa vàng trên cỏ xanh,2,Phim Việt Nam,Yes,Changed,chuyện chưa kể : Phim Việt Nam -> Phim Việt Nam,,,,,,,,,
98756155,,the sixth sense,2,Khác,những chàng trai tham vọng be mbitious,2,Phim Thái Lan,Yes,Changed,Khác -> Phim Thái Lan,,,,,,,,,
9884401,,bắt ma phá án,6,Phim Hàn Quốc,bạn trai tôi là hồ ly,3,Phim Hàn Quốc,Yes,Unchanged,Unchanged,,,,,,,,,
98854740,,ben 10,3,Khác,ngôi nhà ma,2,Tâm linh,Yes,Changed,Khác -> Tâm linh,,,,,,,,,
98871897,,vô tình nhặt được tổng tài,2,Phim Trung Quốc,con ruột con riêng,3,Phim Hàn Quốc,Yes,Changed,Phim Trung Quốc -> Phim Hàn Quốc,,,,,,,,,
98912278,,cuộc chiến thượng lưu 3,7,Phim Hàn Quốc,thiên nga bóng đêm,9,Phim Hàn Quốc,Yes,Unchanged,Unchanged,,,,,,,,,
98913891,,kimetsu no yaiba,2,Anime,sakura thủ lĩnh thẻ bài,2,Anime,Yes,Unchanged,Unchanged,,,,,,,,,
98944976,,cá mực hầm mật,11,Phim Trung Quốc,hương mật tựa khói sương,2,Phim Trung Quốc,Yes,Unchanged,Unchanged,,,,,,,,,
98946985,,hoa gian tân nương,2,Phim Trung Quốc,mặt nạ thủy tinh,2,Khác,Yes,Changed,Phim Trung Quốc -> Khác,,,,,,,,,
99106346,,fairy tail,2,Anime,fairytail,2,Khác,Yes,Changed,Anime -> Khác,,,,,,,,,
99207687,,liên khúc ngọc sơn,3,Âm nhạc,bảo yến,2,Âm nhạc,Yes,Unchanged,Unchanged,,,,,,,,,
99309306,,attack on titan final season,7,Anime,attack on titan final season,4,Anime,No,Unchanged,Unchanged,,,,,,,,,
99315237,,giong hat viet nhi 2017,2,Khác,giong hat viet nhi 2015,2,Khác,Yes,Unchanged,Unchanged,,,,,,,,,
99321872,,góa phụ nhí,24,Khác,tình yêu và định mệnh,28,Khác,Yes,Unchanged,Unchanged,,,,,,,,,
9935923,,chú thuật hồi chiến,2,Anime,kobayashi,5,Khác,Yes,Changed,Anime -> Khác,,,,,,,,,
99463518,,ca nhạc,5,Âm nhạc,ca nhạc,3,Âm nhạc,No,Unchanged,Unchanged,,,,,,,,,
99551130,,armor,6,Khác,bleach,3,Anime,Yes,Changed,Khác -> Anime,,,,,,,,,
9987722,,vẻ đẹp đích thực,2,Phim Hàn Quốc,hồi kí vanitas,3,Anime,Yes,Changed,Phim Hàn Quốc -> Anime,,,,,,,,,
99965630,,haikyu,6,Khác,ha,2,Khác,Yes,Unchanged,Unchanged,,,,,,,,,
99967600,,đại chiến titan,2,Anime,đao kiếm thần vực phần 4,3,Anime,Yes,Unchanged,Unchanged,,,,,,,,,
0013823,,naruto,2,Anime,boruto naruto the movie,5,Anime,Yes,Unchanged,Unchanged,,,,,,,,,
0052851,,trường vũ,2,Khác,24h yêu,4,Khác,Yes,Unchanged,Unchanged,,,,,,,,,
0063373,,thiên nga bóng đêm,3,Phim Hàn Quốc,thiên nga bóng đêm tập 7,2,Phim Hàn Quốc,Yes,Unchanged,Unchanged,,,,,,,,,
0072799,,sare,2,Khác,minh châu rực rỡ,2,Phim Thái Lan,Yes,Changed,Khác -> Phim Thái Lan,,,,,,,,,
0153358,,bão cát,2,Phim Thái Lan,tú bà cuối cùng s1,2,Khác,Yes,Changed,Phim Thái Lan -> Khác,,,,,,,,,
0156569,,xì trum,2,Khác,tuổi trẻ sục sôi,2,Khác,Yes,Unchanged,Unchanged,,,,,,,,,
0189380,,chuyện tình bác sĩ,2,Phim Hàn Quốc,để tích thực thuyết minh,2,Khác,Yes,Changed,Phim Hàn Quốc -> Khác,,,,,,,,,
0323192,,thanh thanh tử khâm,2,Phim Trung Quốc,tư đằng,2,Phim Trung Quốc,Yes,Unchanged,Unchanged,,,,,,,,,
0422064,,tuyển sinh,3,Khác,liên minh công lý phiên bản của zack snyder,3,phiên bản của zack snyder : Phim chiếu rạp / Siêu anh hùng,Yes,Changed,Khác -> phiên bản của zack snyder : Phim chiếu rạp / Siêu anh hùng,,,,,,,,,
0427682,,10 năm 3 tháng 30 ngày,7,Phim Trung Quốc,10 năm 3 tháng 30 ngày,4,Phim Trung Quốc,No,Unchanged,Unchanged,,,,,,,,,
0436037,,trần quốc việt,3,Khác,tôi là sợ,2,Khác,Yes,Unchanged,Unchanged,,,,,,,,,
06003219,,những chàng trai ngoan,2,Khác,hậu duệ mặt trời,2,Phim Hàn Quốc,Yes,Changed,Khác -> Phim Hàn Quốc,,,,,,,,,
06009395,,hội pháp sư,5,Anime,hội pháp sư,6,Anime,No,Unchanged,Unchanged,,,,,,,,,
06011614,,one punch man,2,Anime,luffy,2,Anime,Yes,Unchanged,Unchanged,,,,,,,,,
06012869,,minecraft,3,Khác,ma tốc độ,4,Phim chiếu rạp,Yes,Changed,Khác -> Phim chiếu rạp,,,,,,,,,
06013572,,vincenzo,2,Phim Hàn Quốc,bất động sản trừ tà,3,Phim Hàn Quốc,Yes,Unchanged,Unchanged,,,,,,,,,
06014765,,hàng xóm của tôi không chịu lớn,3,Phim Trung Quốc,con ruột con riêng,2,Phim Hàn Quốc,Yes,Changed,Phim Trung Quốc -> Phim Hàn Quốc,,,,,,,,,
06022596,,aikatsu idol activity part 1,10,Khác,lưỡi cưa 9,2,Khác,Yes,Unchanged,Unchanged,,,,,,,,,
06022802,,anime,2,Khác,chuy,2,Khác,Yes,Unchanged,Unchanged,,,,,,,,,
06023121,,f4,2,Giải trí,co n,2,Khác,Yes,Changed,Giải trí -> Khác,,,,,,,,,
06024731,,chuông báo tình yêu,2,Khác,cô nàng xinh đẹp,2,Phim Hàn Quốc,Yes,Changed,Khác -> Phim Hàn Quốc,,,,,,,,,
06028055,,lưỡi gươm diệt quỷ,9,Anime,lưỡi gươm diệt quỷ,5,Anime,No,Unchanged,Unchanged,,,,,,,,,
06030450,,trịnh nghiệp thành,2,Khác,âm dương sư,2,Khác,Yes,Unchanged,Unchanged,,,,,,,,,
06031297,,fairy tail,31,Anime,fairy tail,28,Anime,No,Unchanged,Unchanged,,,,,,,,,
06032166,,giải mã mê cung,2,Tâm linh,đi bụi,2,Khác,Yes,Changed,Tâm linh -> Khác,,,,,,,,,
06034311,,penthouse 2,12,Phim Hàn Quốc,xin đừng gặp anh ấy,2,Phim Hàn Quốc,Yes,Unchanged,Unchanged,,,,,,,,,
06039284,,fairy tail,4,Anime,fairy tail,2,Anime,No,Unchanged,Unchanged,,,,,,,,,
06041854,,mr queen,8,Phim Hàn Quốc,mr queen,2,Phim Hàn Quốc,No,Unchanged,Unchanged,,,,,,,,,
06047155,,chucky 2,2,Khác,tư đằng,2,Phim Trung Quốc,Yes,Changed,Khác -> Phim Trung Quốc,,,,,,,,,
06047239,,yeu,4,Khác,cuop bien vung ca,8,Khác,Yes,Unchanged,Unchanged,,,,,,,,,
06053649,,phim bảy viên ngọc rồng siêu cấp,2,Khác,tình yêu không khoảng cách,2,Khác,Yes,Unchanged,Unchanged,,,,,,,,,
06063828,,penthouse,4,Phim Hàn Quốc,anna,2,Phim Hàn Quốc,Yes,Unchanged,Unchanged,,,,,,,,,
06065004,,nabi tôi sẽ không yêu em,10,Phim Thái Lan,thâm kế độc tình,3,Phim Thái Lan,Yes,Unchanged,Unchanged,,,,,,,,,
06074356,,liên minh công lý phiên bản của zack snyder,3,phiên bản của zack snyder : Phim chiếu rạp / Siêu anh hùng,penthouse 2,4,Phim Hàn Quốc,Yes,Changed,phiên bản của zack snyder : Phim chiếu rạp / Siêu anh hùng -> Phim Hàn Quốc,,,,,,,,,
06080145,,lời nguyền ma lai,2,Phim Thái Lan,thước vải ma mị,4,Phim Thái Lan,Yes,Unchanged,Unchanged,,,,,,,,,
06081358,,tình cha,3,Khác,liên khúc tình cha,2,Âm nhạc,Yes,Changed,Khác -> Âm nhạc,,,,,,,,,
06082797,,attack on titan part 2,4,Anime,attack on titan season 4,15,Anime,Yes,Unchanged,Unchanged,,,,,,,,,
06092595,,fairy tail,2,Anime,fairy tail season 2,2,Anime,Yes,Unchanged,Unchanged,,,,,,,,,
06098452,,blues nơi đảo xanh,2,Khác,ngụy triếc minh,2,Khác,Yes,Unchanged,Unchanged,,,,,,,,,
06407702,,soma,5,Anime,soma,2,Anime,No,Unchanged,Unchanged,,,,,,,,,
06431936,,một con vịt,2,Âm nhạc thiếu nhi,một con vịt,4,Âm nhạc thiếu nhi,No,Unchanged,Unchanged,,,,,,,,,
06432902,,chuyện tình bác sĩ,3,Phim Hàn Quốc,người môi giới,2,Khác,Yes,Changed,Phim Hàn Quốc -> Khác,,,,,,,,,
06438239,,kênh htvc ca nhạc,2,Âm nhạc,liên minh công lý phiên bản của zack snyder,2,phiên bản của zack snyder : Phim chiếu rạp / Siêu anh hùng,Yes,Changed,Âm nhạc -> phiên bản của zack snyder : Phim chiếu rạp / Siêu anh hùng,,,,,,,,,
06442338,,bác sĩ yo han,3,Phim Hàn Quốc,lang y lừng danh,6,Khác,Yes,Changed,Phim Hàn Quốc -> Khác,,,,,,,,,
06444626,,lỡ,3,Khác,không phải định mệnh,5,Khác,Yes,Unchanged,Unchanged,,,,,,,,,
06447334,,boruto,3,naruto the movie : Anime,jujutsu kaisen,2,Anime,Yes,Changed,naruto the movie : Anime -> Anime,,,,,,,,,
06451333,,tiên nữ cử tạ kim bok joo,3,Phim Hàn Quốc,ngôi sao khoai tây,6,Phim Hàn Quốc,Yes,Unchanged,Unchanged,,,,,,,,,
06453878,,cuộc chiến thượng lưu,2,Phim Hàn Quốc,sát thủ nhân tạo,2,Khác,Yes,Changed,Phim Hàn Quốc -> Khác,,,,,,,,,
06481306,,why her,2,Phim Hàn Quốc,spy fami,2,Khác,Yes,Changed,Phim Hàn Quốc -> Khác,,,,,,,,,
06489967,,bang c,17,Khác,bang c,2,Khác,No,Unchanged,Unchanged,,,,,,,,,
06495796,,chúng ta làm bạn được không,2,Khác,dẫu có lỗi lầm,3,Khác,Yes,Unchanged,Unchanged,,,,,,,,,
06807900,,asian cup 2023,2,Khác,đôngtimo vs lào,3,Khác,Yes,Unchanged,Unchanged,,,,,,,,,
0681508,,tại sao lại là oh soo jae,2,Phim Hàn Quốc,naruto,2,Anime,Yes,Changed,Phim Hàn Quốc -> Anime,,,,,,,,,
06877132,,cuộc chiến thượng luuw phần 1 tập 1,2,Phim Hàn Quốc,trái tim lầm lỡ,2,Khác,Yes,Changed,Phim Hàn Quốc -> Khác,,,,,,,,,
06880354,,thu k,3,Khác,yeu kh,5,Khác,Yes,Unchanged,Unchanged,,,,,,,,,
06886752,,naruto,3,Anime,winx,4,Khác,Yes,Changed,Anime -> Khác,,,,,,,,,
06889336,,chu thuat hoi chien,2,Anime,harry potter,2,Phim chiếu rạp / Giả tưởng,Yes,Changed,Anime -> Phim chiếu rạp / Giả tưởng,,,,,,,,,
06889755,,hội pháp sư,3,Anime,cuộc chiến thượng lưu,2,Phim Hàn Quốc,Yes,Changed,Anime -> Phim Hàn Quốc,,,,,,,,,
06892005,,bắt ma phá án,3,Phim Hàn Quốc,công tố viên quân sự do bae man,2,Phim Hàn Quốc,Yes,Unchanged,Unchanged,,,,,,,,,
06893157,,cá mực hầm mật,3,Phim Trung Quốc,yêu em từ cái nhìn đầu tiên,2,Phim Trung Quốc,Yes,Unchanged,Unchanged,,,,,,,,,
0778029,,nguo,3,Khác,pho w,2,Khác,Yes,Unchanged,Unchanged,,,,,,,,,
0957368,,cuộc chiến,2,Khác,hậu duệ mặt trời,3,Phim Hàn Quốc,Yes,Changed,Khác -> Phim Hàn Quốc,,,,,,,,,
098964,,juma,5,Khác,có mỗi cái kia được,2,Khác,Yes,Unchanged,Unchanged,,,,,,,,,
1085656,,thử thách thần tượng,6,Chương trình truyền hình,thử thách thần tượng,2,Chương trình truyền hình,No,Unchanged,Unchanged,,,,,,,,,
1102916,,goblin,2,Phim Hàn Quốc,chàng hậu,2,Phim Hàn Quốc,Yes,Unchanged,Unchanged,,,,,,,,,
1138850,,why her,2,Phim Hàn Quốc,dao kie,2,Khác,Yes,Changed,Phim Hàn Quốc -> Khác,,,,,,,,,
1205919,,vit nhieu mau,3,Khác,youtobe,31,Khác,Yes,Unchanged,Unchanged,,,,,,,,,
1263836,,người nhện không còn nhà,2,không còn nhà : Phim chiếu rạp / Siêu anh hùng,eve,2,Phim Hàn Quốc,Yes,Changed,không còn nhà : Phim chiếu rạp / Siêu anh hùng -> Phim Hàn Quốc,,,,,,,,,
1293188,,blacklist,2,Khác,phàm nhân tu tiên phần 3,2,Phim hoạt hình 3D Trung Quốc,Yes,Changed,Khác -> Phim hoạt hình 3D Trung Quốc,,,,,,,,,
1322019,,vô hạn hệ thống,2,Khác,liên minh công lý phiên bản của zack snyder,2,phiên bản của zack snyder : Phim chiếu rạp / Siêu anh hùng,Yes,Changed,Khác -> phiên bản của zack snyder : Phim chiếu rạp / Siêu anh hùng,,,,,,,,,
1449014,,liên minh công lý phiên bản của zack snyder,2,phiên bản của zack snyder : Phim chiếu rạp / Siêu anh hùng,magic kai,2,Khác,Yes,Changed,phiên bản của zack snyder : Phim chiếu rạp / Siêu anh hùng -> Khác,,,,,,,,,
1539034,,vườn sao băng,3,Khác,nhất kiến khuynh tâm,2,Phim Trung Quốc,Yes,Changed,Khác -> Phim Trung Quốc,,,,,,,,,
1797545,,vebo tv,5,Khác,liên minh công lý phiên bản của zack snyder,2,phiên bản của zack snyder : Phim chiếu rạp / Siêu anh hùng,Yes,Changed,Khác -> phiên bản của zack snyder : Phim chiếu rạp / Siêu anh hùng,,,,,,,,,
2039419,,trữ tình,3,Âm nhạc,tôi thấy hoa vàng trên cỏ xanh,2,Phim Việt Nam,Yes,Changed,Âm nhạc -> Phim Việt Nam,,,,,,,,,
2097684,,xi,5,Khác,tom,3,Khác,Yes,Unchanged,Unchanged,,,,,,,,,
2125303,,thử thách thần chết giữa hai thế giới,2,giữa hai thế giới : Phim chiếu rạp / Giả tưởng,vua bếp soma phần 5,3,Anime,Yes,Changed,giữa hai thế giới : Phim chiếu rạp / Giả tưởng -> Anime,,,,,,,,,
2132008,,aerobic,7,Khác,1234231nhac,10,Khác,Yes,Unchanged,Unchanged,,,,,,,,,
2134588,,kế hoạch nguồn nhịp tim,2,Khác,bằng chứng thép 3,2,Phim Hồng Kông,Yes,Changed,Khác -> Phim Hồng Kông,,,,,,,,,
2540594,,thẩm phán ác ma,7,Phim Hàn Quốc,thiên nga bóng đêm,2,Phim Hàn Quốc,Yes,Unchanged,Unchanged,,,,,,,,,
2594385,,thử thách thần tượng,4,Chương trình truyền hình,thử thách thần tượng,2,Chương trình truyền hình,No,Unchanged,Unchanged,,,,,,,,,
2633025,,co dau nhap khau,2,Khác,biệt đội lego,3,Khác,Yes,Unchanged,Unchanged,,,,,,,,,
2692832,,nhất kiến khuynh tâm,2,Phim Trung Quốc,mặt nạ thủy tinh,4,Khác,Yes,Changed,Phim Trung Quốc -> Khác,,,,,,,,,
2707568,,minh lan truyện,2,Phim Trung Quốc,mỹ nhân mộ bạch thủ thuyết minh,3,Khác,Yes,Changed,Phim Trung Quốc -> Khác,,,,,,,,,
2809168,,heo peppa,5,Phim hoạt hình,heo peppa,2,Phim hoạt hình,No,Unchanged,Unchanged,,,,,,,,,
318623,,iron man,2,Khác,the break up,2,Khác,Yes,Unchanged,Unchanged,,,,,,,,,
3215363,,mị nguyệt truyện,7,Phim Trung Quốc,vân tịch truyện,5,Phim Trung Quốc,Yes,Unchanged,Unchanged,,,,,,,,,
3398105,,công tố viên chuyển sinh,2,Khác,mật danh k2,2,Khác,Yes,Unchanged,Unchanged,,,,,,,,,
3563853,,iron man,2,Khác,trò chơi vương quyền s4,4,Khác,Yes,Unchanged,Unchanged,,,,,,,,,
3609453,,yêu nhầm chị dâu,3,Phim Thái Lan,hoa gian tân nương,3,Phim Trung Quốc,Yes,Changed,Phim Thái Lan -> Phim Trung Quốc,,,,,,,,,
3628680,,ai chung tinh duoc mai,3,Khác,baz,7,Khác,Yes,Unchanged,Unchanged,,,,,,,,,
3960380,,chiều sân ga phương anh official mv,4,Khác,ca nhạc,2,Âm nhạc,Yes,Changed,Khác -> Âm nhạc,,,,,,,,,
3985319,,đêm tiền đồn,7,Khác,rừng lá thấp,5,Khác,Yes,Unchanged,Unchanged,,,,,,,,,
40068404,,cảnh đẹp ngày vui biết bao giờ,3,Phim Trung Quốc,cuộc chiến thượng lưu 2,4,Phim Hàn Quốc,Yes,Changed,Phim Trung Quốc -> Phim Hàn Quốc,,,,,,,,,
40267757,,cha sang,3,Khác,tiên kiếm kỳ hiệp,3,Khác,Yes,Unchanged,Unchanged,,,,,,,,,
40312654,,liên minh công lý phiên bản của zack snyder,2,phiên bản của zack snyder : Phim chiếu rạp / Siêu anh hùng,liên minh công lý phiên bản của zack snyder,2,phiên bản của zack snyder : Phim chiếu rạp / Siêu anh hùng,No,Unchanged,Unchanged,,,,,,,,,
40327278,,prime provider,13,Khác,prime provider,21,Khác,No,Unchanged,Unchanged,,,,,,,,,
40361171,,gui th,2,Khác,sáng như trăng trong mây,4,Khác,Yes,Unchanged,Unchanged,,,,,,,,,
40371944,,tinh trung nhạc phi,2,Khác,phủ khai phong,4,Khác,Yes,Unchanged,Unchanged,,,,,,,,,
40416734,,nàng bạch tuyết và bảy chú lùn,8,Phim hoạt hình,xe cấp cứu,2,Phương tiện,Yes,Changed,Phim hoạt hình -> Phương tiện,,,,,,,,,
40435033,,tình duyên,2,Khác,hai kich thuy nga,6,Khác,Yes,Unchanged,Unchanged,,,,,,,,,
40571647,,sousei,2,Khác,sword a,2,Anime,Yes,Changed,Khác -> Anime,,,,,,,,,
40639694,,anh em,3,Khác,batman,11,Khác,Yes,Unchanged,Unchanged,,,,,,,,,
40712343,,sao băng,5,Khác,vườn sao băng,3,Khác,Yes,Unchanged,Unchanged,,,,,,,,,
40757757,,người đẹp tóc mây,6,Phim hoạt hình,chú hề ma quái,2,Tâm linh,Yes,Changed,Phim hoạt hình -> Tâm linh,,,,,,,,,
40848848,,happiness,5,Phim Hàn Quốc,penthouse 3,2,Phim Hàn Quốc,Yes,Unchanged,Unchanged,,,,,,,,,
4092283,,xin chào,2,Khác,thử thách thần chết giữa hai thế giới,2,giữa hai thế giới : Phim chiếu rạp / Giả tưởng,Yes,Changed,Khác -> giữa hai thế giới : Phim chiếu rạp / Giả tưởng,,,,,,,,,
40929991,,hội pháp sư,2,Anime,vung dat linh hon,2,Tâm linh,Yes,Changed,Anime -> Tâm linh,,,,,,,,,
40976144,,2gether,2,Khác,tìm kiếm bằng giọng nói,2,Tìm kiếm chung / Chức năng,Yes,Changed,Khác -> Tìm kiếm chung / Chức năng,,,,,,,,,
41077825,,anh tham tu,3,Khác,anh tham tu,3,Khác,No,Unchanged,Unchanged,,,,,,,,,
41078024,,buited,2,Khác,con tim sắt đá,2,Phim Thái Lan,Yes,Changed,Khác -> Phim Thái Lan,,,,,,,,,
41085414,,siêu nhân,3,Phim hoạt hình,xe cấp cứu,4,Phương tiện,Yes,Changed,Phim hoạt hình -> Phương tiện,,,,,,,,,
4109384,,46 ngày san bằng đám cưới,2,Phim Thái Lan,tình yêu hoán kiếp,2,Khác,Yes,Changed,Phim Thái Lan -> Khác,,,,,,,,,
41185589,,xem tam mao tv,2,Khác,xem tam mao tv,2,Khác,No,Unchanged,Unchanged,,,,,,,,,
41215569,,youtube,6,Nền tảng,viet thang hat treo,2,Khác,Yes,Changed,Nền tảng -> Khác,,,,,,,,,
41244675,,học viện anh hùng phần 5,6,Anime,mr queen,5,Phim Hàn Quốc,Yes,Changed,Anime -> Phim Hàn Quốc,,,,,,,,,
41247684,,siêu nhân,2,Phim hoạt hình,siêu nhân,2,Phim hoạt hình,No,Unchanged,Unchanged,,,,,,,,,
41247838,,one punch man,3,Anime,hội pháp sư,3,Anime,Yes,Unchanged,Unchanged,,,,,,,,,
41265810,,châu tinh trì phủ nhận yêu người đẹp kém 42 tuổi,3,Tìm kiếm chung / Tin tức giải trí,người đẹp tóc mây,2,Phim hoạt hình,Yes,Changed,Tìm kiếm chung / Tin tức giải trí -> Phim hoạt hình,,,,,,,,,
41280368,,prime provider,2,Khác,prime provider,3,Khác,No,Unchanged,Unchanged,,,,,,,,,
41283483,,taxi driver,2,Phim Hàn Quốc,penthouse,2,Phim Hàn Quốc,Yes,Unchanged,Unchanged,,,,,,,,,
41350126,,bầu trời rực đỏ,7,Phim Hàn Quốc,theqioi son,2,Khác,Yes,Changed,Phim Hàn Quốc -> Khác,,,,,,,,,
41383970,,joke,2,Khác,penthouse 2,3,Phim Hàn Quốc,Yes,Changed,Khác -> Phim Hàn Quốc,,,,,,,,,
41387690,,sát thủ ninja,2,Khác,biệt đội bất hảo,2,Khác,Yes,Unchanged,Unchanged,,,,,,,,,
413996,,liên minh công lý phiên bản của zack snyder,2,phiên bản của zack snyder : Phim chiếu rạp / Siêu anh hùng,cô bé đến từ hành tinh vn,3,Khác,Yes,Changed,phiên bản của zack snyder : Phim chiếu rạp / Siêu anh hùng -> Khác,,,,,,,,,
41417374,,tìm kiếm bằng giọng nói,19,Tìm kiếm chung / Chức năng,tìm kiếm bằng giọng nói,2,Tìm kiếm chung / Chức năng,No,Unchanged,Unchanged,,,,,,,,,
41448753,,capt,2,Khác,spide,2,Khác,Yes,Unchanged,Unchanged,,,,,,,,,
41553911,,bạn trai tôi là hồ ly,2,Phim Hàn Quốc,dear m,2,Khác,Yes,Changed,Phim Hàn Quốc -> Khác,,,,,,,,,
41619241,,thiếu nhi,4,Tìm kiếm chung,thiếu nhi,2,Tìm kiếm chung,No,Unchanged,Unchanged,,,,,,,,,
41645156,,yeu,6,Khác,gui,11,Khác,Yes,Unchanged,Unchanged,,,,,,,,,
41645664,,prime provider,2,Khác,người thầy y đức 2,2,Phim Hàn Quốc,Yes,Changed,Khác -> Phim Hàn Quốc,,,,,,,,,
416657,,phim trường ma,2,Thể loại phim,trang cai,2,Khác,Yes,Changed,Thể loại phim -> Khác,,,,,,,,,
41665925,,thiếu nhi,6,Tìm kiếm chung,thiếu nhi,3,Tìm kiếm chung,No,Unchanged,Unchanged,,,,,,,,,
41707851,,cuộc sống thượng lưu,8,Phim Hàn Quốc,cuộc chiến thượng lưu,2,Phim Hàn Quốc,Yes,Unchanged,Unchanged,,,,,,,,,
41775587,,tay súng hàng đầu,2,Khác,lưỡi gươm diệt quỷ,2,Anime,Yes,Changed,Khác -> Anime,,,,,,,,,
41776571,,penthouse phần 2,2,Phim Hàn Quốc,penthouse 2,9,Phim Hàn Quốc,Yes,Unchanged,Unchanged,,,,,,,,,
41783336,,lưu ly mỹ nhân sát,5,Phim Trung Quốc,lưu ly mỹ nhân sát,5,Phim Trung Quốc,No,Unchanged,Unchanged,,,,,,,,,
41825324,,học viện anh hùng phần 4,4,Anime,vẻ đẹp đích thực,14,Phim Hàn Quốc,Yes,Changed,Anime -> Phim Hàn Quốc,,,,,,,,,
41832194,,chú thuật hồi chiến,7,Anime,waccha primagi,4,Khác,Yes,Changed,Anime -> Khác,,,,,,,,,
41856126,,đừng ngang ngược với chị,2,Khác,bây giờ chu,2,Khác,Yes,Unchanged,Unchanged,,,,,,,,,
41857924,,na tra ma đồng giáng thế,11,ma đồng giáng thế : Phim hoạt hình,na tra ma đồng giáng thế,6,ma đồng giáng thế : Phim hoạt hình,No,Unchanged,Unchanged,,,,,,,,,
41947349,,liên minh công lý phiên bản của zack snyder,5,phiên bản của zack snyder : Phim chiếu rạp / Siêu anh hùng,hoắc nguyên giáp,2,Khác,Yes,Changed,phiên bản của zack snyder : Phim chiếu rạp / Siêu anh hùng -> Khác,,,,,,,,,
41953629,,thách thức danh hài,2,Chương trình truyền hình,chú nhím thần tốc sonic,3,Khác,Yes,Changed,Chương trình truyền hình -> Khác,,,,,,,,,
41984019,,liên minh công lý phiên bản của zack snyder,2,phiên bản của zack snyder : Phim chiếu rạp / Siêu anh hùng,saku,2,Khác,Yes,Changed,phiên bản của zack snyder : Phim chiếu rạp / Siêu anh hùng -> Khác,,,,,,,,,
41995584,,trường ca hành,2,Khác,chúng ta không biết yêu,2,Phim Trung Quốc,Yes,Changed,Khác -> Phim Trung Quốc,,,,,,,,,
42107181,,fairy,2,Khác,naruto ngoai truyen,2,Anime,Yes,Changed,Khác -> Anime,,,,,,,,,
42123425,,sao băng,3,Khác,huyền thoại biển xanh,2,Phim Hàn Quốc,Yes,Changed,Khác -> Phim Hàn Quốc,,,,,,,,,
42123733,,thần bài,3,Khác,chiến dịch sói sa mạc,2,Khác,Yes,Unchanged,Unchanged,,,,,,,,,
42127981,,vẻ đẹp đích thực,2,Phim Hàn Quốc,thư ký kim sao thế,2,Phim Hàn Quốc,Yes,Unchanged,Unchanged,,,,,,,,,
42134215,,con heo đất,3,Âm nhạc thiếu nhi,con heo đất,8,Âm nhạc thiếu nhi,No,Unchanged,Unchanged,,,,,,,,,
42145562,,nghiệp trong phúc,2,Khác,nguy cơ tiên sinh,2,Khác,Yes,Unchanged,Unchanged,,,,,,,,,
42166385,,k sport,3,Khác,sports,9,Khác,Yes,Unchanged,Unchanged,,,,,,,,,
42179752,,jealousy,2,Khác,the wedding song,3,Khác,Yes,Unchanged,Unchanged,,,,,,,,,
42182072,,mortal kombat,2,Khác,rừng,3,Khác,Yes,Unchanged,Unchanged,,,,,,,,,
42182567,,một con vịt,2,Âm nhạc thiếu nhi,một con vịt,8,Âm nhạc thiếu nhi,No,Unchanged,Unchanged,,,,,,,,,
42182805,,lê hấp đường phèn,2,Phim Trung Quốc,hoa du ký,2,Phim Hàn Quốc,Yes,Changed,Phim Trung Quốc -> Phim Hàn Quốc,,,,,,,,,
42186714,,thanh gươm diệt quỷ phần kỹ viện trấn,2,Anime,gintama,2,Anime,Yes,Unchanged,Unchanged,,,,,,,,,
42199417,,điệp vụ báo hồng,3,Khác,boboiboy,4,Khác,Yes,Unchanged,Unchanged,,,,,,,,,
42203827,,gửi thời thanh xuân ngây thơ tươi đẹp,3,Phim Trung Quốc,cuồng si,2,Khác,Yes,Changed,Phim Trung Quốc -> Khác,,,,,,,,,
42251399,,baby shark,2,Âm nhạc thiếu nhi,baby shark,6,Âm nhạc thiếu nhi,No,Unchanged,Unchanged,,,,,,,,,
42307717,,again my life,6,Phim Hàn Quốc,happi,5,Khác,Yes,Changed,Phim Hàn Quốc -> Khác,,,,,,,,,
42313033,,phim võ thuật,4,Khác,phim võ thuật hồng kông,3,Khác,Yes,Unchanged,Unchanged,,,,,,,,,
42315071,,hội pháp sư,13,Anime,hội pháp sư,7,Anime,No,Unchanged,Unchanged,,,,,,,,,
42331763,,nước cờ đi vào tim em,14,Khác,truy sát,4,Khác,Yes,Unchanged,Unchanged,,,,,,,,,
42334430,,cuoc phi,5,Khác,overlord iv,2,Anime,Yes,Changed,Khác -> Anime,,,,,,,,,
42339268,,cuộc chiến thượng lưu,5,Phim Hàn Quốc,penthouse 4,2,Phim Hàn Quốc,Yes,Unchanged,Unchanged,,,,,,,,,
42363258,,nỗi vương vấn của hạ tiên sinh,3,Phim Trung Quốc,true beauty tập 1,2,Phim Hàn Quốc,Yes,Changed,Phim Trung Quốc -> Phim Hàn Quốc,,,,,,,,,
42393285,,clannad,2,Khác,kinposche,3,Khác,Yes,Unchanged,Unchanged,,,,,,,,,
42421528,,siêu nhân,5,Phim hoạt hình,khủng long,3,Động vật,Yes,Changed,Phim hoạt hình -> Động vật,,,,,,,,,
42430115,,thieu nu tinh nghich,2,Khác,bach loc,2,Khác,Yes,Unchanged,Unchanged,,,,,,,,,
42451898,,bầu trời đ,2,Khác,mây hạo ánh trăng,2,Khác,Yes,Unchanged,Unchanged,,,,,,,,,
42487190,,siêu nhân,6,Phim hoạt hình,siêu nhân,10,Phim hoạt hình,No,Unchanged,Unchanged,,,,,,,,,
42501081,,bolero,3,Âm nhạc,bolero,3,Âm nhạc,No,Unchanged,Unchanged,,,,,,,,,
4250170,,cắc tùng tùng,3,Khác,cắc tùng tùng,2,Khác,No,Unchanged,Unchanged,,,,,,,,,
42520111,,hoa du,2,Khác,mouse,2,Phim Hàn Quốc,Yes,Changed,Khác -> Phim Hàn Quốc,,,,,,,,,
42573494,,titan,5,Anime,may,2,Khác,Yes,Changed,Anime -> Khác,,,,,,,,,
42607123,,18 cong,2,Khác,bungou stray dogs season 2,2,Khác,Yes,Unchanged,Unchanged,,,,,,,,,
42613226,,liên minh công lý phiên bản của zack snyder,2,phiên bản của zack snyder : Phim chiếu rạp / Siêu anh hùng,liên minh công lý phiên bản của zack snyder,2,phiên bản của zack snyder : Phim chiếu rạp / Siêu anh hùng,No,Unchanged,Unchanged,,,,,,,,,
42622043,,prime provider,3,Khác,prime provider,2,Khác,No,Unchanged,Unchanged,,,,,,,,,
42624083,,một con vịt,5,Âm nhạc thiếu nhi,một con vịt,5,Âm nhạc thiếu nhi,No,Unchanged,Unchanged,,,,,,,,,
42631897,,hau d,4,Khác,người thầy y đức 2,2,Phim Hàn Quốc,Yes,Changed,Khác -> Phim Hàn Quốc,,,,,,,,,
42670333,,vtv6,8,Kênh truyền hình,chú chó đi hai chân,3,Khác,Yes,Changed,Kênh truyền hình -> Khác,,,,,,,,,
42688161,,đẳng cấp thú cưng 2,2,Khác,người đẹp tóc mây,2,Phim hoạt hình,Yes,Changed,Khác -> Phim hoạt hình,,,,,,,,,
42692582,,quốc vương,3,Khác,super idol,3,Khác,Yes,Unchanged,Unchanged,,,,,,,,,
42734941,,một con vịt,5,Âm nhạc thiếu nhi,một con vịt,7,Âm nhạc thiếu nhi,No,Unchanged,Unchanged,,,,,,,,,
42767261,,sao băng,3,Khác,quý ông hoàn hảo và cô nàng tạm được,3,Phim Trung Quốc,Yes,Changed,Khác -> Phim Trung Quốc,,,,,,,,,
42818937,,canh sat hinh su,3,Phim Việt Nam,tìm kiếm bằng giọng nói,4,Tìm kiếm chung / Chức năng,Yes,Changed,Phim Việt Nam -> Tìm kiếm chung / Chức năng,,,,,,,,,
42834080,,hương mật tựa khói sương,2,Phim Trung Quốc,luu l,3,Khác,Yes,Changed,Phim Trung Quốc -> Khác,,,,,,,,,
42925119,,hội pháp sư,15,Anime,lưỡi gươm diệt quỷ lang tho ren,2,Anime,Yes,Unchanged,Unchanged,,,,,,,,,
42939723,,thanh gươm diệt quỷ chuyến tàu vô tận,3,Anime,kẻ trộm mặt trăng minions,3,minions : Phim hoạt hình,Yes,Changed,Anime -> minions : Phim hoạt hình,,,,,,,,,
42975402,,nhiet,2,Khác,dang cap thu thach,3,Khác,Yes,Unchanged,Unchanged,,,,,,,,,
42979322,,sao băng,6,Khác,cổ máy thời gian,2,Khác,Yes,Unchanged,Unchanged,,,,,,,,,
43004849,,nàng bạch tuyết và bảy chú lùn,2,Phim hoạt hình,nàng bạch tuyết và bảy chú lùn,2,Phim hoạt hình,No,Unchanged,Unchanged,,,,,,,,,
43025036,,phi nhung,2,Âm nhạc,phi nhung,2,Âm nhạc,No,Unchanged,Unchanged,,,,,,,,,
43125084,,học viện anh hùng phần 2,2,Anime,học viện anh hùng phần 2,2,Anime,No,Unchanged,Unchanged,,,,,,,,,
43173125,,nu thanh,3,Khác,cô nàng đẹp trai,4,Khác,Yes,Unchanged,Unchanged,,,,,,,,,
43214183,,bạn trai tôi là hồ ly,2,Phim Hàn Quốc,người đẹp và quái vật,2,Khác,Yes,Changed,Phim Hàn Quốc -> Khác,,,,,,,,,
43253569,,goblin,2,Phim Hàn Quốc,one punch man,2,Anime,Yes,Changed,Phim Hàn Quốc -> Anime,,,,,,,,,
43337145,,chỉ còn những mùa nhớ,4,Khác,chỉ còn những mùa nhớ,5,Khác,No,Unchanged,Unchanged,,,,,,,,,
43423787,,john wick,2,Phim chiếu rạp / Hành động,doom day,2,Khác,Yes,Changed,Phim chiếu rạp / Hành động -> Khác,,,,,,,,,
43453128,,thanh gươm diệt quỷ phần kỹ viện trấn,2,Anime,naruto,3,Anime,Yes,Unchanged,Unchanged,,,,,,,,,
43456673,,học viện quân sự liệt hỏa,3,Phim Trung Quốc,em là thành trì doanh lũy của anh,3,Phim Trung Quốc,Yes,Unchanged,Unchanged,,,,,,,,,
43719824,,one punch man,4,Anime,hoa du ký,4,Phim Hàn Quốc,Yes,Changed,Anime -> Phim Hàn Quốc,,,,,,,,,
43727728,,thiên nga bóng đêm,2,Phim Hàn Quốc,chàng hậu,2,Phim Hàn Quốc,Yes,Unchanged,Unchanged,,,,,,,,,
43821876,,hát mãi ước mơ,5,Khác,phù thủy tối thượng trong đa vũ trụ hỗn loạn,2,Khác,Yes,Unchanged,Unchanged,,,,,,,,,
43841480,,xe cấp cứu,3,Phương tiện,oggy oggy,3,Phim hoạt hình,Yes,Changed,Phương tiện -> Phim hoạt hình,,,,,,,,,
43877140,,jujutsu kaisen,5,Anime,boku no hero academia season 5,2,Anime,Yes,Unchanged,Unchanged,,,,,,,,,
43909744,,tiêu chiến,2,Khác,chàng hậu,2,Phim Hàn Quốc,Yes,Changed,Khác -> Phim Hàn Quốc,,,,,,,,,
43958897,,keep running,2,Chương trình Trung Quốc,shing,2,Khác,Yes,Changed,Chương trình Trung Quốc -> Khác,,,,,,,,,
44023450,,liên minh công lý phiên bản của zack snyder,3,phiên bản của zack snyder : Phim chiếu rạp / Siêu anh hùng,liên minh công lý phiên bản của zack snyder,4,phiên bản của zack snyder : Phim chiếu rạp / Siêu anh hùng,No,Unchanged,Unchanged,,,,,,,,,
44074658,,thiếu nhi,3,Tìm kiếm chung,thiếu nhi,4,Tìm kiếm chung,No,Unchanged,Unchanged,,,,,,,,,
44075437,,tải la bàn,2,Khác,khôi phuc fook,2,Khác,Yes,Unchanged,Unchanged,,,,,,,,,
44089596,,pokémon,7,Anime,conan thám tử lừng danh,4,Anime,Yes,Unchanged,Unchanged,,,,,,,,,
44112921,,liên minh công lý phiên bản của zack snyder,2,phiên bản của zack snyder : Phim chiếu rạp / Siêu anh hùng,iamchi,3,Khác,Yes,Changed,phiên bản của zack snyder : Phim chiếu rạp / Siêu anh hùng -> Khác,,,,,,,,,
44133290,,hội pháp sư,13,Anime,hội pháp sư phần cuối,16,Anime,Yes,Unchanged,Unchanged,,,,,,,,,
44140507,,teletu,4,Khác,song di,2,Khác,Yes,Unchanged,Unchanged,,,,,,,,,
44143500,,bolero,2,Âm nhạc,baby shark,2,Âm nhạc thiếu nhi,Yes,Changed,Âm nhạc -> Âm nhạc thiếu nhi,,,,,,,,,
44213811,,sao băng,6,Khác,hàng xóm của tôi không chịu lớn,8,Phim Trung Quốc,Yes,Changed,Khác -> Phim Trung Quốc,,,,,,,,,
44239196,,người thương kẻ nhớ,2,Khác,hoắc nguyên giáp,2,Khác,Yes,Unchanged,Unchanged,,,,,,,,,
44252016,,tam sinh tam thế thập lý đào hoa,2,Khác,cô nàng xinh đẹp,2,Phim Hàn Quốc,Yes,Changed,Khác -> Phim Hàn Quốc,,,,,,,,,
44325782,,nữ thanh tra tài ba,2,Phim Hàn Quốc,mật mã phù thủy phần 1,2,Tâm linh,Yes,Changed,Phim Hàn Quốc -> Tâm linh,,,,,,,,,
44335141,,liên khúc bolero,5,Âm nhạc,liên khúc bolero,10,Âm nhạc,No,Unchanged,Unchanged,,,,,,,,,
44351349,,fairy tail,73,Anime,fairy tail,7,Anime,No,Unchanged,Unchanged,,,,,,,,,
44497587,,cái giá của tham vọng,9,Khác,cửa hàng bí mật,6,Khác,Yes,Unchanged,Unchanged,,,,,,,,,
44503226,,hội pháp sư,5,Anime,hội pháp sư,6,Anime,No,Unchanged,Unchanged,,,,,,,,,
4450661,,người chạy đua một bộ phim về anthony bourdain,2,Khác,phòng 1408,4,Khác,Yes,Unchanged,Unchanged,,,,,,,,,
44521756,,mặt trăng ôm mặt trời,6,Phim Hàn Quốc,pent,4,Khác,Yes,Changed,Phim Hàn Quốc -> Khác,,,,,,,,,
44536053,,một con vịt,5,Âm nhạc thiếu nhi,một con vịt,4,Âm nhạc thiếu nhi,No,Unchanged,Unchanged,,,,,,,,,
44555313,,bo gia,3,Khác,tuoi tr,2,Khác,Yes,Unchanged,Unchanged,,,,,,,,,
44582396,,kênh vtv6,2,Kênh truyền hình,at,2,Khác,Yes,Changed,Kênh truyền hình -> Khác,,,,,,,,,
44590632,,võ cổ truyền mad7 ngày 1,2,Khác,lầu bát đạo,2,Khác,Yes,Unchanged,Unchanged,,,,,,,,,
44594942,,hope,4,Khác,pachinco,2,Khác,Yes,Unchanged,Unchanged,,,,,,,,,
44597388,,trữ tình,2,Âm nhạc,sống,4,Khác,Yes,Changed,Âm nhạc -> Khác,,,,,,,,,
44603536,,penthouse 3,2,Phim Hàn Quốc,vuon sa,2,Khác,Yes,Changed,Phim Hàn Quốc -> Khác,,,,,,,,,
44611065,,liên minh công lý phiên bản của zack snyder,4,phiên bản của zack snyder : Phim chiếu rạp / Siêu anh hùng,2ngay 1dem,4,Khác,Yes,Changed,phiên bản của zack snyder : Phim chiếu rạp / Siêu anh hùng -> Khác,,,,,,,,,
44617975,,liên minh công lý phiên bản của zack snyder,3,phiên bản của zack snyder : Phim chiếu rạp / Siêu anh hùng,true beauty,2,Phim Hàn Quốc,Yes,Changed,phiên bản của zack snyder : Phim chiếu rạp / Siêu anh hùng -> Phim Hàn Quốc,,,,,,,,,
44631201,,hậu duệ mặt trời,6,Phim Hàn Quốc,ngôi sao khoai tây,39,Phim Hàn Quốc,Yes,Unchanged,Unchanged,,,,,,,,,
44714925,,heo peppa,2,Phim hoạt hình,heo peppa,9,Phim hoạt hình,No,Unchanged,Unchanged,,,,,,,,,
4477515,,lính bắn tỉa nhiệm vụ tối mật,2,Khác,vua sư tử,2,Khác,Yes,Unchanged,Unchanged,,,,,,,,,
44779839,,kẻ sát nhân,2,Khác,hạnh phúc đến vạn gia,5,Phim Trung Quốc,Yes,Changed,Khác -> Phim Trung Quốc,,,,,,,,,
44797891,,nữ thanh tra tài ba,4,Phim Hàn Quốc,ngược dòng thời gian để yeey anh,2,Khác,Yes,Changed,Phim Hàn Quốc -> Khác,,,,,,,,,
44801828,,born again,2,Khác,tư đằng,2,Phim Trung Quốc,Yes,Changed,Khác -> Phim Trung Quốc,,,,,,,,,
44864683,,ngôi sao khoai tây,3,Phim Hàn Quốc,ngôi sao khoai tây,2,Phim Hàn Quốc,No,Unchanged,Unchanged,,,,,,,,,
44885845,,hoa du ký,2,Phim Hàn Quốc,mặt trăng ôm mặt trời,2,Phim Hàn Quốc,Yes,Unchanged,Unchanged,,,,,,,,,
44892176,,phim ngắn,2,Khác,truc tiep bong da vong 5 giai vo dich quoc gia viet nam 2022,3,Khác,Yes,Unchanged,Unchanged,,,,,,,,,
44968718,,bolero,2,Âm nhạc,bolero,2,Âm nhạc,No,Unchanged,Unchanged,,,,,,,,,
45044597,,one punch man,2,Anime,attack on titan part 1,2,Anime,Yes,Unchanged,Unchanged,,,,,,,,,
45069212,,fairy tail,6,Anime,fairy tail,6,Anime,No,Unchanged,Unchanged,,,,,,,,,
45091972,,sakura thủ lĩnh thẻ bài ss3,2,Anime,fairy tail,2,Anime,Yes,Unchanged,Unchanged,,,,,,,,,
45092447,,mây họa ánh trăng,5,Phim Hàn Quốc,thiên tài lang băm,2,Phim Hàn Quốc,Yes,Unchanged,Unchanged,,,,,,,,,
45283169,,thương ngày nắng về,2,Phim Việt Nam,chạy đâu cho thoát,2,Khác,Yes,Changed,Phim Việt Nam -> Khác,,,,,,,,,
45304972,,paw patrol,7,Phim hoạt hình,paw patrol,14,Phim hoạt hình,No,Unchanged,Unchanged,,,,,,,,,
45316764,,yêu nhầm chị dâu,3,Phim Thái Lan,hậu cung như ý truyện,5,Phim Trung Quốc,Yes,Changed,Phim Thái Lan -> Phim Trung Quốc,,,,,,,,,
45325403,,paw patrol,5,Phim hoạt hình,paw patrol,5,Phim hoạt hình,No,Unchanged,Unchanged,,,,,,,,,
45358372,,trữ tình,5,Âm nhạc,trữ tình,3,Âm nhạc,No,Unchanged,Unchanged,,,,,,,,,
45459169,,bắt ma phá án,3,Phim Hàn Quốc,minh châu rực rỡ,2,Phim Thái Lan,Yes,Changed,Phim Hàn Quốc -> Phim Thái Lan,,,,,,,,,
45581219,,kimsaothe,3,Khác,bằng chứng thép,2,Phim Hồng Kông,Yes,Changed,Khác -> Phim Hồng Kông,,,,,,,,,
45646904,,mèo oggy và những chú gián tinh nghịch,2,Phim hoạt hình,siêu nhân,3,Phim hoạt hình,Yes,Unchanged,Unchanged,,,,,,,,,
45650109,,mở cải lương,3,Âm nhạc,mở cải lương,2,Âm nhạc,No,Unchanged,Unchanged,,,,,,,,,
45684667,,vin,2,Khác,thẩm phán ác ma,3,Phim Hàn Quốc,Yes,Changed,Khác -> Phim Hàn Quốc,,,,,,,,,
45762390,,tìm nhau,2,Khác,bộ phim về hiphop,2,Thể loại phim,Yes,Changed,Khác -> Thể loại phim,,,,,,,,,
45794032,,dương dương,2,Khác,park bo gum,4,Khác,Yes,Unchanged,Unchanged,,,,,,,,,
45812266,,su tr,2,Khác,hiep,3,Khác,Yes,Unchanged,Unchanged,,,,,,,,,
45820197,,tái sinh báo thù,2,Phim ảnh,yêu tinh,2,Phim Hàn Quốc,Yes,Changed,Phim ảnh -> Phim Hàn Quốc,,,,,,,,,
45829220,,penthouse,2,Phim Hàn Quốc,penthouse,3,Phim Hàn Quốc,No,Unchanged,Unchanged,,,,,,,,,
4590991,,ngôi sao khoai tây,3,Phim Hàn Quốc,săn ma ở thế giới khác,2,Tâm linh,Yes,Changed,Phim Hàn Quốc -> Tâm linh,,,,,,,,,
45915327,,lê hấp đường phèn,2,Phim Trung Quốc,mr queen,3,Phim Hàn Quốc,Yes,Changed,Phim Trung Quốc -> Phim Hàn Quốc,,,,,,,,,
46026711,,phim cô nàng trong trắng,2,Phim Hàn Quốc,kẻ quyến rũ đa tài,3,Khác,Yes,Changed,Phim Hàn Quốc -> Khác,,,,,,,,,
46045316,,ngôi nhà ma ám,5,Tâm linh,bolero,3,Âm nhạc,Yes,Changed,Tâm linh -> Âm nhạc,,,,,,,,,
46149977,,vô tình nhặt được tổng tài,5,Phim Trung Quốc,em đẹp nhất là khi mỉm cười,21,Phim Trung Quốc,Yes,Unchanged,Unchanged,,,,,,,,,
46174348,,kẻ săn người,2,Khác,runningman,2,Khác,Yes,Unchanged,Unchanged,,,,,,,,,
4635101,,18 again,5,Khác,tiên nữ cử tạ kim bok joo,7,Phim Hàn Quốc,Yes,Changed,Khác -> Phim Hàn Quốc,,,,,,,,,
46508329,,bạn trai tôi là hồ ly,7,Phim Hàn Quốc,chú thuật hồi chiến,2,Anime,Yes,Changed,Phim Hàn Quốc -> Anime,,,,,,,,,
46628892,,fairy tail,2,Anime,fairy tail,4,Anime,No,Unchanged,Unchanged,,,,,,,,,
46843342,,thiên nga bóng đêm,3,Phim Hàn Quốc,voice,2,Phim Hàn Quốc,Yes,Unchanged,Unchanged,,,,,,,,,
47024514,,nhật ký thường ngày của tiên vương,2,Phim hoạt hình 3D Trung Quốc,fairy,3,Khác,Yes,Changed,Phim hoạt hình 3D Trung Quốc -> Khác,,,,,,,,,
4704294,,phàm nhân tu tiên,3,Phim hoạt hình 3D Trung Quốc,phàm nhân tu tiên,2,Phim hoạt hình 3D Trung Quốc,No,Unchanged,Unchanged,,,,,,,,,
47118636,,yowamushi pedal,2,Khác,yowamushi pedal,3,Khác,No,Unchanged,Unchanged,,,,,,,,,
47131879,,khí công địa đạo 2017 phần 3,2,Khác,số đỏ 1990 tập 2 tập cuối,8,Khác,Yes,Unchanged,Unchanged,,,,,,,,,
47324422,,running man,4,Chương trình truyền hình,running man,2,Chương trình truyền hình,No,Unchanged,Unchanged,,,,,,,,,
47403946,,sao băng,2,Khác,tiên nữ không kiêng cữ,2,Khác,Yes,Unchanged,Unchanged,,,,,,,,,
47502838,,kinh song,2,Khác,kinh song,5,Khác,No,Unchanged,Unchanged,,,,,,,,,
47536397,,attack on titan final season,2,Anime,attack on titan shingeki no kyojin,2,Anime,Yes,Unchanged,Unchanged,,,,,,,,,
4769774,,shokugeki no souma san no sara shokugeki no souma season 3,3,Khác,dr stone,2,Anime,Yes,Changed,Khác -> Anime,,,,,,,,,
47721400,,nhím sonic 2,2,Phim hoạt hình,kênh,3,Khác,Yes,Changed,Phim hoạt hình -> Khác,,,,,,,,,
47917585,,hồ nhất thiên,2,Khác,nàng vệ sĩ,2,Khác,Yes,Unchanged,Unchanged,,,,,,,,,
47963717,,vo,6,Khác,không nói,2,Khác,Yes,Unchanged,Unchanged,,,,,,,,,
47983444,,người tình ánh trăng,2,Khác,giác quan thứ sáu,2,Chương trình truyền hình,Yes,Changed,Khác -> Chương trình truyền hình,,,,,,,,,
48053734,,fairy tail,3,Anime,fair,2,Khác,Yes,Changed,Anime -> Khác,,,,,,,,,
48065459,,sao băng,2,Khác,thử thách thần tượng,3,Chương trình truyền hình,Yes,Changed,Khác -> Chương trình truyền hình,,,,,,,,,
48649439,,co be masha va ch,3,Khác,dam cuoi nha,2,Khác,Yes,Unchanged,Unchanged,,,,,,,,,
48734887,,sao băng,2,Khác,nam g,10,Khác,Yes,Unchanged,Unchanged,,,,,,,,,
48736476,,cuộc chiến dưới tháp cổ,2,Khác,đại đường minh nguyệt,3,Phim Trung Quốc,Yes,Changed,Khác -> Phim Trung Quốc,,,,,,,,,
48794723,,cậu bé mất tích,2,Phim truyền hình / Viễn tưởng (Stranger Things),tôi thấy hoa vàng trên cỏ xanh,2,Phim Việt Nam,Yes,Changed,Phim truyền hình / Viễn tưởng (Stranger Things) -> Phim Việt Nam,,,,,,,,,
48800917,,lửa chiến,5,Khác,lửa chiến,5,Khác,No,Unchanged,Unchanged,,,,,,,,,
48808260,,bolero,3,Âm nhạc,anh slenderman bắn,2,Khác,Yes,Changed,Âm nhạc -> Khác,,,,,,,,,
48845929,,kimetsu no yaiba,6,Anime,học viện anh hùng phần 5,10,Anime,Yes,Unchanged,Unchanged,,,,,,,,,
48915435,,một đời một kiếp,2,Khác,hơn cả tình bạn,2,Phim Hàn Quốc,Yes,Changed,Khác -> Phim Hàn Quốc,,,,,,,,,
49034002,,bắt ma phá án,4,Phim Hàn Quốc,biệt đội săn ma chuyển kiếp,3,Tâm linh,Yes,Changed,Phim Hàn Quốc -> Tâm linh,,,,,,,,,
49052913,,sáng tạo,2,Khác,siêu nhân,3,Phim hoạt hình,Yes,Changed,Khác -> Phim hoạt hình,,,,,,,,,
49079133,,nỗi vương vấn của hạ tiên sinh,2,Phim Trung Quốc,con tau y duc,2,Khác,Yes,Changed,Phim Trung Quốc -> Khác,,,,,,,,,
49079502,,vẻ đẹp đích thực,25,Phim Hàn Quốc,chàng hậu,4,Phim Hàn Quốc,Yes,Unchanged,Unchanged,,,,,,,,,
49117939,,ca m,2,Khác,cá mực hầm mật,6,Phim Trung Quốc,Yes,Changed,Khác -> Phim Trung Quốc,,,,,,,,,
49118622,,yêu nhầm chị dâu,2,Phim Thái Lan,con tim sắt đá,2,Phim Thái Lan,Yes,Unchanged,Unchanged,,,,,,,,,
49120923,,thanh gươm diệt quỷ phần kỹ viện trấn,7,Anime,lưỡi gươm diệt quỷ,2,Anime,Yes,Unchanged,Unchanged,,,,,,,,,
49138130,,mắt xích hận thù,3,Phim Thái Lan,khu vườn bí mật,2,Phim Hàn Quốc,Yes,Changed,Phim Thái Lan -> Phim Hàn Quốc,,,,,,,,,
49141858,,paw patrol,3,Phim hoạt hình,paw patrol,33,Phim hoạt hình,No,Unchanged,Unchanged,,,,,,,,,
49151466,,attack on titan season 4,4,Anime,demon slayer mugen train arc,3,mugen train arc : Anime,Yes,Changed,Anime -> mugen train arc : Anime,,,,,,,,,
49156600,,tái sinh báo thù,2,Phim ảnh,bạch phát vương phi,3,Phim Trung Quốc,Yes,Changed,Phim ảnh -> Phim Trung Quốc,,,,,,,,,
49159319,,the hunger games bắt lửa,7,Khác,à ơi,3,Khác,Yes,Unchanged,Unchanged,,,,,,,,,
49170445,,lưỡi gươm diệt quỷ,6,Anime,dr stone,8,Anime,Yes,Unchanged,Unchanged,,,,,,,,,
49180038,,the ga,2,Khác,mai mai mot tinh yeu,2,Khác,Yes,Unchanged,Unchanged,,,,,,,,,
49186610,,giong hat viet,2,Khác,yêu em từ cái nhìn đầu tiên,2,Phim Trung Quốc,Yes,Changed,Khác -> Phim Trung Quốc,,,,,,,,,
49189767,,street man figter,2,Khác,street man fight,4,Khác,Yes,Unchanged,Unchanged,,,,,,,,,
49191110,,boonie bears spring into action,4,Khác,boon,2,Khác,Yes,Unchanged,Unchanged,,,,,,,,,
49198040,,ngàn vạn lần vì em,3,Khác,mặt xích hận thù,2,Phim Thái Lan,Yes,Changed,Khác -> Phim Thái Lan,,,,,,,,,
49199958,,hoi p,6,Khác,sk8,3,Khác,Yes,Unchanged,Unchanged,,,,,,,,,
49209381,,avatar the last airbender,2,Khác,doraemon,2,Anime,Yes,Changed,Khác -> Anime,,,,,,,,,
49209699,,chú thuật hồi chiến,2,Anime,học viện anh hùng,2,Khác,Yes,Changed,Anime -> Khác,,,,,,,,,
49216313,,đàm vĩnh hưng,5,Khác,bao cong,3,Khác,Yes,Unchanged,Unchanged,,,,,,,,,
49225026,,giọng hát việt nhí,2,Khác,thần tượng bolero năm 2019,2,Âm nhạc,Yes,Changed,Khác -> Âm nhạc,,,,,,,,,
49226020,,cô nàng trong trắng oh woo ri,2,Phim Hàn Quốc,bat ma,2,Tâm linh,Yes,Changed,Phim Hàn Quốc -> Tâm linh,,,,,,,,,
49233820,,hiep si,12,Khác,sieu nhan,3,Phim hoạt hình,Yes,Changed,Khác -> Phim hoạt hình,,,,,,,,,
49251789,,luoi,5,Khác,stree,2,Khác,Yes,Unchanged,Unchanged,,,,,,,,,
49259175,,học viện anh hùng phần 2,6,Anime,hau d,30,Khác,Yes,Changed,Anime -> Khác,,,,,,,,,
49261206,,siêu nhân,32,Phim hoạt hình,siêu nhân,38,Phim hoạt hình,No,Unchanged,Unchanged,,,,,,,,,
49280987,,attack on titan final season,4,Anime,attack on titan season 4,4,Anime,Yes,Unchanged,Unchanged,,,,,,,,,
49290577,,cam y,3,Khác,tham c,4,Khác,Yes,Unchanged,Unchanged,,,,,,,,,
49290649,,thử thách thần chết giữa hai thế giới,6,giữa hai thế giới : Phim chiếu rạp / Giả tưởng,thử thách thần chết giữa hai thế giới,6,giữa hai thế giới : Phim chiếu rạp / Giả tưởng,No,Unchanged,Unchanged,,,,,,,,,
49321786,,ca cổ,10,Âm nhạc,tôi thấy hoa vàng trên cỏ xanh,3,Phim Việt Nam,Yes,Changed,Âm nhạc -> Phim Việt Nam,,,,,,,,,
49322519,,bộ phim naruto,2,Anime,tìm kiếm bằng giọng nói,3,Tìm kiếm chung / Chức năng,Yes,Changed,Anime -> Tìm kiếm chung / Chức năng,,,,,,,,,
49331750,,cô vợ bắt buộc,3,Phim Thái Lan,thính tuyết lâu,3,Phim Trung Quốc,Yes,Changed,Phim Thái Lan -> Phim Trung Quốc,,,,,,,,,
49338157,,trữ tình,6,Âm nhạc,trữ tình,3,Âm nhạc,No,Unchanged,Unchanged,,,,,,,,,
49348143,,pent,5,Khác,ban dao,5,Khác,Yes,Unchanged,Unchanged,,,,,,,,,
49349462,,đêm tối tokyo phần 1,2,Khác,đai chiến người khủng lồ,3,Khác,Yes,Unchanged,Unchanged,,,,,,,,,
49352292,,một con vịt,2,Âm nhạc thiếu nhi,con cào cào,6,Âm nhạc thiếu nhi,Yes,Unchanged,Unchanged,,,,,,,,,
49368666,,dr stone,3,Anime,kimetsu no yaiba,2,Anime,Yes,Unchanged,Unchanged,,,,,,,,,
49376205,,luoi,6,Khác,one p,4,Khác,Yes,Unchanged,Unchanged,,,,,,,,,
49388150,,miễn trời cao còn ánh dương,2,Khác,heroine tarumono,4,Khác,Yes,Unchanged,Unchanged,,,,,,,,,
49388428,,luật sư vô pháp,2,Khác,hoàn hồn,2,Phim Hàn Quốc,Yes,Changed,Khác -> Phim Hàn Quốc,,,,,,,,,
49389142,,trữ tình,3,Âm nhạc,miền trung nhớ bác,2,Khác,Yes,Changed,Âm nhạc -> Khác,,,,,,,,,
49394245,,fairy tail,4,Anime,dr stone,3,Anime,Yes,Unchanged,Unchanged,,,,,,,,,
49396938,,thâm kế độc tình,2,Phim Thái Lan,lời nguyền ma lai,3,Phim Thái Lan,Yes,Unchanged,Unchanged,,,,,,,,,
49397702,,ảnh,3,Khác,vtv1,5,Kênh truyền hình,Yes,Changed,Khác -> Kênh truyền hình,,,,,,,,,
49436930,,naruto,2,Anime,quốc vương,3,Khác,Yes,Changed,Anime -> Khác,,,,,,,,,
49514044,,fairy tail,8,Anime,fairy tail,5,Anime,No,Unchanged,Unchanged,,,,,,,,,
49516123,,si,9,Khác,ma,2,Tâm linh,Yes,Changed,Khác -> Tâm linh,,,,,,,,,
49525301,,tây bắc,4,Địa lý,tây bắc,5,Địa lý,No,Unchanged,Unchanged,,,,,,,,,
49528833,,any body can dance,2,Khác,mb,2,Khác,Yes,Unchanged,Unchanged,,,,,,,,,
49544439,,alice,3,Phim Hàn Quốc,khách sạn ma quái,2,Phim Hàn Quốc,Yes,Unchanged,Unchanged,,,,,,,,,
49557483,,hack,3,Khác,bạn muốn hẹn hò,3,Chương trình truyền hình,Yes,Changed,Khác -> Chương trình truyền hình,,,,,,,,,
49561683,,thiếunữvàquýông,2,Khác,su trong trang cua co nang owori,2,Khác,Yes,Unchanged,Unchanged,,,,,,,,,
49577030,,sakura thủ lĩnh thẻ bài,4,Anime,cardcaptor sakura,7,Anime,Yes,Unchanged,Unchanged,,,,,,,,,
49589650,,why her,2,Phim Hàn Quốc,doctor john,3,Khác,Yes,Changed,Phim Hàn Quốc -> Khác,,,,,,,,,
49606464,,trở lại tuổi 18,2,Phim Hàn Quốc,liên minh công lý phiên bản của zack snyder,2,phiên bản của zack snyder : Phim chiếu rạp / Siêu anh hùng,Yes,Changed,Phim Hàn Quốc -> phiên bản của zack snyder : Phim chiếu rạp / Siêu anh hùng,,,,,,,,,
49618072,,nu ve si xin,5,Khác,true,5,Khác,Yes,Unchanged,Unchanged,,,,,,,,,
49621258,,true,5,Khác,true,3,Khác,No,Unchanged,Unchanged,,,,,,,,,
49621901,,liên minh công lý phiên bản của zack snyder,6,phiên bản của zack snyder : Phim chiếu rạp / Siêu anh hùng,the 100,2,Khác,Yes,Changed,phiên bản của zack snyder : Phim chiếu rạp / Siêu anh hùng -> Khác,,,,,,,,,
49630489,,dục vọng tình yêu,2,Phim Thái Lan,tom and jerry tales,2,Phim hoạt hình,Yes,Changed,Phim Thái Lan -> Phim hoạt hình,,,,,,,,,
49639747,,bolero,7,Âm nhạc,bolero,5,Âm nhạc,No,Unchanged,Unchanged,,,,,,,,,
49642438,,cảnh đẹp ngày vui biết bao giờ,2,Phim Trung Quốc,tinh hán xán lạn,2,Khác,Yes,Changed,Phim Trung Quốc -> Khác,,,,,,,,,
49649990,,kuroko,7,Khác,sao băng,4,Khác,Yes,Unchanged,Unchanged,,,,,,,,,
49650653,,why her,2,Phim Hàn Quốc,atonement,3,Khác,Yes,Changed,Phim Hàn Quốc -> Khác,,,,,,,,,
49663977,,con dau ong trim,2,Khác,thư ký kim sao thế,3,Phim Hàn Quốc,Yes,Changed,Khác -> Phim Hàn Quốc,,,,,,,,,
49668070,,thời sự,2,Tìm kiếm chung / Tin tức,tôi thấy hoa vàng trên cỏ xanh,2,Phim Việt Nam,Yes,Changed,Tìm kiếm chung / Tin tức -> Phim Việt Nam,,,,,,,,,
49669388,,phim thiên nga đen t4,6,Phim chiếu rạp,mặt trăng ôm mặt trời,2,Phim Hàn Quốc,Yes,Changed,Phim chiếu rạp -> Phim Hàn Quốc,,,,,,,,,
49693441,,siêu nhân,6,Phim hoạt hình,siêu nhân,2,Phim hoạt hình,No,Unchanged,Unchanged,,,,,,,,,
49737047,,ngôi nhà náo nhiệt,2,Khác,hồi kí vanitas,2,Anime,Yes,Changed,Khác -> Anime,,,,,,,,,
49762806,,taken 2,3,Khác,chàng hậu,2,Phim Hàn Quốc,Yes,Changed,Khác -> Phim Hàn Quốc,,,,,,,,,
49780138,,sakura thủ lĩnh thẻ bài,2,Anime,tại sao lại là oh soo jae,2,Phim Hàn Quốc,Yes,Changed,Anime -> Phim Hàn Quốc,,,,,,,,,
49781102,,doraemon,12,Anime,doraemon,9,Anime,No,Unchanged,Unchanged,,,,,,,,,
49830868,,ngôi sao lấp lánh,3,Khác,dong cung,2,Phim Trung Quốc,Yes,Changed,Khác -> Phim Trung Quốc,,,,,,,,,
49843610,,bảy viên ngọc rồng,2,Khác,attack part 1,2,Khác,Yes,Unchanged,Unchanged,,,,,,,,,
4991943,,tìm kiếm bằng giọng nói,3,Tìm kiếm chung / Chức năng,tìm kiếm bằng giọng nói,2,Tìm kiếm chung / Chức năng,No,Unchanged,Unchanged,,,,,,,,,
49924728,,soum,15,Khác,su tr,16,Khác,Yes,Unchanged,Unchanged,,,,,,,,,
49930417,,ma tốc độ,4,Phim chiếu rạp,haunted,5,Khác,Yes,Changed,Phim chiếu rạp -> Khác,,,,,,,,,
49960889,,ly nhan,3,Khác,dân sơ,2,Khác,Yes,Unchanged,Unchanged,,,,,,,,,
49968785,,chang hau thuyet minh,2,Phim Hàn Quốc,mặt trời của chàng joo thuyet minh,2,Khác,Yes,Changed,Phim Hàn Quốc -> Khác,,,,,,,,,
49972974,,natra,5,Khác,tam c,2,Khác,Yes,Unchanged,Unchanged,,,,,,,,,
49984292,,cô đầu bếp của tôi,2,Khác,cô đầu bếp của tôi,5,Khác,No,Unchanged,Unchanged,,,,,,,,,
49987117,,lửa chiến,2,Khác,siêu nhân,2,Phim hoạt hình,Yes,Changed,Khác -> Phim hoạt hình,,,,,,,,,
49989425,,hoi k,2,Khác,thương ngày nắng về,2,Phim Việt Nam,Yes,Changed,Khác -> Phim Việt Nam,,,,,,,,,
5006014,,paw patrol,3,Phim hoạt hình,paw patrol,4,Phim hoạt hình,No,Unchanged,Unchanged,,,,,,,,,
5093478,,sreetman,2,Khác,konosuba,2,Khác,Yes,Unchanged,Unchanged,,,,,,,,,
5099012,,nếu ốc sên có tình yêu,2,Khác,hậu duệ,2,Khác,Yes,Unchanged,Unchanged,,,,,,,,,
5151505,,liên minh công lý phiên bản của zack snyder,3,phiên bản của zack snyder : Phim chiếu rạp / Siêu anh hùng,liên minh công lý phiên bản của zack snyder,2,phiên bản của zack snyder : Phim chiếu rạp / Siêu anh hùng,No,Unchanged,Unchanged,,,,,,,,,
5372623,,penthouse,2,Phim Hàn Quốc,penthouse 2,2,Phim Hàn Quốc,Yes,Unchanged,Unchanged,,,,,,,,,
5429540,,allo allo,2,Khác,karaoke trước ngày hội bắn,2,Âm nhạc,Yes,Changed,Khác -> Âm nhạc,,,,,,,,,
5444306,,nhất kiến khuynh tâm,2,Phim Trung Quốc,pháo hôi công lược,2,Khác,Yes,Changed,Phim Trung Quốc -> Khác,,,,,,,,,
5471294,,thiếu nhi,2,Tìm kiếm chung,b29 clup,5,Khác,Yes,Changed,Tìm kiếm chung -> Khác,,,,,,,,,
548287,,giáo án tu hành số 39,4,Khác,giáo án tu tập 53,2,Khác,Yes,Unchanged,Unchanged,,,,,,,,,
5566324,,cuộc chiến,6,Khác,yeu n,2,Khác,Yes,Unchanged,Unchanged,,,,,,,,,
5579380,,sách trắng kết hôn,2,Khác,park hae jin,2,Khác,Yes,Unchanged,Unchanged,,,,,,,,,
5737883,,mr queen,21,Phim Hàn Quốc,cả thế giới đều không bằng em,21,Phim Trung Quốc,Yes,Changed,Phim Hàn Quốc -> Phim Trung Quốc,,,,,,,,,
732388,,happy birthday,3,Khác,youtube,4,Nền tảng,Yes,Changed,Khác -> Nền tảng,,,,,,,,,
7325726,,hoa của quỷ,2,Phim Hàn Quốc,tư đằng,2,Phim Trung Quốc,Yes,Changed,Phim Hàn Quốc -> Phim Trung Quốc,,,,,,,,,
7363064,,vùng đất thây ma,2,Tâm linh,thủ lĩnh thẻ bài,3,Anime,Yes,Changed,Tâm linh -> Anime,,,,,,,,,
7399226,,yêu thầm anh xã,2,Phim Thái Lan,người thầy y đức,3,Phim Hàn Quốc,Yes,Changed,Phim Thái Lan -> Phim Hàn Quốc,,,,,,,,,
7468856,,mặt nạ thủy tinh,2,Khác,gửi thời thanh xuân ngây thơ tươi đẹp,3,Phim Trung Quốc,Yes,Changed,Khác -> Phim Trung Quốc,,,,,,,,,
7499343,,lấy danh nghĩa người nhà,2,Phim Trung Quốc,go ahead,2,Khác,Yes,Changed,Phim Trung Quốc -> Khác,,,,,,,,,
7574074,,thien co quyet tran,2,Phim Trung Quốc,arang,2,Khác,Yes,Changed,Phim Trung Quốc -> Khác,,,,,,,,,
7668507,,hoa du ký,2,Phim Hàn Quốc,thanh gươm diệt quỷ chuyến tàu vô tận,2,Anime,Yes,Changed,Phim Hàn Quốc -> Anime,,,,,,,,,
7677751,,võ mỵ nương truyền kỳ,2,Phim Trung Quốc,eve,3,Phim Hàn Quốc,Yes,Changed,Phim Trung Quốc -> Phim Hàn Quốc,,,,,,,,,
7767000,,mẹ ma,2,Phim chiếu rạp / Kinh dị,pig,5,Động vật,Yes,Changed,Phim chiếu rạp / Kinh dị -> Động vật,,,,,,,,,
7812244,,đấu chiến thắng phật,2,Khác,dị nhân 2 liên minh dị nhân,3,Khác,Yes,Unchanged,Unchanged,,,,,,,,,
7844053,,bống bống bang bang,8,Âm nhạc thiếu nhi,bống bống bang bang,2,Âm nhạc thiếu nhi,No,Unchanged,Unchanged,,,,,,,,,
7893762,,tình 3 phút hài,2,Khác,tây du ký,6,Phim Trung Quốc,Yes,Changed,Khác -> Phim Trung Quốc,,,,,,,,,
8020566,,bat ch,2,Khác,sao băng,4,Khác,Yes,Unchanged,Unchanged,,,,,,,,,
805369,,triệu lộ tư,3,Khác,quỷ đỏ,2,Khác,Yes,Unchanged,Unchanged,,,,,,,,,
8055566,,cuoc chien,2,Khác,bong r,2,Khác,Yes,Unchanged,Unchanged,,,,,,,,,
8107460,,bắt ma phá án,2,Phim Hàn Quốc,dragon,2,Khác,Yes,Changed,Phim Hàn Quốc -> Khác,,,,,,,,,
8110189,,nhac bolero,6,Âm nhạc,tom,2,Khác,Yes,Changed,Âm nhạc -> Khác,,,,,,,,,
8123153,,ca cổ,2,Âm nhạc,bolero,3,Âm nhạc,Yes,Unchanged,Unchanged,,,,,,,,,
8205113,,mẹ ma,4,Phim chiếu rạp / Kinh dị,châu tinh trì phủ nhận yêu người đẹp kém 42 tuổi,2,Tìm kiếm chung / Tin tức giải trí,Yes,Changed,Phim chiếu rạp / Kinh dị -> Tìm kiếm chung / Tin tức giải trí,,,,,,,,,
8390901,,bóng ma anh quốc,7,Tâm linh,tình cha,7,Khác,Yes,Changed,Tâm linh -> Khác,,,,,,,,,
8409525,,jujutsu kaisen,4,Anime,goblin,2,Phim Hàn Quốc,Yes,Changed,Anime -> Phim Hàn Quốc,,,,,,,,,
8604019,,thanh gươm diệt quỷ chuyến tàu vô tận,2,Anime,one punch man season 2,2,Anime,Yes,Unchanged,Unchanged,,,,,,,,,
864708,,cẩm y vệ,8,Khác,nhiệt huyết thần thám,15,Khác,Yes,Unchanged,Unchanged,,,,,,,,,
8703670,,fairy tail,2,Anime,attack on titan season 2 shingeki no kyojin,2,Anime,Yes,Unchanged,Unchanged,,,,,,,,,
8766736,,tái sinh báo thù,6,Phim ảnh,truy tìm kẻ sát nhân,5,Khác,Yes,Changed,Phim ảnh -> Khác,,,,,,,,,
8793807,,vân tịch truyện,3,Phim Trung Quốc,hóa ra thời gian đều ghi nhớ,8,Khác,Yes,Changed,Phim Trung Quốc -> Khác,,,,,,,,,
8815815,,capt,2,Khác,ultraman,2,Khác,Yes,Unchanged,Unchanged,,,,,,,,,
90024846,,liên minh công lý phiên bản của zack snyder,5,phiên bản của zack snyder : Phim chiếu rạp / Siêu anh hùng,live,3,Khác,Yes,Changed,phiên bản của zack snyder : Phim chiếu rạp / Siêu anh hùng -> Khác,,,,,,,,,
90110834,,dt nu viet nam voi dt nu han quoc,2,Khác,người thầy y đức,3,Phim Hàn Quốc,Yes,Changed,Khác -> Phim Hàn Quốc,,,,,,,,,
90120023,,cảnh đẹp ngày vui biết bao giờ,2,Phim Trung Quốc,phong bạo vũ,3,Khác,Yes,Changed,Phim Trung Quốc -> Khác,,,,,,,,,
90246357,,cá mực hầm mật,2,Phim Trung Quốc,vẻ đẹp đích thực,7,Phim Hàn Quốc,Yes,Changed,Phim Trung Quốc -> Phim Hàn Quốc,,,,,,,,,
90278881,,thiếu nhi,2,Tìm kiếm chung,thiếu nhi,2,Tìm kiếm chung,No,Unchanged,Unchanged,,,,,,,,,
90281012,,đại chiến titan,11,Anime,đại chiến titan,11,Anime,No,Unchanged,Unchanged,,,,,,,,,
90293139,,công chúa aurona,3,Khác,cô vợ nhí của siêu sao,2,Khác,Yes,Unchanged,Unchanged,,,,,,,,,
90333737,,hoàng hậu cuối cùng,3,Phim Hàn Quốc,hoa du ký,3,Phim Hàn Quốc,Yes,Unchanged,Unchanged,,,,,,,,,
90359838,,shoo,3,Khác,gojo,5,Khác,Yes,Unchanged,Unchanged,,,,,,,,,
90453245,,thanh gươm diệt quỷ phần kỹ viện trấn,2,Anime,lớp học biết tuốt,2,Khác,Yes,Changed,Anime -> Khác,,,,,,,,,
90471469,,trữ tình,2,Âm nhạc,trữ tình,2,Âm nhạc,No,Unchanged,Unchanged,,,,,,,,,
90478863,,thử thách thần chết giữa hai thế giới,2,giữa hai thế giới : Phim chiếu rạp / Giả tưởng,thử thách thần chết giữa hai thế giới,4,giữa hai thế giới : Phim chiếu rạp / Giả tưởng,No,Unchanged,Unchanged,,,,,,,,,
90483215,,mối tình bí mật,2,Khác,yêu em người chữa lành vết thương cho anh,2,Khác,Yes,Unchanged,Unchanged,,,,,,,,,
90497679,,phimma,6,Khác,hoi ki,4,Khác,Yes,Unchanged,Unchanged,,,,,,,,,
90639677,,hồn ma khó tính,2,Tâm linh,võ tắc thiên,2,Phim Trung Quốc,Yes,Changed,Tâm linh -> Phim Trung Quốc,,,,,,,,,
90651196,,lấy danh nghĩa người nhà,6,Phim Trung Quốc,cô nàng trong trắng oh woo ri,2,Phim Hàn Quốc,Yes,Changed,Phim Trung Quốc -> Phim Hàn Quốc,,,,,,,,,
90696032,,tôi và an ti fan kết hôn,3,Khác,nhà sử học tân binh,2,Khác,Yes,Unchanged,Unchanged,,,,,,,,,
90696389,,chuunibyou,2,Khác,mr q,3,Khác,Yes,Unchanged,Unchanged,,,,,,,,,
90812376,,bat ma,6,Tâm linh,utano princen,4,Khác,Yes,Changed,Tâm linh -> Khác,,,,,,,,,
90874961,,yêu em từ cái nhìn đầu tiên,3,Phim Trung Quốc,america s got talent,2,Khác,Yes,Changed,Phim Trung Quốc -> Khác,,,,,,,,,
9087870,,chu thu,2,Khác,violet evergrade,4,Khác,Yes,Unchanged,Unchanged,,,,,,,,,
90886465,,tìm kiếm bằng giọng nói,3,Tìm kiếm chung / Chức năng,mối tình bí mật,2,Khác,Yes,Changed,Tìm kiếm chung / Chức năng -> Khác,,,,,,,,,
91001772,,kairos,3,Phim Hàn Quốc,sếp kim đại tài,3,Khác,Yes,Changed,Phim Hàn Quốc -> Khác,,,,,,,,,
91009455,,the captain,2,Khác,the brink,3,Khác,Yes,Unchanged,Unchanged,,,,,,,,,
91112741,,true beauty,6,Phim Hàn Quốc,cuộc chiến,4,Khác,Yes,Changed,Phim Hàn Quốc -> Khác,,,,,,,,,
91160379,,aquaman,10,Phim chiếu rạp / Siêu anh hùng,cuo,2,Khác,Yes,Changed,Phim chiếu rạp / Siêu anh hùng -> Khác,,,,,,,,,
91164795,,dr stone season 2,2,Anime,dr stone season 2,4,Anime,No,Unchanged,Unchanged,,,,,,,,,
91195786,,thử thách thần tượng,4,Chương trình truyền hình,thử thách thần tượng,5,Chương trình truyền hình,No,Unchanged,Unchanged,,,,,,,,,
91196189,,khoảnh khắc thần tình yêu,2,Khác,cuộc chiến thượng lưu,2,Phim Hàn Quốc,Yes,Changed,Khác -> Phim Hàn Quốc,,,,,,,,,
91267472,,cô nàng xinh đẹp,2,Phim Hàn Quốc,lấy danh nghĩa người nhà,3,Phim Trung Quốc,Yes,Changed,Phim Hàn Quốc -> Phim Trung Quốc,,,,,,,,,
91360339,,dr stone,8,Anime,jujutsu kaisen,9,Anime,Yes,Unchanged,Unchanged,,,,,,,,,
91429021,,hoán mệnh,2,Phim ảnh,bão cát,3,Phim Thái Lan,Yes,Changed,Phim ảnh -> Phim Thái Lan,,,,,,,,,
91451140,,bắt ma phá án,3,Phim Hàn Quốc,ám kichk,2,Khác,Yes,Changed,Phim Hàn Quốc -> Khác,,,,,,,,,
91492483,,falling into your smile,7,Khác,mối tình đầu,6,Phim Hàn Quốc,Yes,Changed,Khác -> Phim Hàn Quốc,,,,,,,,,
91494082,,shoo,2,Khác,chàng hậu,3,Phim Hàn Quốc,Yes,Changed,Khác -> Phim Hàn Quốc,,,,,,,,,
91557189,,mộng hoa lục,3,Phim ảnh,sơn trại tiểu manh chủ,2,Phim Trung Quốc,Yes,Changed,Phim ảnh -> Phim Trung Quốc,,,,,,,,,
91646105,,nhất kiến khuynh tâm,2,Phim Trung Quốc,tình yêu từ 0 đến 1,2,Phim Trung Quốc,Yes,Unchanged,Unchanged,,,,,,,,,
91648399,,hoa du ký,11,Phim Hàn Quốc,tại sao lại là oh soo jae,2,Phim Hàn Quốc,Yes,Unchanged,Unchanged,,,,,,,,,
91678705,,harry potter,2,Phim chiếu rạp / Giả tưởng,buc thu tinh cuoi,2,Khác,Yes,Changed,Phim chiếu rạp / Giả tưởng -> Khác,,,,,,,,,
91687172,,taxi em tên gì,2,Phim Việt Nam,vũ trụ rộng mở của ashley garcia,4,Khác,Yes,Changed,Phim Việt Nam -> Khác,,,,,,,,,
9174953,,siêu nhân,3,Phim hoạt hình,siêu nhân,6,Phim hoạt hình,No,Unchanged,Unchanged,,,,,,,,,
92067317,,em là thành trì doanh lũy của anh,2,Phim Trung Quốc,tam thiên nha sát,6,Phim Trung Quốc,Yes,Unchanged,Unchanged,,,,,,,,,
92116704,,lạp tội đồ giám,3,Phim Trung Quốc,trọng lực cầu vồng,2,Khác,Yes,Changed,Phim Trung Quốc -> Khác,,,,,,,,,
92133835,,bolero,5,Âm nhạc,bolero,3,Âm nhạc,No,Unchanged,Unchanged,,,,,,,,,
92204286,,muchimuchi,3,Khác,lâu đài trên không,3,Khác,Yes,Unchanged,Unchanged,,,,,,,,,
92351882,,hoa của quỷ,2,Phim Hàn Quốc,bạo phong nhãn,3,Khác,Yes,Changed,Phim Hàn Quốc -> Khác,,,,,,,,,
92443063,,người đàm phán,2,Phim Trung Quốc,người đàm phán,2,Phim Trung Quốc,No,Unchanged,Unchanged,,,,,,,,,
92556236,,lang quân 100 ngày,2,Khác,thanh thanh tử khâm,2,Phim Trung Quốc,Yes,Changed,Khác -> Phim Trung Quốc,,,,,,,,,
92564344,,thiếu nhi,6,Tìm kiếm chung,thiếu nhi,8,Tìm kiếm chung,No,Unchanged,Unchanged,,,,,,,,,
92599225,,one punch man,2,Anime,đêm tối tokyo phần 4,3,Khác,Yes,Changed,Anime -> Khác,,,,,,,,,
92643345,,truy,4,Khác,lửa chiến,3,Khác,Yes,Unchanged,Unchanged,,,,,,,,,
92845370,,lấy danh nghĩa người nhà,3,Phim Trung Quốc,pháp y tần minh người đọc tâm,2,người đọc tâm : Phim Trung Quốc,Yes,Changed,Phim Trung Quốc -> người đọc tâm : Phim Trung Quốc,,,,,,,,,
93164534,,running man,4,Chương trình truyền hình,running man,2,Chương trình truyền hình,No,Unchanged,Unchanged,,,,,,,,,
93177143,,liên minh công lý phiên bản của zack snyder,2,phiên bản của zack snyder : Phim chiếu rạp / Siêu anh hùng,chu thu,2,Khác,Yes,Changed,phiên bản của zack snyder : Phim chiếu rạp / Siêu anh hùng -> Khác,,,,,,,,,
93215134,,penthouse special episodes,2,Phim Hàn Quốc,cam tu nam ca,3,Khác,Yes,Changed,Phim Hàn Quốc -> Khác,,,,,,,,,
93234711,,boruto,8,naruto the movie : Anime,con tim sắt đá,2,Phim Thái Lan,Yes,Changed,naruto the movie : Anime -> Phim Thái Lan,,,,,,,,,
934482,,thiên nga đen,2,Phim chiếu rạp,tam sinh tam thế,2,Khác,Yes,Changed,Phim chiếu rạp -> Khác,,,,,,,,,
93492671,,nữ thanh tra tài ba,3,Phim Hàn Quốc,too art,2,Khác,Yes,Changed,Phim Hàn Quốc -> Khác,,,,,,,,,
93500725,,yêu em từ cái nhìn đầu tiên,2,Phim Trung Quốc,mặt trăng ôm mặt trời,2,Phim Hàn Quốc,Yes,Changed,Phim Trung Quốc -> Phim Hàn Quốc,,,,,,,,,
93586849,,nhật ký ma cà rồng phần 2,2,Tâm linh,kiêu hãnh và định kiến,2,Khác,Yes,Changed,Tâm linh -> Khác,,,,,,,,,
93633799,,conan,3,Anime,công tố viên hung bạo,2,Khác,Yes,Changed,Anime -> Khác,,,,,,,,,
93720613,,xã hội đen kiểu cũ cuối cùng phần 2,4,Phim ảnh,tinh võ môn,3,Khác,Yes,Changed,Phim ảnh -> Khác,,,,,,,,,
93740929,,lưu ly mỹ nhân sát,2,Phim Trung Quốc,trường an nặc,2,Khác,Yes,Changed,Phim Trung Quốc -> Khác,,,,,,,,,
93754481,,người ấy là ai,4,Chương trình truyền hình,người ấy là ai,2,Chương trình truyền hình,No,Unchanged,Unchanged,,,,,,,,,
93915454,,penthouse 2,4,Phim Hàn Quốc,penthuose,2,Khác,Yes,Changed,Phim Hàn Quốc -> Khác,,,,,,,,,
94049817,,hậu cung như ý truyện,2,Phim Trung Quốc,bộ ba siêu việt,2,Khác,Yes,Changed,Phim Trung Quốc -> Khác,,,,,,,,,
94098206,,liên minh công lý phiên bản của zack snyder,2,phiên bản của zack snyder : Phim chiếu rạp / Siêu anh hùng,liên minh công lý phiên bản của zack snyder,2,phiên bản của zack snyder : Phim chiếu rạp / Siêu anh hùng,No,Unchanged,Unchanged,,,,,,,,,
94190570,,người,2,Khác,yêu em từ cái nhìn đầu tiên,2,Phim Trung Quốc,Yes,Changed,Khác -> Phim Trung Quốc,,,,,,,,,
94216361,,hậu cung như ý truyện,21,Phim Trung Quốc,penthouse 3,6,Phim Hàn Quốc,Yes,Changed,Phim Trung Quốc -> Phim Hàn Quốc,,,,,,,,,
9425134,,kimetsu no yaiba,2,Anime,maika,7,Phim Việt Nam,Yes,Changed,Anime -> Phim Việt Nam,,,,,,,,,
94254635,,sao băng,2,Khác,bất động sản trừ tà,2,Phim Hàn Quốc,Yes,Changed,Khác -> Phim Hàn Quốc,,,,,,,,,
94281990,,thiên nga bóng đêm eve,2,Phim Hàn Quốc,aff cup nữ,2,Khác,Yes,Changed,Phim Hàn Quốc -> Khác,,,,,,,,,
94344759,,thu li,5,Khác,pho f,3,Khác,Yes,Unchanged,Unchanged,,,,,,,,,
94397605,,ly nhân tâm thượng,2,Phim Trung Quốc,kết hôn rồi bắt đầu yêu,2,Phim Trung Quốc,Yes,Unchanged,Unchanged,,,,,,,,,
94407319,,kimetsu no yaiba,2,Anime,shokugeki no souma san no sara shokugeki no souma season 3,3,Khác,Yes,Changed,Anime -> Khác,,,,,,,,,
94424428,,karaoke,3,Âm nhạc,karaoke khát vọng,3,Âm nhạc,Yes,Unchanged,Unchanged,,,,,,,,,
94491162,,liên minh công lý phiên bản của zack snyder,2,phiên bản của zack snyder : Phim chiếu rạp / Siêu anh hùng,one punch man,5,Anime,Yes,Changed,phiên bản của zack snyder : Phim chiếu rạp / Siêu anh hùng -> Anime,,,,,,,,,
94547489,,co than,2,Khác,lam dau nha,3,Khác,Yes,Unchanged,Unchanged,,,,,,,,,
94552401,,không thèm yêu đương với sếp,2,Khác,chàng hậu,9,Phim Hàn Quốc,Yes,Changed,Khác -> Phim Hàn Quốc,,,,,,,,,
94573800,,không một ai biết,6,Khác,saimdang nhật ký ánh sáng,8,Khác,Yes,Unchanged,Unchanged,,,,,,,,,
945764,,phàm nhân tu tiên,2,Phim hoạt hình 3D Trung Quốc,thanh lạc,2,Phim Trung Quốc,Yes,Changed,Phim hoạt hình 3D Trung Quốc -> Phim Trung Quốc,,,,,,,,,
9459809,,tan ta,13,Khác,thu thach,2,Khác,Yes,Unchanged,Unchanged,,,,,,,,,
94616463,,prime provider,3,Khác,prime provider,2,Khác,No,Unchanged,Unchanged,,,,,,,,,
94627526,,tạm biệt quá khứ,3,Khác,bắt ma phá án,4,Phim Hàn Quốc,Yes,Changed,Khác -> Phim Hàn Quốc,,,,,,,,,
9462935,,cám dỗ,2,Khác,toky,4,Khác,Yes,Unchanged,Unchanged,,,,,,,,,
94756615,,one punch man,2,Anime,reply 1988,2,Phim Hàn Quốc,Yes,Changed,Anime -> Phim Hàn Quốc,,,,,,,,,
94768550,,nhất kiến khuynh tâm,2,Phim Trung Quốc,cô vợ bắt buộc,3,Phim Thái Lan,Yes,Changed,Phim Trung Quốc -> Phim Thái Lan,,,,,,,,,
94781945,,running man,2,Chương trình truyền hình,thu thach than tu,4,Khác,Yes,Changed,Chương trình truyền hình -> Khác,,,,,,,,,
94788416,,taxi em tên gì,2,Phim Việt Nam,siêu nhân,2,Phim hoạt hình,Yes,Changed,Phim Việt Nam -> Phim hoạt hình,,,,,,,,,
95023658,,thiên tài bất hảo,2,Khác,hotel del luna,8,Khác,Yes,Unchanged,Unchanged,,,,,,,,,
95035336,,truyền hình htv9,4,Khác,truyền hình htv9,3,Khác,No,Unchanged,Unchanged,,,,,,,,,
95108277,,yêu nhầm chị dâu,3,Phim Thái Lan,train,6,Khác,Yes,Changed,Phim Thái Lan -> Khác,,,,,,,,,
95131237,,em la niem kieu,2,Khác,hàng xóm của tôi không chịu lớn,2,Phim Trung Quốc,Yes,Changed,Khác -> Phim Trung Quốc,,,,,,,,,
95157491,,hội pháp sư,15,Anime,hội pháp sư,34,Anime,No,Unchanged,Unchanged,,,,,,,,,
95176355,,review phim,11,Khác,falling into your smile,4,Khác,Yes,Unchanged,Unchanged,,,,,,,,,
95334868,,liên minh công lý phiên bản của zack snyder,2,phiên bản của zack snyder : Phim chiếu rạp / Siêu anh hùng,the gioi,2,Khác,Yes,Changed,phiên bản của zack snyder : Phim chiếu rạp / Siêu anh hùng -> Khác,,,,,,,,,
95352158,,yugioh,2,Anime,yugioh,5,Anime,No,Unchanged,Unchanged,,,,,,,,,
95376724,,thiếu nhi,3,Tìm kiếm chung,đám cưới miền tây,2,Khác,Yes,Changed,Tìm kiếm chung -> Khác,,,,,,,,,
95397995,,sky castle,13,Khác,hunter x hunter,2,Khác,Yes,Unchanged,Unchanged,,,,,,,,,
95413544,,lucky,2,Khác,kẻ trộm mặt trăng minions,5,minions : Phim hoạt hình,Yes,Changed,Khác -> minions : Phim hoạt hình,,,,,,,,,
95413971,,bibili,2,Khác,eve,3,Phim Hàn Quốc,Yes,Changed,Khác -> Phim Hàn Quốc,,,,,,,,,
95465115,,2gether,5,Khác,hoa c,2,Khác,Yes,Unchanged,Unchanged,,,,,,,,,
95469439,,kết hôn rồi bắt đầu yêu,7,Phim Trung Quốc,quan goi ga doo ri,2,Khác,Yes,Changed,Phim Trung Quốc -> Khác,,,,,,,,,
95580863,,siêu nhân,2,Phim hoạt hình,siêu nhân,2,Phim hoạt hình,No,Unchanged,Unchanged,,,,,,,,,
95594711,,thử thách thần tượng,3,Chương trình truyền hình,san l,2,Khác,Yes,Changed,Chương trình truyền hình -> Khác,,,,,,,,,
95638260,,cô nàng trong trắng oh woo ri,2,Phim Hàn Quốc,mặt trăng ôm mặt trời,2,Phim Hàn Quốc,Yes,Unchanged,Unchanged,,,,,,,,,
95660146,,vô tình nhặt được tổng tài,2,Phim Trung Quốc,khi màn đêm gợn sóng,2,Phim Trung Quốc,Yes,Unchanged,Unchanged,,,,,,,,,
95665182,,bố già,2,Khác,lucy,3,Phim chiếu rạp / Hành động,Yes,Changed,Khác -> Phim chiếu rạp / Hành động,,,,,,,,,
95671165,,true beauty,2,Phim Hàn Quốc,captain,2,Khác,Yes,Changed,Phim Hàn Quốc -> Khác,,,,,,,,,
95752453,,bác sĩ ma,2,Phim Hàn Quốc,bác sĩ ma,2,Phim Hàn Quốc,No,Unchanged,Unchanged,,,,,,,,,
95827704,,rush,2,Khác,t34,3,Khác,Yes,Unchanged,Unchanged,,,,,,,,,
96315653,,tây du ký,3,Phim Trung Quốc,tây du ký,4,Phim Trung Quốc,No,Unchanged,Unchanged,,,,,,,,,
96715849,,thanh gươm diệt quỷ phần kỹ viện trấn,2,Anime,conan,2,Anime,Yes,Unchanged,Unchanged,,,,,,,,,
96732401,,ben a,2,Khác,khi em m,2,Khác,Yes,Unchanged,Unchanged,,,,,,,,,
97007546,,cuộc chiến danh vọng,2,Khác,cuộc chiến tình yêu,4,Khác,Yes,Unchanged,Unchanged,,,,,,,,,
97027362,,nhật ký tự do,2,Khác,bắt ma phá án,2,Phim Hàn Quốc,Yes,Changed,Khác -> Phim Hàn Quốc,,,,,,,,,
97042000,,tennisroland,2,Khác,u 19 campuchia vs u19 malaysia live,2,Khác,Yes,Unchanged,Unchanged,,,,,,,,,
97050937,,jujutsu kaisen,3,Anime,vua bếp soma phần 2,2,Anime,Yes,Unchanged,Unchanged,,,,,,,,,
97130460,,mộng hoa lục,2,Phim ảnh,câu chuyện trong những cuốn sách ba,2,Khác,Yes,Changed,Phim ảnh -> Khác,,,,,,,,,
97134616,,thử thách thần chết giữa hai thế giới,2,giữa hai thế giới : Phim chiếu rạp / Giả tưởng,dien hy cong luoc,2,Phim Trung Quốc,Yes,Changed,giữa hai thế giới : Phim chiếu rạp / Giả tưởng -> Phim Trung Quốc,,,,,,,,,
97166956,,thiếu nhi,13,Tìm kiếm chung,thiếu nhi,17,Tìm kiếm chung,No,Unchanged,Unchanged,,,,,,,,,
97260425,,ngôi sao khoai tây,2,Phim Hàn Quốc,mật danh k2,2,Khác,Yes,Changed,Phim Hàn Quốc -> Khác,,,,,,,,,
97317851,,hội pháp sư,22,Anime,hội pháp sư,2,Anime,No,Unchanged,Unchanged,,,,,,,,,
97365383,,street dance of china,2,Khác,an da,2,Khác,Yes,Unchanged,Unchanged,,,,,,,,,
97526700,,chúng ta không biết yêu,2,Phim Trung Quốc,one punch man,2,Anime,Yes,Changed,Phim Trung Quốc -> Anime,,,,,,,,,
97580917,,avarta,2,Khác,phong kham tinh yeu,2,Khác,Yes,Unchanged,Unchanged,,,,,,,,,
97604544,,vẻ đẹp ma mị,2,Tâm linh,vẻ đẹp ma mị,2,Tâm linh,No,Unchanged,Unchanged,,,,,,,,,
97675246,,gửi thời thanh xuân ngây thơ tươi đẹp thuyết minh,3,Phim Trung Quốc,cá mực hầm mật,4,Phim Trung Quốc,Yes,Unchanged,Unchanged,,,,,,,,,
97705751,,dr stone,3,Anime,horimiya,3,Anime,Yes,Unchanged,Unchanged,,,,,,,,,
97717787,,siêu nhân,4,Phim hoạt hình,siêu nhân,4,Phim hoạt hình,No,Unchanged,Unchanged,,,,,,,,,
97778058,,kẻ quyến rủ đai,2,Khác,thiên nga bóng đêm,2,Phim Hàn Quốc,Yes,Changed,Khác -> Phim Hàn Quốc,,,,,,,,,
97821955,,bong,2,Khác,onggda,3,Khác,Yes,Unchanged,Unchanged,,,,,,,,,
97874124,,thần bài ma cau,4,Khác,boruto,3,naruto the movie : Anime,Yes,Changed,Khác -> naruto the movie : Anime,,,,,,,,,
97887584,,trần tình lệnh,2,Phim Trung Quốc,như ý truyện,2,Phim Trung Quốc,Yes,Unchanged,Unchanged,,,,,,,,,
98045828,,nu tha,5,Khác,anna,2,Phim Hàn Quốc,Yes,Changed,Khác -> Phim Hàn Quốc,,,,,,,,,
98077324,,bài ca âm nhạc,4,Khác,kênh vtv1,7,Kênh truyền hình,Yes,Changed,Khác -> Kênh truyền hình,,,,,,,,,
98237727,,chàng hậu,2,Phim Hàn Quốc,dạ sắc khuynh tâm,2,Khác,Yes,Changed,Phim Hàn Quốc -> Khác,,,,,,,,,
98282025,,bác sĩ,4,Y khoa,tan bach nương tử,2,Khác,Yes,Changed,Y khoa -> Khác,,,,,,,,,
9832921,,thiên nga bóng đêm,3,Phim Hàn Quốc,old days in shang,2,Khác,Yes,Changed,Phim Hàn Quốc -> Khác,,,,,,,,,
98339332,,bắt ma phá án,3,Phim Hàn Quốc,hoa gian tân nương,4,Phim Trung Quốc,Yes,Changed,Phim Hàn Quốc -> Phim Trung Quốc,,,,,,,,,
98388439,,nỗi vương vấn của hạ tiên sinh,2,Phim Trung Quốc,yêu anh em dám không,2,Khác,Yes,Changed,Phim Trung Quốc -> Khác,,,,,,,,,
98524737,,siêu nhân,4,Phim hoạt hình,siêu nhân,17,Phim hoạt hình,No,Unchanged,Unchanged,,,,,,,,,
9857074,,mr queen,9,Phim Hàn Quốc,kime,2,Anime,Yes,Changed,Phim Hàn Quốc -> Anime,,,,,,,,,
98603706,,stree,2,Khác,chàng hậu,4,Phim Hàn Quốc,Yes,Changed,Khác -> Phim Hàn Quốc,,,,,,,,,
98634745,,meo,3,Khác,oggy,2,Phim hoạt hình,Yes,Changed,Khác -> Phim hoạt hình,,,,,,,,,
98681764,,mở nhạc không lời,3,Khác,con heo đất,2,Âm nhạc thiếu nhi,Yes,Changed,Khác -> Âm nhạc thiếu nhi,,,,,,,,,
98730022,,bắt ma phá án,11,Phim Hàn Quốc,chinh phục sếp ác ma,2,Tâm linh,Yes,Changed,Phim Hàn Quốc -> Tâm linh,,,,,,,,,
9877782,,voice,2,Phim Hàn Quốc,thử thách thần tượng,2,Chương trình truyền hình,Yes,Changed,Phim Hàn Quốc -> Chương trình truyền hình,,,,,,,,,
98778343,,kusuo,3,Khác,hoc vien l,2,Khác,Yes,Unchanged,Unchanged,,,,,,,,,
98886636,,pachinko,2,Khác,why her,2,Phim Hàn Quốc,Yes,Changed,Khác -> Phim Hàn Quốc,,,,,,,,,
98936144,,nữ thanh tra tài ba,2,Phim Hàn Quốc,thanh thanh tử khâm,2,Phim Trung Quốc,Yes,Changed,Phim Hàn Quốc -> Phim Trung Quốc,,,,,,,,,
9896680,,cuộc chiến thượng lưu 3,2,Phim Hàn Quốc,luật sư,2,Khác,Yes,Changed,Phim Hàn Quốc -> Khác,,,,,,,,,
99062001,,kim tịch hà tịch,2,Phim Trung Quốc,anh chỉ thích em,2,Khác,Yes,Changed,Phim Trung Quốc -> Khác,,,,,,,,,
99094731,,ninja nhí hành động,2,Khác,phim tr,2,Khác,Yes,Unchanged,Unchanged,,,,,,,,,
99177609,,quân trang thân yêu,2,Khác,yêu nhầm chị dâu,2,Phim Thái Lan,Yes,Changed,Khác -> Phim Thái Lan,,,,,,,,,
99210252,,công chúa giá đáo,2,Khác,tân hoàn châu cách cách,3,Khác,Yes,Unchanged,Unchanged,,,,,,,,,
99329199,,pham nhan tu tien,2,Phim hoạt hình 3D Trung Quốc,mi,2,Khác,Yes,Changed,Phim hoạt hình 3D Trung Quốc -> Khác,,,,,,,,,
99376024,,bolero,18,Âm nhạc,bolero,2,Âm nhạc,No,Unchanged,Unchanged,,,,,,,,,
99423864,,thiếu nhi,14,Tìm kiếm chung,thiếu nhi,3,Tìm kiếm chung,No,Unchanged,Unchanged,,,,,,,,,
99439143,,quế ngọc hải động viên văn lâm vượt qua chấn thương,4,Khác,chúng tôi đơn giản là gấu,2,Khác,Yes,Unchanged,Unchanged,,,,,,,,,
9962971,,reply1988,8,Khác,tsubasa,2,Khác,Yes,Unchanged,Unchanged,,,,,,,,,
99725900,,yêu nhầm chị dâu,3,Phim Thái Lan,minh châu rực rỡ,5,Phim Thái Lan,Yes,Unchanged,Unchanged,,,,,,,,,
99826419,,ca m,4,Khác,hậu duệ mặt trời,2,Phim Hàn Quốc,Yes,Changed,Khác -> Phim Hàn Quốc,,,,,,,,,
99840878,,bolero,2,Âm nhạc,bolero,2,Âm nhạc,No,Unchanged,Unchanged,,,,,,,,,
99932711,,cặp đôi trái ngược,2,Phim Hàn Quốc,sự trỗi dậy của khiên hiệp sĩ phần 2,2,Anime,Yes,Changed,Phim Hàn Quốc -> Anime,,,,,,,,,
99967680,,xi,4,Khác,ninja,2,Khác,Yes,Unchanged,Unchanged,,,,,,,,,
99971831,,hương mật tựa khói sương,2,Phim Trung Quốc,phù dao hoàng hậu,3,Phim Trung Quốc,Yes,Unchanged,Unchanged,,,,,,,,,
99983739,,siêu nhân,2,Phim hoạt hình,siêu nhân,3,Phim hoạt hình,No,Unchanged,Unchanged,,,,,,,,,
0014111,,running man,2,Chương trình truyền hình,cẩm y chi hạ,3,Phim Trung Quốc,Yes,Changed,Chương trình truyền hình -> Phim Trung Quốc,,,,,,,,,
0019920,,thiếu nhi,8,Tìm kiếm chung,bolero,3,Âm nhạc,Yes,Changed,Tìm kiếm chung -> Âm nhạc,,,,,,,,,
0121822,,dmss,5,Khác,dmss,2,Khác,No,Unchanged,Unchanged,,,,,,,,,
0132741,,hồi kí vanitas,3,Anime,hatsukoi monster,8,Khác,Yes,Changed,Anime -> Khác,,,,,,,,,
0260570,,hai sắc hoa ti gôn,2,Khác,hai sắc hoa ti gôn,3,Khác,No,Unchanged,Unchanged,,,,,,,,,
0567327,,10 points,2,Khác,đường sơn đại huynh,2,Khác,Yes,Unchanged,Unchanged,,,,,,,,,
06003311,,hội pháp sư,14,Anime,đại chiến titan,7,Anime,Yes,Unchanged,Unchanged,,,,,,,,,
06004018,,lưu ly mỹ nhân sát,4,Phim Trung Quốc,bộ phim thái lan yêu thầm chị dâu,3,Phim Thái Lan,Yes,Changed,Phim Trung Quốc -> Phim Thái Lan,,,,,,,,,
06006343,,hoa du ký,3,Phim Hàn Quốc,chiêu diêu,2,Phim Trung Quốc,Yes,Changed,Phim Hàn Quốc -> Phim Trung Quốc,,,,,,,,,
06009639,,vẻ đẹp đích thực,6,Phim Hàn Quốc,cuộc chiến,5,Khác,Yes,Changed,Phim Hàn Quốc -> Khác,,,,,,,,,
06016057,,nữ thanh tra tài ba,2,Phim Hàn Quốc,nữ luật sư kỳ lạ woo young woo,2,Khác,Yes,Changed,Phim Hàn Quốc -> Khác,,,,,,,,,
06032846,,pháp y tân minh,5,người đọc tâm : Phim Trung Quốc,pháp y tân minh,2,người đọc tâm : Phim Trung Quốc,No,Unchanged,Unchanged,,,,,,,,,
06040391,,ca m,3,Khác,chue tue o re,2,Khác,Yes,Unchanged,Unchanged,,,,,,,,,
06042814,,shoo,20,Khác,thu k,20,Khác,Yes,Unchanged,Unchanged,,,,,,,,,
06044813,,kimetsu no yaiba,14,Anime,kimetsu no yaiba,3,Anime,No,Unchanged,Unchanged,,,,,,,,,
06047378,,cuộc chiến thượng lưu,4,Phim Hàn Quốc,nghiệp trong phúc tập 39b thuyết minh,2,Khác,Yes,Changed,Phim Hàn Quốc -> Khác,,,,,,,,,
06054246,,má tôi là đại gia,2,Tâm linh,can m,14,Khác,Yes,Changed,Tâm linh -> Khác,,,,,,,,,
06054640,,u23 nhật bản và u23 uae,2,Khác,u19 việt nam u19 indonesia xem lại trận đấu u19 đông nam á,2,Khác,Yes,Unchanged,Unchanged,,,,,,,,,
06061638,,công chúa giá đáo,2,Khác,thâm cung truyện,3,Khác,Yes,Unchanged,Unchanged,,,,,,,,,
06061795,,vtv3,2,Kênh truyền hình,vt,2,Khác,Yes,Changed,Kênh truyền hình -> Khác,,,,,,,,,
06068815,,saitama,3,Anime,hội pháp sư phần cuối,3,Anime,Yes,Unchanged,Unchanged,,,,,,,,,
06076080,,karaoke,2,Âm nhạc,karaoke,3,Âm nhạc,No,Unchanged,Unchanged,,,,,,,,,
06081461,,why her,2,Phim Hàn Quốc,keep running man,2,Chương trình Trung Quốc,Yes,Changed,Phim Hàn Quốc -> Chương trình Trung Quốc,,,,,,,,,
06083140,,yêu nhầm chị dâu yêu nhầm chị dâu,4,Phim Thái Lan,con tim sắt đá,3,Phim Thái Lan,Yes,Unchanged,Unchanged,,,,,,,,,
06092513,,one p,7,Khác,naruto,6,Anime,Yes,Changed,Khác -> Anime,,,,,,,,,
06095959,,đại chiến titan,6,Anime,hội pháp sư,5,Anime,Yes,Unchanged,Unchanged,,,,,,,,,
06400461,,fairy tail,3,Anime,gintama,6,Anime,Yes,Unchanged,Unchanged,,,,,,,,,
06400650,,goblin,9,Phim Hàn Quốc,goblin,2,Phim Hàn Quốc,No,Unchanged,Unchanged,,,,,,,,,
06404151,,vân tịch truyện,2,Phim Trung Quốc,tiểu nương tử nhà tướng quân,2,Phim Trung Quốc,Yes,Unchanged,Unchanged,,,,,,,,,
06407401,,sao băng,2,Khác,chàng hậu,2,Phim Hàn Quốc,Yes,Changed,Khác -> Phim Hàn Quốc,,,,,,,,,
06431013,,cô nàng xinh đẹp,2,Phim Hàn Quốc,yêu lại từ đầu,2,Khác,Yes,Changed,Phim Hàn Quốc -> Khác,,,,,,,,,
06435962,,con tim sắt đá,3,Phim Thái Lan,định mệnh anh yêu em,2,Phim Đài Loan,Yes,Changed,Phim Thái Lan -> Phim Đài Loan,,,,,,,,,
06442914,,dục vọng tình yêu,2,Phim Thái Lan,dục vọng tình yêu,3,Phim Thái Lan,No,Unchanged,Unchanged,,,,,,,,,
06444692,,the simpson,2,Khác,men,2,Khác,Yes,Unchanged,Unchanged,,,,,,,,,
0644876,,pent,3,Khác,f4,5,Giải trí,Yes,Changed,Khác -> Giải trí,,,,,,,,,
06453968,,haikyuu,3,Anime,youth of may,3,Khác,Yes,Changed,Anime -> Khác,,,,,,,,,
06481210,,đao kiếm thần vực phần 4,5,Anime,fall,3,Khác,Yes,Changed,Anime -> Khác,,,,,,,,,
06806847,,luat troiphim vn,3,Khác,luat troi phim vn,2,Khác,Yes,Unchanged,Unchanged,,,,,,,,,
06808537,,nữ thanh tra tài ba,3,Phim Hàn Quốc,bên a sống ở cạnh nhà tôi,2,Phim Trung Quốc,Yes,Changed,Phim Hàn Quốc -> Phim Trung Quốc,,,,,,,,,
06820402,,thanh gươm diệt quỷ phần kỹ viện trấn,4,Anime,one punch man,6,Anime,Yes,Unchanged,Unchanged,,,,,,,,,
06825884,,sinh,3,Khác,chàng hậu,2,Phim Hàn Quốc,Yes,Changed,Khác -> Phim Hàn Quốc,,,,,,,,,
06828221,,dr stone,2,Anime,pokemon,4,Anime,Yes,Unchanged,Unchanged,,,,,,,,,
06878456,,quý ông hoàn hảo và cô nàng tạm được,5,Phim Trung Quốc,khách sạn ma quái,10,Phim Hàn Quốc,Yes,Changed,Phim Trung Quốc -> Phim Hàn Quốc,,,,,,,,,
06890452,,cuộc chiến thượng lưu thuyết minh,2,Phim Hàn Quốc,mặt trăng ôm mặt trời,3,Phim Hàn Quốc,Yes,Unchanged,Unchanged,,,,,,,,,
06894033,,fairy tail,3,Anime,fairy tail,13,Anime,No,Unchanged,Unchanged,,,,,,,,,
06895494,,extraordinary you,9,Phim Hàn Quốc,why her,4,Phim Hàn Quốc,Yes,Unchanged,Unchanged,,,,,,,,,
0812657,,eggroy,4,Khác,eggroy,11,Khác,No,Unchanged,Unchanged,,,,,,,,,
0885245,,sống,4,Khác,sống,3,Khác,No,Unchanged,Unchanged,,,,,,,,,
0966863,,liên khúc miền tây,5,Âm nhạc,trữ tình,13,Âm nhạc,Yes,Unchanged,Unchanged,,,,,,,,,
0968790,,may h,5,Khác,ve de,3,Khác,Yes,Unchanged,Unchanged,,,,,,,,,
1064702,,phố không em,2,Khác,baby,2,Khác,Yes,Unchanged,Unchanged,,,,,,,,,
1308079,,centi,4,Khác,mr queen,7,Phim Hàn Quốc,Yes,Changed,Khác -> Phim Hàn Quốc,,,,,,,,,
1380438,,eve,2,Phim Hàn Quốc,eve,3,Phim Hàn Quốc,No,Unchanged,Unchanged,,,,,,,,,
1380516,,cuộc chiến thượng lưu,2,Phim Hàn Quốc,anna,2,Phim Hàn Quốc,Yes,Unchanged,Unchanged,,,,,,,,,
1526775,,nhất kiến khuynh tâm,25,Phim Trung Quốc,kính song thành,21,Khác,Yes,Changed,Phim Trung Quốc -> Khác,,,,,,,,,
1579268,,thử thách thần tượng,3,Chương trình truyền hình,thu thac,5,Khác,Yes,Changed,Chương trình truyền hình -> Khác,,,,,,,,,
1579376,,kỵ sĩ sân cỏ,2,Khác,be together,2,Khác,Yes,Unchanged,Unchanged,,,,,,,,,
1840046,,loa phường,5,Khác,thiên biến vạn hóa,2,Khác,Yes,Unchanged,Unchanged,,,,,,,,,
1840223,,em đẹp nhất là khi mỉm cười,2,Phim Trung Quốc,vô tình nhặt được tổng tài,3,Phim Trung Quốc,Yes,Unchanged,Unchanged,,,,,,,,,
1854087,,mở hài hoài linh,2,Tìm kiếm chung,mở,2,Khác,Yes,Changed,Tìm kiếm chung -> Khác,,,,,,,,,
1910623,,dr stone,3,Anime,dr st,2,Khác,Yes,Changed,Anime -> Khác,,,,,,,,,
2002242,,kimetsu no yaiba,2,Anime,kimetsu no yaiba,4,Anime,No,Unchanged,Unchanged,,,,,,,,,
2022223,,nhac chill,2,Khác,rung dong,2,Khác,Yes,Unchanged,Unchanged,,,,,,,,,
2131748,,nhất kiến khuynh tâm,2,Phim Trung Quốc,keep runring,2,Khác,Yes,Changed,Phim Trung Quốc -> Khác,,,,,,,,,
2297936,,phàm nhân tu tiên phần 3,2,Phim hoạt hình 3D Trung Quốc,pháp y tần minh người đọc tâm,2,người đọc tâm : Phim Trung Quốc,Yes,Changed,Phim hoạt hình 3D Trung Quốc -> người đọc tâm : Phim Trung Quốc,,,,,,,,,
2486561,,liên minh công lý phiên bản của zack snyder,4,phiên bản của zack snyder : Phim chiếu rạp / Siêu anh hùng,liên minh công lý phiên bản của zack snyder,2,phiên bản của zack snyder : Phim chiếu rạp / Siêu anh hùng,No,Unchanged,Unchanged,,,,,,,,,
2629085,,anh là của em,2,Khác,gia đình là số 1 phần 2,2,Phim Hàn Quốc,Yes,Changed,Khác -> Phim Hàn Quốc,,,,,,,,,
2678986,,em đẹp nhất là khi mỉm cười,3,Phim Trung Quốc,tư đằng,2,Phim Trung Quốc,Yes,Unchanged,Unchanged,,,,,,,,,
2726173,,blaze,2,Khác,blaze,2,Khác,No,Unchanged,Unchanged,,,,,,,,,
2758590,,hai tuần,2,Khác,kính song thành,2,Khác,Yes,Unchanged,Unchanged,,,,,,,,,
2933105,,tôi thấy hoa vàng trên cỏ xanh,2,Phim Việt Nam,mẹ chồng,2,Khác,Yes,Changed,Phim Việt Nam -> Khác,,,,,,,,,
3167957,,one piece phim,3,phim : Anime,mẹ ma,2,Phim chiếu rạp / Kinh dị,Yes,Changed,phim : Anime -> Phim chiếu rạp / Kinh dị,,,,,,,,,
3212011,,shoo,8,Khác,eve,3,Phim Hàn Quốc,Yes,Changed,Khác -> Phim Hàn Quốc,,,,,,,,,
3258996,,boku,2,Anime,kẻ trộm mặt trăng minions,4,minions : Phim hoạt hình,Yes,Changed,Anime -> minions : Phim hoạt hình,,,,,,,,,
3391914,,cam cam,3,Khác,cam cam đi nhà bóng,3,Khác,Yes,Unchanged,Unchanged,,,,,,,,,
388959,,boruto naruto the movie,3,Anime,boruto naruto the movie,2,Anime,No,Unchanged,Unchanged,,,,,,,,,
40105470,,liên minh công lý phiên bản của zack snyder,3,phiên bản của zack snyder : Phim chiếu rạp / Siêu anh hùng,liên minh công lý phiên bản của zack snyder,3,phiên bản của zack snyder : Phim chiếu rạp / Siêu anh hùng,No,Unchanged,Unchanged,,,,,,,,,
40168941,,reply 1988,2,Phim Hàn Quốc,đao kiếm thần vực phần 4,4,Anime,Yes,Changed,Phim Hàn Quốc -> Anime,,,,,,,,,
40187356,,liên minh công lý phiên bản của zack snyder,2,phiên bản của zack snyder : Phim chiếu rạp / Siêu anh hùng,liên minh công lý phiên bản của zack snyder,6,phiên bản của zack snyder : Phim chiếu rạp / Siêu anh hùng,No,Unchanged,Unchanged,,,,,,,,,
40224218,,hoi p,6,Khác,đêm tối tokyo phần 2,3,Khác,Yes,Unchanged,Unchanged,,,,,,,,,
40224337,,gangster movie,2,Khác,trữ tình,2,Âm nhạc,Yes,Changed,Khác -> Âm nhạc,,,,,,,,,
40311279,,phimset,14,Khác,phimset,8,Khác,No,Unchanged,Unchanged,,,,,,,,,
40312439,,aladin,3,Khác,bóng rổ,2,Khác,Yes,Unchanged,Unchanged,,,,,,,,,
40513944,,kênh truyền hình ninh thuận,4,Khác,kênh truyền hình ninh thuận,3,Khác,No,Unchanged,Unchanged,,,,,,,,,
40693225,,thiên nga bóng đêm,2,Phim Hàn Quốc,chú thuật hồi chiến,2,Anime,Yes,Changed,Phim Hàn Quốc -> Anime,,,,,,,,,
40727429,,siêu nhân,3,Phim hoạt hình,siêu nhân,8,Phim hoạt hình,No,Unchanged,Unchanged,,,,,,,,,
40768352,,nhac,2,Khác,bong bong,2,Khác,Yes,Unchanged,Unchanged,,,,,,,,,
40788634,,tôi thấy hoa vàng trên cỏ xanh,3,Phim Việt Nam,tôi thấy hoa vàng trên cỏ xanh,6,Phim Việt Nam,No,Unchanged,Unchanged,,,,,,,,,
40859560,,tempted,3,Khác,co n,3,Khác,Yes,Unchanged,Unchanged,,,,,,,,,
40866697,,grea,8,Khác,grea,4,Khác,No,Unchanged,Unchanged,,,,,,,,,
40926698,,thiếu nhi,2,Tìm kiếm chung,một con vịt,2,Âm nhạc thiếu nhi,Yes,Changed,Tìm kiếm chung -> Âm nhạc thiếu nhi,,,,,,,,,
40938937,,sex,2,Nhạy cảm,bop,3,Khác,Yes,Changed,Nhạy cảm -> Khác,,,,,,,,,
41003390,,châu đông vũ,2,Khác,horimiya,2,Anime,Yes,Changed,Khác -> Anime,,,,,,,,,
41051443,,sao băng,5,Khác,anh không thích thế giới này anh chỉ thích em,2,Phim Trung Quốc,Yes,Changed,Khác -> Phim Trung Quốc,,,,,,,,,
41069151,,thương ngày nắng về,6,Phim Việt Nam,trời sinh một cặp,7,Khác,Yes,Changed,Phim Việt Nam -> Khác,,,,,,,,,
41072824,,sao băng,2,Khác,cai gia cua tham vong,2,Khác,Yes,Unchanged,Unchanged,,,,,,,,,
41114724,,một đời,2,Khác,nhậm gia luân,2,Khác,Yes,Unchanged,Unchanged,,,,,,,,,
41141545,,mở xe cứu hỏa,2,Khác,mở con vịt,2,Khác,Yes,Unchanged,Unchanged,,,,,,,,,
41171885,,tôi thấy hoa vàng trên cỏ xanh,8,Phim Việt Nam,tôi thấy hoa vàng trên cỏ xanh,4,Phim Việt Nam,No,Unchanged,Unchanged,,,,,,,,,
41173314,,lấy danh nghĩa người nhà,2,Phim Trung Quốc,chàng hậu,2,Phim Hàn Quốc,Yes,Changed,Phim Trung Quốc -> Phim Hàn Quốc,,,,,,,,,
41228919,,kpm,10,Khác,liên minh công lý phiên bản của zack snyder,3,phiên bản của zack snyder : Phim chiếu rạp / Siêu anh hùng,Yes,Changed,Khác -> phiên bản của zack snyder : Phim chiếu rạp / Siêu anh hùng,,,,,,,,,
41239194,,spy family,2,Khác,naruto,2,Anime,Yes,Changed,Khác -> Anime,,,,,,,,,
41240832,,harry potter hogwarts tournament of houses,2,Phim chiếu rạp / Giả tưởng,prime provider,3,Khác,Yes,Changed,Phim chiếu rạp / Giả tưởng -> Khác,,,,,,,,,
41257523,,iran vs li băng,2,Khác,iran vs lebanon,2,Khác,Yes,Unchanged,Unchanged,,,,,,,,,
41266455,,người đàm phán,4,Phim Trung Quốc,bản án lương tâm,2,Khác,Yes,Changed,Phim Trung Quốc -> Khác,,,,,,,,,
41270122,,doraemon nobita và những hiệp sĩ không gian,2,Anime,chúng tôi đơn giản là gấu,3,Khác,Yes,Changed,Anime -> Khác,,,,,,,,,
41281833,,một đời một kiếp,3,Khác,street man fighter,3,Chương trình Hàn Quốc,Yes,Changed,Khác -> Chương trình Hàn Quốc,,,,,,,,,
41283121,,the mat,3,Khác,fairy,2,Khác,Yes,Unchanged,Unchanged,,,,,,,,,
41310729,,hoa thiên cốt,28,Phim Trung Quốc,phim hoạt hình,15,Khác,Yes,Changed,Phim Trung Quốc -> Khác,,,,,,,,,
41377609,,bên a sống ở cạnh nhà tôi,3,Phim Trung Quốc,hơn cả tình bạn,4,Phim Hàn Quốc,Yes,Changed,Phim Trung Quốc -> Phim Hàn Quốc,,,,,,,,,
41382054,,đêm tối tokyo phần 1,2,Khác,lycoris recoil,3,Khác,Yes,Unchanged,Unchanged,,,,,,,,,
41389093,,cuộc chiến thượng lưu,6,Phim Hàn Quốc,cuộc chiến thượng lưu,3,Phim Hàn Quốc,No,Unchanged,Unchanged,,,,,,,,,
41467222,,ước định thời gian yêu em,4,Khác,alice,5,Phim Hàn Quốc,Yes,Changed,Khác -> Phim Hàn Quốc,,,,,,,,,
41490821,,fairy tail,2,Anime,penthouse 2,2,Phim Hàn Quốc,Yes,Changed,Anime -> Phim Hàn Quốc,,,,,,,,,
41510248,,khmer,2,Văn hóa / Dân tộc,khmer,3,Văn hóa / Dân tộc,No,Unchanged,Unchanged,,,,,,,,,
41524999,,con tim sắt đá,5,Phim Thái Lan,chang h,2,Khác,Yes,Changed,Phim Thái Lan -> Khác,,,,,,,,,
4154091,,jujutsu kaisen,2,Anime,bungou stray dogs season 3,2,Anime,Yes,Unchanged,Unchanged,,,,,,,,,
41557520,,canh sat tap su,2,Khác,the gioi ho,7,Khác,Yes,Unchanged,Unchanged,,,,,,,,,
41632476,,the gioi trong tuan,3,Khác,the gioi trong tuan,2,Khác,No,Unchanged,Unchanged,,,,,,,,,
41659744,,sát thủ thợ máy,2,Khác,chơi hay chia,2,Khác,Yes,Unchanged,Unchanged,,,,,,,,,
41688444,,tuyệt đỉnh kungfu,3,Khác,tuyệt đỉnh kungfu,2,Khác,No,Unchanged,Unchanged,,,,,,,,,
41701727,,cương thi diệt tà,6,Khác,sex movies,3,Nhạy cảm,Yes,Changed,Khác -> Nhạy cảm,,,,,,,,,
41713977,,bolero,2,Âm nhạc,neo đậu bến quê,3,Khác,Yes,Changed,Âm nhạc -> Khác,,,,,,,,,
41714092,,chàng hậu,2,Phim Hàn Quốc,hoán mệnh,2,Phim ảnh,Yes,Changed,Phim Hàn Quốc -> Phim ảnh,,,,,,,,,
41731123,,sapa tv,6,Khác,nuôi con bọ ngựa,4,Khác,Yes,Unchanged,Unchanged,,,,,,,,,
41751378,,sao băng,2,Khác,tình yêu từ 0 đến 1,2,Phim Trung Quốc,Yes,Changed,Khác -> Phim Trung Quốc,,,,,,,,,
41783346,,good newwz,18,Khác,all def comedy 1,3,Khác,Yes,Unchanged,Unchanged,,,,,,,,,
41789428,,dog,4,Động vật,dog,6,Động vật,No,Unchanged,Unchanged,,,,,,,,,
41801132,,sở kiều truyện,3,Khác,cuộc sống thượng lưu,2,Phim Hàn Quốc,Yes,Changed,Khác -> Phim Hàn Quốc,,,,,,,,,
41802315,,mở youtube ca nhạc hải ngoại,2,Âm nhạc,mở youtube ca nhạc thiếu nhi,4,Tìm kiếm chung,Yes,Changed,Âm nhạc -> Tìm kiếm chung,,,,,,,,,
41858871,,quảng bình quê ta ơi,16,Khác,quảng bình quê ta ơi,7,Khác,No,Unchanged,Unchanged,,,,,,,,,
41918855,,noi vu,2,Khác,em mim,2,Khác,Yes,Unchanged,Unchanged,,,,,,,,,
41969776,,cô nàng trong trắng oh woo ri,3,Phim Hàn Quốc,tiên nữ cử tạ,7,Khác,Yes,Changed,Phim Hàn Quốc -> Khác,,,,,,,,,
41975131,,xin làm người xa lạ đan nguyên,8,Khác,nàng yêu hoa tím mạnh quỳnh,5,Khác,Yes,Unchanged,Unchanged,,,,,,,,,
41975226,,yêu tinh,4,Phim Hàn Quốc,reply,2,Khác,Yes,Changed,Phim Hàn Quốc -> Khác,,,,,,,,,
42004628,,siêu nhân,11,Phim hoạt hình,xe cấp cứu,21,Phương tiện,Yes,Changed,Phim hoạt hình -> Phương tiện,,,,,,,,,
42024941,,thiếu niên ninja rùa đột biến,2,Phim hoạt hình,tiếng anh,2,Khác,Yes,Changed,Phim hoạt hình -> Khác,,,,,,,,,
42075489,,paw patrol,10,Phim hoạt hình,paw patrol,3,Phim hoạt hình,No,Unchanged,Unchanged,,,,,,,,,
42079221,,bolero,8,Âm nhạc,bolero,7,Âm nhạc,No,Unchanged,Unchanged,,,,,,,,,
42117520,,love,3,Khác,tôi thấy hoa vàng trên cỏ xanh,7,Phim Việt Nam,Yes,Changed,Khác -> Phim Việt Nam,,,,,,,,,
42180680,,jujutsu,7,Khác,jujutsu,6,Khác,No,Unchanged,Unchanged,,,,,,,,,
42219889,,kimetsu no yaiba,4,Anime,kimetsu no yaiba,7,Anime,No,Unchanged,Unchanged,,,,,,,,,
42236560,,show me the music,11,Khác,bật video của tiên tiên trên tv của tôi,3,Khác,Yes,Unchanged,Unchanged,,,,,,,,,
42262965,,tìm kiếm bằng giọng nói,3,Tìm kiếm chung / Chức năng,tìm kiếm bằng giọng nói,3,Tìm kiếm chung / Chức năng,No,Unchanged,Unchanged,,,,,,,,,
42264261,,mẹ ma,3,Phim chiếu rạp / Kinh dị,nàng bạch tuyết và bảy chú lùn,7,Phim hoạt hình,Yes,Changed,Phim chiếu rạp / Kinh dị -> Phim hoạt hình,,,,,,,,,
42268587,,cuộc chiến,6,Khác,cuộc chiến thượng lưu 3,21,Phim Hàn Quốc,Yes,Changed,Khác -> Phim Hàn Quốc,,,,,,,,,
42275207,,baby boss,2,Khác,adults strainee,2,Khác,Yes,Unchanged,Unchanged,,,,,,,,,
42296967,,liên minh công lý phiên bản của zack snyder,2,phiên bản của zack snyder : Phim chiếu rạp / Siêu anh hùng,liên minh công lý phiên bản của zack snyder,3,phiên bản của zack snyder : Phim chiếu rạp / Siêu anh hùng,No,Unchanged,Unchanged,,,,,,,,,
42311172,,cổ tay áo màu đỏ,2,Phim Hàn Quốc,thư ký kim sao thế,2,Phim Hàn Quốc,Yes,Unchanged,Unchanged,,,,,,,,,
42330777,,vung dat linh hon,2,Tâm linh,go ahead,2,Khác,Yes,Changed,Tâm linh -> Khác,,,,,,,,,
42341715,,liên minh công lý phiên bản của zack snyder,3,phiên bản của zack snyder : Phim chiếu rạp / Siêu anh hùng,phi nhung,2,Âm nhạc,Yes,Changed,phiên bản của zack snyder : Phim chiếu rạp / Siêu anh hùng -> Âm nhạc,,,,,,,,,
42347975,,the suicide squad,2,Khác,bat dong,2,Khác,Yes,Unchanged,Unchanged,,,,,,,,,
42348851,,hậu duệ mặt trời,2,Phim Hàn Quốc,anh không thích thế giới này anh chỉ thích em,4,Phim Trung Quốc,Yes,Changed,Phim Hàn Quốc -> Phim Trung Quốc,,,,,,,,,
42359252,,phàm nhân tu tiên phần 2 tap52,3,Phim hoạt hình 3D Trung Quốc,cong chua toc may,3,Khác,Yes,Changed,Phim hoạt hình 3D Trung Quốc -> Khác,,,,,,,,,
42400462,,nữ thanh tra tài ba,5,Phim Hàn Quốc,running man,3,Chương trình truyền hình,Yes,Changed,Phim Hàn Quốc -> Chương trình truyền hình,,,,,,,,,
42408566,,chung tử đơn,2,Khác,hồ sơ trinh sát,4,Phim Hồng Kông,Yes,Changed,Khác -> Phim Hồng Kông,,,,,,,,,
42420694,,bắt ma phá án,3,Phim Hàn Quốc,diep,2,Khác,Yes,Changed,Phim Hàn Quốc -> Khác,,,,,,,,,
42427340,,trữ tình,5,Âm nhạc,trữ tình,14,Âm nhạc,No,Unchanged,Unchanged,,,,,,,,,
42431257,,tìm kiếm bằng giọng nói,7,Tìm kiếm chung / Chức năng,tìm kiếm bằng giọng nói,15,Tìm kiếm chung / Chức năng,No,Unchanged,Unchanged,,,,,,,,,
42436892,,morb,2,Khác,sóc quậy,2,Khác,Yes,Unchanged,Unchanged,,,,,,,,,
42447814,,hậu duệ mặt trời,2,Phim Hàn Quốc,yêu tinh,2,Phim Hàn Quốc,Yes,Unchanged,Unchanged,,,,,,,,,
42468514,,bầu trời rực đỏ,2,Phim Hàn Quốc,chàng hậu,2,Phim Hàn Quốc,Yes,Unchanged,Unchanged,,,,,,,,,
42513862,,một con vịt,19,Âm nhạc thiếu nhi,một con vịt,2,Âm nhạc thiếu nhi,No,Unchanged,Unchanged,,,,,,,,,
42514519,,one punch man season 2,3,Anime,tokyo ghoul re,3,re : Anime,Yes,Changed,Anime -> re : Anime,,,,,,,,,
42547922,,anh phi công ơi,3,Khác,anh phi công ơi,2,Khác,No,Unchanged,Unchanged,,,,,,,,,
42570101,,nhạc bolero,4,Âm nhạc,tấm cám chuyện chưa kể,2,chuyện chưa kể : Phim Việt Nam,Yes,Changed,Âm nhạc -> chuyện chưa kể : Phim Việt Nam,,,,,,,,,
42607509,,liên minh công lý phiên bản của zack snyder,5,phiên bản của zack snyder : Phim chiếu rạp / Siêu anh hùng,liên minh công lý phiên bản của zack snyder,7,phiên bản của zack snyder : Phim chiếu rạp / Siêu anh hùng,No,Unchanged,Unchanged,,,,,,,,,
42609042,,ki an nha thanh,3,Khác,ki an nha thanh,2,Khác,No,Unchanged,Unchanged,,,,,,,,,
42612070,,một con vịt,3,Âm nhạc thiếu nhi,một con vịt,8,Âm nhạc thiếu nhi,No,Unchanged,Unchanged,,,,,,,,,
42616853,,chú ếch con,6,Âm nhạc thiếu nhi,con heo đất,4,Âm nhạc thiếu nhi,Yes,Unchanged,Unchanged,,,,,,,,,
42619777,,liên minh công lý phiên bản của zack snyder,3,phiên bản của zack snyder : Phim chiếu rạp / Siêu anh hùng,liên minh công lý phiên bản của zack snyder,2,phiên bản của zack snyder : Phim chiếu rạp / Siêu anh hùng,No,Unchanged,Unchanged,,,,,,,,,
42651783,,cuộc sống thượng lưu,2,Phim Hàn Quốc,cuộc sống,3,Khác,Yes,Changed,Phim Hàn Quốc -> Khác,,,,,,,,,
42652602,,thế giới động vật,4,Tìm kiếm chung / Tài liệu,thế giới động vật,2,Tìm kiếm chung / Tài liệu,No,Unchanged,Unchanged,,,,,,,,,
42659310,,sến,2,Âm nhạc,chú voi con,2,Khác,Yes,Changed,Âm nhạc -> Khác,,,,,,,,,
42659883,,bạn trai tôi là hồ ly,5,Phim Hàn Quốc,tiên nữ cử tạ kim bok joo,12,Phim Hàn Quốc,Yes,Unchanged,Unchanged,,,,,,,,,
42696974,,capt,4,Khác,minio,3,Khác,Yes,Unchanged,Unchanged,,,,,,,,,
42708509,,why her,5,Phim Hàn Quốc,why her,2,Phim Hàn Quốc,No,Unchanged,Unchanged,,,,,,,,,
42720425,,xót xa,4,Khác,xót xa,3,Khác,No,Unchanged,Unchanged,,,,,,,,,
42723938,,phát video hướng dẫn làm bánh bao,2,Khác,baby shark,4,Âm nhạc thiếu nhi,Yes,Changed,Khác -> Âm nhạc thiếu nhi,,,,,,,,,
42753872,,boku no hero academia season 4,2,Anime,boku no hero academia season 5,2,Anime,Yes,Unchanged,Unchanged,,,,,,,,,
42756132,,kẻ trắng tay,4,Khác,kẻ trắng tay,2,Khác,No,Unchanged,Unchanged,,,,,,,,,
427668,,chú hề ma quái,3,Tâm linh,siêu nhân,11,Phim hoạt hình,Yes,Changed,Tâm linh -> Phim hoạt hình,,,,,,,,,
427829,,hanako,7,Khác,kime,2,Anime,Yes,Changed,Khác -> Anime,,,,,,,,,
42786630,,bắt ma phá án,5,Phim Hàn Quốc,linh mục nhiet huyet thuyet minh,2,Khác,Yes,Changed,Phim Hàn Quốc -> Khác,,,,,,,,,
42801161,,sword a,3,Anime,oregairu,3,Khác,Yes,Changed,Anime -> Khác,,,,,,,,,
42904392,,baki,8,Anime,one p,14,Khác,Yes,Changed,Anime -> Khác,,,,,,,,,
42911964,,sao băng shooting stars,3,Phim Hàn Quốc,hoàng hậu cuối cùng,2,Phim Hàn Quốc,Yes,Unchanged,Unchanged,,,,,,,,,
42922420,,baby car,2,Khác,baby shark,3,Âm nhạc thiếu nhi,Yes,Changed,Khác -> Âm nhạc thiếu nhi,,,,,,,,,
42957829,,hàng quốc và thái lan,2,Khác,minh châu rực rỡ,2,Phim Thái Lan,Yes,Changed,Khác -> Phim Thái Lan,,,,,,,,,
42971225,,điệp viên 007 bóng ma,3,Tâm linh,điệp viên 007 bóng ma,4,Tâm linh,No,Unchanged,Unchanged,,,,,,,,,
42972393,,fairy tail,8,Anime,hội pháp sư,12,Anime,Yes,Unchanged,Unchanged,,,,,,,,,
42989728,,tuyển tập phim ngắn việt nam,2,phim ngắn việt nam : Phim Việt Nam,robots,2,Khác,Yes,Changed,phim ngắn việt nam : Phim Việt Nam -> Khác,,,,,,,,,
42992810,,mặt nạ thủy tinh,3,Khác,yêu thầm anh xa,3,Phim Thái Lan,Yes,Changed,Khác -> Phim Thái Lan,,,,,,,,,
42995935,,meow,6,Khác,chieu,2,Khác,Yes,Unchanged,Unchanged,,,,,,,,,
43113233,,cleopatra,6,Khác,coi x,2,Khác,Yes,Unchanged,Unchanged,,,,,,,,,
43173804,,bolero,10,Âm nhạc,bolero,3,Âm nhạc,No,Unchanged,Unchanged,,,,,,,,,
43191820,,thiếu nhi,6,Tìm kiếm chung,thiếu nhi,2,Tìm kiếm chung,No,Unchanged,Unchanged,,,,,,,,,
43253346,,boruto naruto the movie,2,Anime,boruto naruto the movie,2,Anime,No,Unchanged,Unchanged,,,,,,,,,
43296825,,nhanh và nguy hiểm 9,4,Phim chiếu rạp / Hành động,miss kobayashi dragon miad,2,Khác,Yes,Changed,Phim chiếu rạp / Hành động -> Khác,,,,,,,,,
4330551,,kime,2,Anime,kakegurui,2,Anime,Yes,Unchanged,Unchanged,,,,,,,,,
43312482,,phàm nhân tu tiên phần 3,3,Phim hoạt hình 3D Trung Quốc,naruto,2,Anime,Yes,Changed,Phim hoạt hình 3D Trung Quốc -> Anime,,,,,,,,,
43350619,,cô nàng đầu bếp của tôi,2,Phim Thái Lan,phim thái có diễn viên augu,2,Khác,Yes,Changed,Phim Thái Lan -> Khác,,,,,,,,,
43352485,,sao băng,4,Khác,lưỡi gươm diệt quỷ,7,Anime,Yes,Changed,Khác -> Anime,,,,,,,,,
43353006,,nuvi truyện,2,Khác,zorro huyền thoại một anh hùng,2,Khác,Yes,Unchanged,Unchanged,,,,,,,,,
43537907,,lừa tinh,2,Khác,oan gia ngõ hep,2,Khác,Yes,Unchanged,Unchanged,,,,,,,,,
43568838,,lucy,2,Phim chiếu rạp / Hành động,lucy,8,Phim chiếu rạp / Hành động,No,Unchanged,Unchanged,,,,,,,,,
43592254,,phim kinh dị,3,Thể loại phim,dac a,2,Khác,Yes,Changed,Thể loại phim -> Khác,,,,,,,,,
4362768,,hậu duệ mặt trời,2,Phim Hàn Quốc,kẻ trộm mặt trăng minions,4,minions : Phim hoạt hình,Yes,Changed,Phim Hàn Quốc -> minions : Phim hoạt hình,,,,,,,,,
43689287,,naruto,3,Anime,tinh hà xán lạn,2,Phim Trung Quốc,Yes,Changed,Anime -> Phim Trung Quốc,,,,,,,,,
43707926,,mở cá mập,2,Khác,mở con thỏ,3,Khác,Yes,Unchanged,Unchanged,,,,,,,,,
43717954,,hoàn châu cách cách,9,Khác,những đứa con biệt động sài gòn,2,Khác,Yes,Unchanged,Unchanged,,,,,,,,,
437234,,sher,4,Khác,mouse,5,Phim Hàn Quốc,Yes,Changed,Khác -> Phim Hàn Quốc,,,,,,,,,
43864093,,prime provider,6,Khác,xvreos,19,Khác,Yes,Unchanged,Unchanged,,,,,,,,,
43901226,,demon slayer,2,mugen train arc : Anime,sát thủ,2,Khác,Yes,Changed,mugen train arc : Anime -> Khác,,,,,,,,,
43964921,,vtc9,5,Khác,vtc9,2,Khác,No,Unchanged,Unchanged,,,,,,,,,
43968867,,khi hoa tra no,2,Khác,kingdom season 3,2,Khác,Yes,Unchanged,Unchanged,,,,,,,,,
44024428,,thanh gươm diệt quỷ phần kỹ viện trấn,2,Anime,yeu n,6,Khác,Yes,Changed,Anime -> Khác,,,,,,,,,
44026389,,nhạc bolero,2,Âm nhạc,pikachu,3,Khác,Yes,Changed,Âm nhạc -> Khác,,,,,,,,,
44055352,,ca nhạc,7,Âm nhạc,ca nhạc,18,Âm nhạc,No,Unchanged,Unchanged,,,,,,,,,
44068269,,sao băng,3,Khác,tiên nữ cử tạ kim bok joo,7,Phim Hàn Quốc,Yes,Changed,Khác -> Phim Hàn Quốc,,,,,,,,,
44069795,,trữ tình,11,Âm nhạc,trữ tình,10,Âm nhạc,No,Unchanged,Unchanged,,,,,,,,,
44096814,,tiên nữ cử tạ kim bok joo,3,Phim Hàn Quốc,tiên nữ cử tạ kim bok joo,2,Phim Hàn Quốc,No,Unchanged,Unchanged,,,,,,,,,
44098921,,thử thách thần tượng,2,Chương trình truyền hình,minh châu rực rỡ,2,Phim Thái Lan,Yes,Changed,Chương trình truyền hình -> Phim Thái Lan,,,,,,,,,
44116767,,dragonball evolution,2,Khác,fairy tail,2,Anime,Yes,Changed,Khác -> Anime,,,,,,,,,
44145637,,bac,4,Khác,30 chưa phải là hết,2,Phim Trung Quốc,Yes,Changed,Khác -> Phim Trung Quốc,,,,,,,,,
44151240,,tình yêu,3,Khác,nguowfi truyèn,2,Khác,Yes,Unchanged,Unchanged,,,,,,,,,
44154221,,biệt đội mãnh thú tập,3,Khác,bật video catchphrase của jimmy fallon,2,Khác,Yes,Unchanged,Unchanged,,,,,,,,,
44154953,,thiên nga bóng đêm,2,Phim Hàn Quốc,thiên nga bóng đêm,2,Phim Hàn Quốc,No,Unchanged,Unchanged,,,,,,,,,
44167347,,yêu nhầm chị dâu,2,Phim Thái Lan,thử thách thần tượng,2,Chương trình truyền hình,Yes,Changed,Phim Thái Lan -> Chương trình truyền hình,,,,,,,,,
44241404,,bác sĩ ma,4,Phim Hàn Quốc,tiên nữ cử tạ kim bok joo,3,Phim Hàn Quốc,Yes,Unchanged,Unchanged,,,,,,,,,
44281625,,anh trai,3,Khác,làm sao boss lại làm sao nữa,2,Phim Trung Quốc,Yes,Changed,Khác -> Phim Trung Quốc,,,,,,,,,
44315345,,lối thoát trên không,2,Khác,bẫy phụ huynh,3,Khác,Yes,Unchanged,Unchanged,,,,,,,,,
44321911,,quân sư liên minh,12,Phim Trung Quốc,quân sư liên minh,11,Phim Trung Quốc,No,Unchanged,Unchanged,,,,,,,,,
44332178,,mẹ ma,4,Phim chiếu rạp / Kinh dị,thương ngày nắng về,3,Phim Việt Nam,Yes,Changed,Phim chiếu rạp / Kinh dị -> Phim Việt Nam,,,,,,,,,
44359578,,điệp vụ báo hồng,2,Khác,the little mermaid,3,Phim chiếu rạp,Yes,Changed,Khác -> Phim chiếu rạp,,,,,,,,,
44374340,,vô tình nhặt được tổng tài,2,Phim Trung Quốc,tình yêu từ 0 đến 1 fall in love,2,Phim Trung Quốc,Yes,Unchanged,Unchanged,,,,,,,,,
44420175,,cuộc chiến thượng lưu,2,Phim Hàn Quốc,bo tu,4,Khác,Yes,Changed,Phim Hàn Quốc -> Khác,,,,,,,,,
44460408,,trữ tình,4,Âm nhạc,trữ tình,2,Âm nhạc,No,Unchanged,Unchanged,,,,,,,,,
44566865,,xã hội đen kiểu cũ cuối cùng phần 2,3,Phim ảnh,xã hội đen kiểu cũ cuối cùng phần 2,2,Phim ảnh,No,Unchanged,Unchanged,,,,,,,,,
44675027,,chu thu,10,Khác,học viện anh hùng phần 2,4,Anime,Yes,Changed,Khác -> Anime,,,,,,,,,
44675093,,thiếu nhi,18,Tìm kiếm chung,thiếu nhi,7,Tìm kiếm chung,No,Unchanged,Unchanged,,,,,,,,,
44738797,,paw patrol season 3,9,Phim hoạt hình,sakura thủ lĩnh thẻ bài,3,Anime,Yes,Changed,Phim hoạt hình -> Anime,,,,,,,,,
44752005,,khie,2,Khác,tokyo ghoul re,3,re : Anime,Yes,Changed,Khác -> re : Anime,,,,,,,,,
44772308,,không thèm yêu đương với sếp,11,Khác,tiểu nương tử nhà tướng quân,3,Phim Trung Quốc,Yes,Changed,Khác -> Phim Trung Quốc,,,,,,,,,
44774387,,perfect world,5,Khác,perfect world,6,Khác,No,Unchanged,Unchanged,,,,,,,,,
44782563,,fantastic four,3,Khác,batman,2,Khác,Yes,Unchanged,Unchanged,,,,,,,,,
44801885,,đại chiến titan,5,Anime,chi da,15,Khác,Yes,Changed,Anime -> Khác,,,,,,,,,
448308,,quang lập,2,Khác,quang lập,7,Khác,No,Unchanged,Unchanged,,,,,,,,,
44862374,,dr stone,6,Anime,attack on titan final season,2,Anime,Yes,Unchanged,Unchanged,,,,,,,,,
4486841,,những chàng trai ngoan,5,Khác,thử thách thần tượng running man,2,Chương trình truyền hình,Yes,Changed,Khác -> Chương trình truyền hình,,,,,,,,,
44872702,,thanh lạc,2,Phim Trung Quốc,liên minh công lý phiên bản của zack snyder,2,phiên bản của zack snyder : Phim chiếu rạp / Siêu anh hùng,Yes,Changed,Phim Trung Quốc -> phiên bản của zack snyder : Phim chiếu rạp / Siêu anh hùng,,,,,,,,,
44873092,,tvb,2,Khác,phuong ly,2,Khác,Yes,Unchanged,Unchanged,,,,,,,,,
44898180,,tương phùng tương ngộ,2,Khác,tương phùng tương ngộ,5,Khác,No,Unchanged,Unchanged,,,,,,,,,
4490912,,the little mermaid,4,Phim chiếu rạp,siêu nhân,3,Phim hoạt hình,Yes,Changed,Phim chiếu rạp -> Phim hoạt hình,,,,,,,,,
44921561,,life inside north korea,2,Khác,phạm dũng,5,Khác,Yes,Unchanged,Unchanged,,,,,,,,,
44935934,,baby shark,19,Âm nhạc thiếu nhi,baby shark,11,Âm nhạc thiếu nhi,No,Unchanged,Unchanged,,,,,,,,,
4502229,,tokyo revengers,3,Anime,pent,3,Khác,Yes,Changed,Anime -> Khác,,,,,,,,,
45061554,,cinderella,4,Phim chiếu rạp,kênh vtv1,2,Kênh truyền hình,Yes,Changed,Phim chiếu rạp -> Kênh truyền hình,,,,,,,,,
45097637,,pháp y tần minh,2,người đọc tâm : Phim Trung Quốc,trầm vụn hương phai,2,Khác,Yes,Changed,người đọc tâm : Phim Trung Quốc -> Khác,,,,,,,,,
45113614,,chúng tôi đơn giản là gấu,2,Khác,u19 thai u19dongtimo,3,Khác,Yes,Unchanged,Unchanged,,,,,,,,,
45252870,,weekly,3,Khác,mama,2,Khác,Yes,Unchanged,Unchanged,,,,,,,,,
45259312,,xuy,2,Khác,thần tượng,4,Khác,Yes,Unchanged,Unchanged,,,,,,,,,
45259850,,hac b,2,Khác,akame ga kill,3,Anime,Yes,Changed,Khác -> Anime,,,,,,,,,
45296728,,vô tình nhặt được tổng tài,2,Phim Trung Quốc,con tim sắt đá,2,Phim Thái Lan,Yes,Changed,Phim Trung Quốc -> Phim Thái Lan,,,,,,,,,
4535725,,khách sạn ma quái,3,Phim Hàn Quốc,dương cẩm lynh,2,Khác,Yes,Changed,Phim Hàn Quốc -> Khác,,,,,,,,,
4540628,,nữ thanh tra tài ba,2,Phim Hàn Quốc,nhất kiến khuynh tâm,2,Phim Trung Quốc,Yes,Changed,Phim Hàn Quốc -> Phim Trung Quốc,,,,,,,,,
45511833,,một mảnh băng tâm tại ngọc hồ,2,Khác,sáng như trăng trong mây,2,Khác,Yes,Unchanged,Unchanged,,,,,,,,,
45556909,,liên khúc bolero,2,Âm nhạc,đại chiến kén rể,3,Chương trình truyền hình,Yes,Changed,Âm nhạc -> Chương trình truyền hình,,,,,,,,,
45651011,,ve de,4,Khác,cuộc chiến,2,Khác,Yes,Unchanged,Unchanged,,,,,,,,,
45744976,,liên minh công lý phiên bản của zack snyder,2,phiên bản của zack snyder : Phim chiếu rạp / Siêu anh hùng,liên minh công lý phiên bản của zack snyder,2,phiên bản của zack snyder : Phim chiếu rạp / Siêu anh hùng,No,Unchanged,Unchanged,,,,,,,,,
45766226,,thanh gươm diệt quỷ,2,Anime,ozaki,5,Khác,Yes,Changed,Anime -> Khác,,,,,,,,,
45791765,,siêu nhân,11,Phim hoạt hình,siêu nhân,5,Phim hoạt hình,No,Unchanged,Unchanged,,,,,,,,,
45796533,,sieu,3,Khác,pokemon,4,Anime,Yes,Changed,Khác -> Anime,,,,,,,,,
45859597,,hoa du ký,5,Phim Hàn Quốc,công tố viên quân sự do bae man,2,Phim Hàn Quốc,Yes,Unchanged,Unchanged,,,,,,,,,
45907806,,jojo,3,Khác,liên minh công lý phiên bản của zack snyder,2,phiên bản của zack snyder : Phim chiếu rạp / Siêu anh hùng,Yes,Changed,Khác -> phiên bản của zack snyder : Phim chiếu rạp / Siêu anh hùng,,,,,,,,,
45913466,,một con vịt,6,Âm nhạc thiếu nhi,ca nhạc,2,Âm nhạc,Yes,Changed,Âm nhạc thiếu nhi -> Âm nhạc,,,,,,,,,
45924721,,đông cung,3,Phim Trung Quốc,flipped,2,Khác,Yes,Changed,Phim Trung Quốc -> Khác,,,,,,,,,
46019616,,cao lương đỏ,2,Khác,tron,2,Khác,Yes,Unchanged,Unchanged,,,,,,,,,
46170074,,siêu nhân,3,Phim hoạt hình,điệp vụ báo hồng,3,Khác,Yes,Changed,Phim hoạt hình -> Khác,,,,,,,,,
46553867,,ký ức tội ác,2,Khác,penthouse 2,2,Phim Hàn Quốc,Yes,Changed,Khác -> Phim Hàn Quốc,,,,,,,,,
46611952,,nhật ký thường ngày của tiên vương,4,Phim hoạt hình 3D Trung Quốc,nguyên long,3,Khác,Yes,Changed,Phim hoạt hình 3D Trung Quốc -> Khác,,,,,,,,,
46771452,,a letter to momo,2,Khác,em,2,Khác,Yes,Unchanged,Unchanged,,,,,,,,,
46837369,,cậu bé mất tích,2,Phim truyền hình / Viễn tưởng (Stranger Things),trữ tình,9,Âm nhạc,Yes,Changed,Phim truyền hình / Viễn tưởng (Stranger Things) -> Âm nhạc,,,,,,,,,
46867936,,vân tịch truyện,9,Phim Trung Quốc,hoa gian tân nương,2,Phim Trung Quốc,Yes,Unchanged,Unchanged,,,,,,,,,
46940442,,yêu trong đau thương,2,Khác,quan he hoan my,2,Khác,Yes,Unchanged,Unchanged,,,,,,,,,
4698115,,chàng hậu,7,Phim Hàn Quốc,chàng hậu,2,Phim Hàn Quốc,No,Unchanged,Unchanged,,,,,,,,,
4698660,,saiki,4,Anime,minio,2,Khác,Yes,Changed,Anime -> Khác,,,,,,,,,
47013706,,truyền hình vĩnh long 1,3,Khác,thần bài 3,2,Khác,Yes,Unchanged,Unchanged,,,,,,,,,
47027910,,mộng hoa lục,2,Phim ảnh,thiên nga bóng đênm,2,Khác,Yes,Changed,Phim ảnh -> Khác,,,,,,,,,
47048630,,shooting stars,4,Phim Hàn Quốc,the guest,2,Khác,Yes,Changed,Phim Hàn Quốc -> Khác,,,,,,,,,
47059004,,đao kiếm thần vực phần 4,6,Anime,bảy viên ngọc rồng z,44,Khác,Yes,Changed,Anime -> Khác,,,,,,,,,
47116754,,lan nguyễn,2,Khác,kênh việt voi,3,Khác,Yes,Unchanged,Unchanged,,,,,,,,,
47204202,,tìm kiếm bằng giọng nói,2,Tìm kiếm chung / Chức năng,liên minh công lý phiên bản của zack snyder,2,phiên bản của zack snyder : Phim chiếu rạp / Siêu anh hùng,Yes,Changed,Tìm kiếm chung / Chức năng -> phiên bản của zack snyder : Phim chiếu rạp / Siêu anh hùng,,,,,,,,,
47312780,,sao băng,2,Khác,tien nu cu ta,3,Khác,Yes,Unchanged,Unchanged,,,,,,,,,
4734283,,the avengers,4,Phim chiếu rạp / Siêu anh hùng,attack on titan final season,4,Anime,Yes,Changed,Phim chiếu rạp / Siêu anh hùng -> Anime,,,,,,,,,
47526383,,bolero,3,Âm nhạc,cinderella,4,Phim chiếu rạp,Yes,Changed,Âm nhạc -> Phim chiếu rạp,,,,,,,,,
4772128,,một ngày của bé,7,Khác,lý tiểu long và tôi,3,Phim ảnh,Yes,Changed,Khác -> Phim ảnh,,,,,,,,,
47754644,,đao kiếm thần vực phần 3,2,Anime,kẻ trộm mặt trăng minions,2,minions : Phim hoạt hình,Yes,Changed,Anime -> minions : Phim hoạt hình,,,,,,,,,
47761102,,true beauty,2,Phim Hàn Quốc,kẻ trộm mặt trăng minions,3,minions : Phim hoạt hình,Yes,Changed,Phim Hàn Quốc -> minions : Phim hoạt hình,,,,,,,,,
47828908,,american wrestler the wizard,9,the wizard : Phim chiếu rạp,children,9,Khác,Yes,Changed,the wizard : Phim chiếu rạp -> Khác,,,,,,,,,
47829767,,phật giáo,2,Khác,bolero,7,Âm nhạc,Yes,Changed,Khác -> Âm nhạc,,,,,,,,,
47850441,,chỉ là quan hệ hôn nhân,2,Khác,nghệ thuật săn quỷ và nấu mì,2,Khác,Yes,Unchanged,Unchanged,,,,,,,,,
47857146,,siêu nhân,4,Phim hoạt hình,mở con ma,2,Tâm linh,Yes,Changed,Phim hoạt hình -> Tâm linh,,,,,,,,,
4788506,,phap,2,Khác,happi,4,Khác,Yes,Unchanged,Unchanged,,,,,,,,,
48037027,,burt hummer,3,Khác,cá piranha,2,Khác,Yes,Unchanged,Unchanged,,,,,,,,,
48059637,,trữ tình,2,Âm nhạc,xe cấp cứu,5,Phương tiện,Yes,Changed,Âm nhạc -> Phương tiện,,,,,,,,,
48069960,,cong to,2,Khác,shin,2,Khác,Yes,Unchanged,Unchanged,,,,,,,,,
48072052,,đại đường minh nguyệt,2,Phim Trung Quốc,chỉ là quan hệ hôn nhân,2,Khác,Yes,Changed,Phim Trung Quốc -> Khác,,,,,,,,,
48093579,,hậu duệ mặt trời,2,Phim Hàn Quốc,con tim sắt đá,2,Phim Thái Lan,Yes,Changed,Phim Hàn Quốc -> Phim Thái Lan,,,,,,,,,
48133649,,nắm giữ sinh mệnh,3,Phim ảnh,mộng hoa lục,2,Phim ảnh,Yes,Unchanged,Unchanged,,,,,,,,,
48206621,,thử thách thần tượng running man,2,Chương trình truyền hình,thử thách thần chết giữa hai thế giới,2,giữa hai thế giới : Phim chiếu rạp / Giả tưởng,Yes,Changed,Chương trình truyền hình -> giữa hai thế giới : Phim chiếu rạp / Giả tưởng,,,,,,,,,
48283493,,fairy tail,16,Anime,fairy tail,9,Anime,No,Unchanged,Unchanged,,,,,,,,,
48534406,,lbx,4,Khác,tân hoàn châu cách cách,4,Khác,Yes,Unchanged,Unchanged,,,,,,,,,
48539763,,thiên sư chung quỳ,2,Khác,truyện cổ tích,2,Khác,Yes,Unchanged,Unchanged,,,,,,,,,
48553236,,cuoc c,22,Khác,cuoc c,5,Khác,No,Unchanged,Unchanged,,,,,,,,,
48632384,,lửa chiến,2,Khác,tôi thấy hoa vàng trên cỏ xanh,2,Phim Việt Nam,Yes,Changed,Khác -> Phim Việt Nam,,,,,,,,,
48633013,,cô gái mở đường,3,Khác,lời cuối cho tình yêu,5,Khác,Yes,Unchanged,Unchanged,,,,,,,,,
48733140,,john wick,2,Phim chiếu rạp / Hành động,focus,2,Khác,Yes,Changed,Phim chiếu rạp / Hành động -> Khác,,,,,,,,,
48738646,,euphoria s2,8,Khác,the maze runner,6,Khác,Yes,Unchanged,Unchanged,,,,,,,,,
48744839,,hội pháp sư,6,Anime,hội pháp sư,2,Anime,No,Unchanged,Unchanged,,,,,,,,,
48779154,,nữ thanh tra tài ba,2,Phim Hàn Quốc,lấy danh nghĩa người nhà,3,Phim Trung Quốc,Yes,Changed,Phim Hàn Quốc -> Phim Trung Quốc,,,,,,,,,
48781159,,cửa hàng bí mật,2,Khác,why her,2,Phim Hàn Quốc,Yes,Changed,Khác -> Phim Hàn Quốc,,,,,,,,,
48864463,,lê hấp đường phèn,4,Phim Trung Quốc,cung tuấn,2,Khác,Yes,Changed,Phim Trung Quốc -> Khác,,,,,,,,,
48907565,,komi,2,Anime,naruto,5,Anime,Yes,Unchanged,Unchanged,,,,,,,,,
48915889,,thanh gươm diệt quỷ chuyến tàu vô tận,2,Anime,hồi kí vanitas,3,Anime,Yes,Unchanged,Unchanged,,,,,,,,,
4895294,,prime provider,2,Khác,frozen,2,Phim hoạt hình,Yes,Changed,Khác -> Phim hoạt hình,,,,,,,,,
49001471,,cùng em đi đến tận cùng thế giới,2,Phim Trung Quốc,cac co,5,Khác,Yes,Changed,Phim Trung Quốc -> Khác,,,,,,,,,
49008156,,siêu nhân,2,Phim hoạt hình,siêu nhân,4,Phim hoạt hình,No,Unchanged,Unchanged,,,,,,,,,
49011170,,my hero ac,2,Khác,siêu nhân,15,Phim hoạt hình,Yes,Changed,Khác -> Phim hoạt hình,,,,,,,,,
49030884,,thời sự,2,Tìm kiếm chung / Tin tức,sến,2,Âm nhạc,Yes,Changed,Tìm kiếm chung / Tin tức -> Âm nhạc,,,,,,,,,
49051110,,muốn coi phim thái lan,2,Phim Thái Lan,hoa nở đêm,2,Khác,Yes,Changed,Phim Thái Lan -> Khác,,,,,,,,,
49104980,,why her,2,Phim Hàn Quốc,top star u back,2,Khác,Yes,Changed,Phim Hàn Quốc -> Khác,,,,,,,,,
49123583,,mat th,5,Khác,tottoro,6,Khác,Yes,Unchanged,Unchanged,,,,,,,,,
49124413,,bolero,2,Âm nhạc,anh ba phải,2,Khác,Yes,Changed,Âm nhạc -> Khác,,,,,,,,,
49136281,,jojo ss1,5,Khác,tại sao mở không được,2,Khác,Yes,Unchanged,Unchanged,,,,,,,,,
49136695,,trữ tình,3,Âm nhạc,trữ tình,5,Âm nhạc,No,Unchanged,Unchanged,,,,,,,,,
49154621,,siêu nhân,25,Phim hoạt hình,siêu nhân,11,Phim hoạt hình,No,Unchanged,Unchanged,,,,,,,,,
49159137,,bolero 2022,2,Âm nhạc,nhạc,2,Khác,Yes,Changed,Âm nhạc -> Khác,,,,,,,,,
49166941,,liên minh công lý phiên bản của zack snyder,2,phiên bản của zack snyder : Phim chiếu rạp / Siêu anh hùng,liên minh công lý phiên bản của zack snyder,4,phiên bản của zack snyder : Phim chiếu rạp / Siêu anh hùng,No,Unchanged,Unchanged,,,,,,,,,
49167997,,lucy,9,Phim chiếu rạp / Hành động,lucy,5,Phim chiếu rạp / Hành động,No,Unchanged,Unchanged,,,,,,,,,
49171804,,bạn trai tôi là hồ ly,2,Phim Hàn Quốc,anna,2,Phim Hàn Quốc,Yes,Unchanged,Unchanged,,,,,,,,,
49189924,,đại chiến titan,3,Anime,kimetsu no yaiba,4,Anime,Yes,Unchanged,Unchanged,,,,,,,,,
49193757,,10 năm 3 tháng 30 ngày,10,Phim Trung Quốc,mặt nạ thủy tinh,10,Khác,Yes,Changed,Phim Trung Quốc -> Khác,,,,,,,,,
49218256,,why her,3,Phim Hàn Quốc,the heirs,6,Khác,Yes,Changed,Phim Hàn Quốc -> Khác,,,,,,,,,
49228912,,fairy tail,2,Anime,ghibli,4,Anime,Yes,Unchanged,Unchanged,,,,,,,,,
49236356,,hunter x hunter,3,Khác,búp bê ki uc,2,Khác,Yes,Unchanged,Unchanged,,,,,,,,,
49238041,,thử thách thần tượng running man,2,Chương trình truyền hình,thử thách thần tượng running man,3,Chương trình truyền hình,No,Unchanged,Unchanged,,,,,,,,,
49255187,,bolero,2,Âm nhạc,a ghost story,2,Khác,Yes,Changed,Âm nhạc -> Khác,,,,,,,,,
49269493,,mairimashita iruma kun,5,Khác,yêu tinh,3,Phim Hàn Quốc,Yes,Changed,Khác -> Phim Hàn Quốc,,,,,,,,,
49272890,,mùa hè năm ấy e,3,Khác,tìm kiếm bằng giọng nói,6,Tìm kiếm chung / Chức năng,Yes,Changed,Khác -> Tìm kiếm chung / Chức năng,,,,,,,,,
49285496,,vùng đất,3,Khác,chuyen s,7,Khác,Yes,Unchanged,Unchanged,,,,,,,,,
49289534,,love all play,4,Khác,hậu duệ mặt trời,2,Phim Hàn Quốc,Yes,Changed,Khác -> Phim Hàn Quốc,,,,,,,,,
49303046,,cùng em bay lượn theo gió,10,Phim Trung Quốc,cùng em bay lượn theo gió,13,Phim Trung Quốc,No,Unchanged,Unchanged,,,,,,,,,
49313178,,cô nàng đầu bếp của tôi,2,Phim Thái Lan,nguyet ca hanh,2,Khác,Yes,Changed,Phim Thái Lan -> Khác,,,,,,,,,
49318473,,pho m,4,Khác,tieu su,2,Khác,Yes,Unchanged,Unchanged,,,,,,,,,
49321014,,sơn trại tiểu manh chủ,2,Phim Trung Quốc,hạnh phúc bất ngờ,2,Khác,Yes,Changed,Phim Trung Quốc -> Khác,,,,,,,,,
49321737,,eve,2,Phim Hàn Quốc,eve,6,Phim Hàn Quốc,No,Unchanged,Unchanged,,,,,,,,,
49322235,,du quan ca,2,Khác,than,5,Khác,Yes,Unchanged,Unchanged,,,,,,,,,
49332342,,phim trung quốc nếu như yêu,3,Khác,phim thái lan phim hàn quốc bác sĩ tù nhân,2,Phim Thái Lan,Yes,Changed,Khác -> Phim Thái Lan,,,,,,,,,
49333393,,siêu nhân,8,Phim hoạt hình,dog,6,Động vật,Yes,Changed,Phim hoạt hình -> Động vật,,,,,,,,,
49351099,,công nông,4,Khác,công nông,7,Khác,No,Unchanged,Unchanged,,,,,,,,,
49365819,,luật sư vô pháp,3,Khác,kairos,2,Phim Hàn Quốc,Yes,Changed,Khác -> Phim Hàn Quốc,,,,,,,,,
49366403,,nhanh và nguy hiểm 9,2,Phim chiếu rạp / Hành động,ke trom kim c,2,Khác,Yes,Changed,Phim chiếu rạp / Hành động -> Khác,,,,,,,,,
49371079,,hoi p,3,Khác,hoi ph,2,Khác,Yes,Unchanged,Unchanged,,,,,,,,,
49384316,,vô tình nhặt được tổng tài,2,Phim Trung Quốc,quý ông hoàn hảo và cô nàng tạm được,2,Phim Trung Quốc,Yes,Unchanged,Unchanged,,,,,,,,,
49411155,,thiếu nhi,4,Tìm kiếm chung,thiếu nhi,2,Tìm kiếm chung,No,Unchanged,Unchanged,,,,,,,,,
49430232,,viet huong,3,Khác,tra,4,Khác,Yes,Unchanged,Unchanged,,,,,,,,,
49433445,,yêu tinh,3,Phim Hàn Quốc,hội pháp sư fairy tail tập,3,Anime,Yes,Changed,Phim Hàn Quốc -> Anime,,,,,,,,,
49454934,,tình anh đình dũng,2,Khác,doraemon nobita du hành biển phương nam,2,Anime,Yes,Changed,Khác -> Anime,,,,,,,,,
4949867,,lay da,4,Khác,sao băng,2,Khác,Yes,Unchanged,Unchanged,,,,,,,,,
49517245,,fairy tail,4,Anime,hội pháp sư,32,Anime,Yes,Unchanged,Unchanged,,,,,,,,,
49518419,,thanh xuân vật vã,4,Phim Hàn Quốc,ve de,2,Khác,Yes,Changed,Phim Hàn Quốc -> Khác,,,,,,,,,
49519490,,ấu trùng tinh nghịch,3,Phim hoạt hình,đám cưới miền tây,2,Khác,Yes,Changed,Phim hoạt hình -> Khác,,,,,,,,,
49524856,,bạn trai tôi là hồ ly,3,Phim Hàn Quốc,hủy kết bạn,2,Khác,Yes,Changed,Phim Hàn Quốc -> Khác,,,,,,,,,
49529532,,huyền thoại biển xanh,4,Phim Hàn Quốc,thâm kế độc tính,2,Phim Thái Lan,Yes,Changed,Phim Hàn Quốc -> Phim Thái Lan,,,,,,,,,
49591950,,trữ tình,4,Âm nhạc,trữ tình,4,Âm nhạc,No,Unchanged,Unchanged,,,,,,,,,
49601161,,liên minh công lý phiên bản của zack snyder,3,phiên bản của zack snyder : Phim chiếu rạp / Siêu anh hùng,liên minh công lý phiên bản của zack snyder,3,phiên bản của zack snyder : Phim chiếu rạp / Siêu anh hùng,No,Unchanged,Unchanged,,,,,,,,,
49603440,,cảnh sát hình sự,6,Phim Việt Nam,cảnh sát hình sự,2,Phim Việt Nam,No,Unchanged,Unchanged,,,,,,,,,
49616936,,doraemon,6,Anime,dora,6,Khác,Yes,Changed,Anime -> Khác,,,,,,,,,
49622169,,atta,2,Khác,montrous,5,Khác,Yes,Unchanged,Unchanged,,,,,,,,,
49636399,,cùng em đến đỉnh vinh quang,2,Khác,em đẹp nhất là khi mỉm cười,6,Phim Trung Quốc,Yes,Changed,Khác -> Phim Trung Quốc,,,,,,,,,
49638803,,liên minh công lý phiên bản của zack snyder,2,phiên bản của zack snyder : Phim chiếu rạp / Siêu anh hùng,liên minh công lý phiên bản của zack snyder,3,phiên bản của zack snyder : Phim chiếu rạp / Siêu anh hùng,No,Unchanged,Unchanged,,,,,,,,,
49667194,,viet nam vs uc,3,Khác,myanmar vs brunei,2,Khác,Yes,Unchanged,Unchanged,,,,,,,,,
49668932,,siêu nhân,3,Phim hoạt hình,siêu nhân,3,Phim hoạt hình,No,Unchanged,Unchanged,,,,,,,,,
49675234,,lam d,7,Khác,huyền thoại biển xanh,2,Phim Hàn Quốc,Yes,Changed,Khác -> Phim Hàn Quốc,,,,,,,,,
49675904,,đtvn,2,Khác,đội tuyển nữ vn,4,Khác,Yes,Unchanged,Unchanged,,,,,,,,,
49729742,,attack on titan season 4,11,Anime,attack on titan season 4,4,Anime,No,Unchanged,Unchanged,,,,,,,,,
49751042,,pokemon,5,Anime,annabelle creation,2,Khác,Yes,Changed,Anime -> Khác,,,,,,,,,
49787444,,bắt ma phá án,2,Phim Hàn Quốc,hậu duệ mặt trời,2,Phim Hàn Quốc,Yes,Unchanged,Unchanged,,,,,,,,,
49791008,,cải lương,5,Khác,vật,4,Khác,Yes,Unchanged,Unchanged,,,,,,,,,
49809143,,harry potter,3,Phim chiếu rạp / Giả tưởng,the100,9,Khác,Yes,Changed,Phim chiếu rạp / Giả tưởng -> Khác,,,,,,,,,
49813964,,thu k,2,Khác,true,24,Khác,Yes,Unchanged,Unchanged,,,,,,,,,
49838096,,chang vo,2,Khác,bộ phim về hiphop,2,Thể loại phim,Yes,Changed,Khác -> Thể loại phim,,,,,,,,,
49866575,,bolero,4,Âm nhạc,bolero,4,Âm nhạc,No,Unchanged,Unchanged,,,,,,,,,
49876126,,kirito,5,Khác,conan,2,Anime,Yes,Changed,Khác -> Anime,,,,,,,,,
49890895,,nữ thanh tra tài ba,2,Phim Hàn Quốc,bắt ma phá án,6,Phim Hàn Quốc,Yes,Unchanged,Unchanged,,,,,,,,,
49891873,,hội pháp sư,3,Anime,one punch man,2,Anime,Yes,Unchanged,Unchanged,,,,,,,,,
49902854,,luu l,2,Khác,nhiet,17,Khác,Yes,Unchanged,Unchanged,,,,,,,,,
49904609,,siêu nhân,87,Phim hoạt hình,siêu nhân,8,Phim hoạt hình,No,Unchanged,Unchanged,,,,,,,,,
49908666,,bạn cùng lớp,2,Khác,dr stone,2,Anime,Yes,Changed,Khác -> Anime,,,,,,,,,
49925412,,shooting stars,2,Phim Hàn Quốc,fight for my way,2,Khác,Yes,Changed,Phim Hàn Quốc -> Khác,,,,,,,,,
49939295,,siêu nhân,2,Phim hoạt hình,thế giới động vật,2,Tìm kiếm chung / Tài liệu,Yes,Changed,Phim hoạt hình -> Tìm kiếm chung / Tài liệu,,,,,,,,,
49943645,,nắm giữ sinh mệnh,8,Phim ảnh,cuộc chiến,2,Khác,Yes,Changed,Phim ảnh -> Khác,,,,,,,,,
49956608,,sao băng,15,Khác,cô nàng đầu bếp của tôi,13,Phim Thái Lan,Yes,Changed,Khác -> Phim Thái Lan,,,,,,,,,
49956859,,black death,2,Khác,inuyashki,5,Khác,Yes,Unchanged,Unchanged,,,,,,,,,
49959885,,dr stone,2,Anime,đại chiến người khổng lồ,2,Anime,Yes,Unchanged,Unchanged,,,,,,,,,
49964054,,demon slayer mugen train arc,3,mugen train arc : Anime,one puch man,2,Khác,Yes,Changed,mugen train arc : Anime -> Khác,,,,,,,,,
49976603,,tìm kiếm bằng giọng nói,3,Tìm kiếm chung / Chức năng,tìm kiếm bằng giọng nói,3,Tìm kiếm chung / Chức năng,No,Unchanged,Unchanged,,,,,,,,,
49983260,,ca sĩ thần tượng,7,Khác,ca sĩ thần tượng,3,Khác,No,Unchanged,Unchanged,,,,,,,,,
5022943,,eve,2,Phim Hàn Quốc,eve,2,Phim Hàn Quốc,No,Unchanged,Unchanged,,,,,,,,,
5027036,,yêu thầm anh xã,3,Phim Thái Lan,kiếm ký,2,Khác,Yes,Changed,Phim Thái Lan -> Khác,,,,,,,,,
5117058,,cardcaptor sakura,5,Anime,chàng hậu,2,Phim Hàn Quốc,Yes,Changed,Anime -> Phim Hàn Quốc,,,,,,,,,
512864,,malai,2,Khác,tầng lớp iteawon,2,Khác,Yes,Unchanged,Unchanged,,,,,,,,,
5335372,,produce,9,Chương trình Hàn Quốc,mr queen,2,Phim Hàn Quốc,Yes,Changed,Chương trình Hàn Quốc -> Phim Hàn Quốc,,,,,,,,,
5348117,,tình yêu hệ nhị phân,2,Khác,night of love with you,2,Khác,Yes,Unchanged,Unchanged,,,,,,,,,
5413845,,sao băng,2,Khác,sở kiều truyện,2,Khác,Yes,Unchanged,Unchanged,,,,,,,,,
5491525,,thử thách thần tượng running man,2,Chương trình truyền hình,thu thach,2,Khác,Yes,Changed,Chương trình truyền hình -> Khác,,,,,,,,,
5716223,,diễm thùy,9,Khác,diễm thùy,3,Khác,No,Unchanged,Unchanged,,,,,,,,,
7107479,,apes,4,Khác,kẻ trộm mặt trăng minions,3,minions : Phim hoạt hình,Yes,Changed,Khác -> minions : Phim hoạt hình,,,,,,,,,
7271495,,bạn trai tôi là hồ ly,2,Phim Hàn Quốc,diên hy công lược,2,Phim Trung Quốc,Yes,Changed,Phim Hàn Quốc -> Phim Trung Quốc,,,,,,,,,
7305210,,akb0048,2,Khác,why,3,Khác,Yes,Unchanged,Unchanged,,,,,,,,,
7365785,,cuộc chiến hau cung,2,Khác,nữ quỷ nhà bên phần 1,2,Khác,Yes,Unchanged,Unchanged,,,,,,,,,
760151,,dog,13,Động vật,dog,3,Động vật,No,Unchanged,Unchanged,,,,,,,,,
7620874,,why her,2,Phim Hàn Quốc,garo,2,Khác,Yes,Changed,Phim Hàn Quốc -> Khác,,,,,,,,,
7627206,,pháp y tần minh,2,người đọc tâm : Phim Trung Quốc,nhất kiến khuynh tâm,2,Phim Trung Quốc,Yes,Changed,người đọc tâm : Phim Trung Quốc -> Phim Trung Quốc,,,,,,,,,
7764232,,vtv3,2,Kênh truyền hình,resident evil,3,Khác,Yes,Changed,Kênh truyền hình -> Khác,,,,,,,,,
7884196,,kimetsu no yaiba,3,Anime,kimetsu no yaiba,4,Anime,No,Unchanged,Unchanged,,,,,,,,,
804244,,die hard,3,Khác,rambo,2,Khác,Yes,Unchanged,Unchanged,,,,,,,,,
8171579,,luffy,20,Anime,biệt đội siêu anh hùng,3,Phim chiếu rạp / Siêu anh hùng,Yes,Changed,Anime -> Phim chiếu rạp / Siêu anh hùng,,,,,,,,,
8238822,,sao băng,14,Khác,chàng hậu,9,Phim Hàn Quốc,Yes,Changed,Khác -> Phim Hàn Quốc,,,,,,,,,
8245121,,báo thù,2,Khác,bắt ma phá án,2,Phim Hàn Quốc,Yes,Changed,Khác -> Phim Hàn Quốc,,,,,,,,,
8380993,,chàng hậu,15,Phim Hàn Quốc,fairy tail,5,Anime,Yes,Changed,Phim Hàn Quốc -> Anime,,,,,,,,,
8388253,,baby shark,17,Âm nhạc thiếu nhi,một con vịt,10,Âm nhạc thiếu nhi,Yes,Unchanged,Unchanged,,,,,,,,,
8542750,,changvjlog,2,Khác,ninja,2,Khác,Yes,Unchanged,Unchanged,,,,,,,,,
8778636,,oan g,2,Khác,sang nh,3,Khác,Yes,Unchanged,Unchanged,,,,,,,,,
8893724,,trang quynh,2,Khác,goblin,4,Phim Hàn Quốc,Yes,Changed,Khác -> Phim Hàn Quốc,,,,,,,,,
90088264,,học viện anh hùng phần 2,3,Anime,overlord,2,Anime,Yes,Unchanged,Unchanged,,,,,,,,,
90161091,,chú,2,Khác,mị giả vô,2,Khác,Yes,Unchanged,Unchanged,,,,,,,,,
9022308,,gundam,2,Anime,đao kiếm thần vực,4,Khác,Yes,Changed,Anime -> Khác,,,,,,,,,
90234607,,đàm vĩnh hưng,5,Khác,sống,3,Khác,Yes,Unchanged,Unchanged,,,,,,,,,
9030198,,phim truyen viet nam tra tao do phan 2 tap 75,2,Khác,sát thủ thợ máy,2,Khác,Yes,Unchanged,Unchanged,,,,,,,,,
90310454,,captain america 2 chiến binh mùa đông,2,Khác,minion,3,Phim hoạt hình,Yes,Changed,Khác -> Phim hoạt hình,,,,,,,,,
90469288,,gank your heart,2,Khác,hoc vien ma vuong,2,Tâm linh,Yes,Changed,Khác -> Tâm linh,,,,,,,,,
90488176,,mae krua kon mai,12,Khác,tư đằng,3,Phim Trung Quốc,Yes,Changed,Khác -> Phim Trung Quốc,,,,,,,,,
90493857,,shooting star,2,Khác,hoàn hồn,2,Phim Hàn Quốc,Yes,Changed,Khác -> Phim Hàn Quốc,,,,,,,,,
90598985,,con tim sắt đá,6,Phim Thái Lan,minh châu rực rỡ,6,Phim Thái Lan,Yes,Unchanged,Unchanged,,,,,,,,,
90609386,,truyen co tich nhat ban,2,Khác,solo leveling,7,Khác,Yes,Unchanged,Unchanged,,,,,,,,,
90848645,,hội bạn cực phẩm,2,Khác,minh lan truyện,11,Phim Trung Quốc,Yes,Changed,Khác -> Phim Trung Quốc,,,,,,,,,
9092212,,bạn muốn hẹn hò,4,Chương trình truyền hình,bạn muốn hẹn hò,5,Chương trình truyền hình,No,Unchanged,Unchanged,,,,,,,,,
90964583,,diên hy công lược,2,Phim Trung Quốc,pháp y tần minh người đọc tâm,3,người đọc tâm : Phim Trung Quốc,Yes,Changed,Phim Trung Quốc -> người đọc tâm : Phim Trung Quốc,,,,,,,,,
90966621,,siêu nhân,4,Phim hoạt hình,siêu nhân,2,Phim hoạt hình,No,Unchanged,Unchanged,,,,,,,,,
90969128,,cuộc chiến thượng lưu,2,Phim Hàn Quốc,hướng dương ngươc nắng phần 1,2,Khác,Yes,Changed,Phim Hàn Quốc -> Khác,,,,,,,,,
90980583,,tháng,2,Khác,con tim sắt đá,2,Phim Thái Lan,Yes,Changed,Khác -> Phim Thái Lan,,,,,,,,,
91026946,,siêu nhân,5,Phim hoạt hình,siêu nhân,12,Phim hoạt hình,No,Unchanged,Unchanged,,,,,,,,,
91255290,,cá mực hầm mật,2,Phim Trung Quốc,chiêu diêu,2,Phim Trung Quốc,Yes,Unchanged,Unchanged,,,,,,,,,
91266699,,hkt,2,Khác,mở youtube mới nhất,4,Nền tảng,Yes,Changed,Khác -> Nền tảng,,,,,,,,,
91335927,,46 ngày san bằng đám cưới,2,Phim Thái Lan,bất động sản trừ tà,2,Phim Hàn Quốc,Yes,Changed,Phim Thái Lan -> Phim Hàn Quốc,,,,,,,,,
91510379,,jujutsu kaisen,3,Anime,jujutsu kaisen,2,Anime,No,Unchanged,Unchanged,,,,,,,,,
91607501,,độc nữ quân vị kiến,2,Khác,bạch phát vương phi,4,Phim Trung Quốc,Yes,Changed,Khác -> Phim Trung Quốc,,,,,,,,,
9160868,,siêu nhân,2,Phim hoạt hình,thiếu nhi,2,Tìm kiếm chung,Yes,Changed,Phim hoạt hình -> Tìm kiếm chung,,,,,,,,,
91618809,,street dance,3,Khác,dr stone,2,Anime,Yes,Changed,Khác -> Anime,,,,,,,,,
91668288,,true beauty,3,Phim Hàn Quốc,thư ký kim sao thế,2,Phim Hàn Quốc,Yes,Unchanged,Unchanged,,,,,,,,,
91794575,,bí mật người hầu gái,2,Khác,cuộc chiến hôn nhân,2,Khác,Yes,Unchanged,Unchanged,,,,,,,,,
91833266,,nhân tình bí ẩn,2,Khác,lời thì thầm,2,Khác,Yes,Unchanged,Unchanged,,,,,,,,,
91873008,,liên minh công lý phiên bản của zack snyder,2,phiên bản của zack snyder : Phim chiếu rạp / Siêu anh hùng,liên minh công lý phiên bản của zack snyder,4,phiên bản của zack snyder : Phim chiếu rạp / Siêu anh hùng,No,Unchanged,Unchanged,,,,,,,,,
92058727,,gundam build try,2,Anime,nhất kiến khuynh tâm,3,Phim Trung Quốc,Yes,Changed,Anime -> Phim Trung Quốc,,,,,,,,,
92068265,,hội pháp sư 2,15,Anime,đêm tối tokyo phần 1,2,Khác,Yes,Changed,Anime -> Khác,,,,,,,,,
92078566,,hội pháp sư,5,Anime,hội pháp sư,5,Anime,No,Unchanged,Unchanged,,,,,,,,,
92113350,,hồ sơ trinh sát,6,Phim Hồng Kông,khánh dư niên,3,Khác,Yes,Changed,Phim Hồng Kông -> Khác,,,,,,,,,
92122070,,siêu nhân,2,Phim hoạt hình,siêu nhân,3,Phim hoạt hình,No,Unchanged,Unchanged,,,,,,,,,
92165275,,sống,6,Khác,paw patrol,5,Phim hoạt hình,Yes,Changed,Khác -> Phim hoạt hình,,,,,,,,,
92175746,,boruto naruto the movie,2,Anime,conan thám tử lừng danh,3,Anime,Yes,Unchanged,Unchanged,,,,,,,,,
92185166,,co tay,3,Khác,thu k,12,Khác,Yes,Unchanged,Unchanged,,,,,,,,,
9227478,,jujutsu kaisen,3,Anime,dr stone season 2,4,Anime,Yes,Unchanged,Unchanged,,,,,,,,,
92338736,,hội pháp sư,6,Anime,boku no hero academia season 3,2,Anime,Yes,Unchanged,Unchanged,,,,,,,,,
92414939,,penhouse,7,Khác,maquia,2,Khác,Yes,Unchanged,Unchanged,,,,,,,,,
92641558,,street manfighter,4,Khác,any body can dance,9,Khác,Yes,Unchanged,Unchanged,,,,,,,,,
92657761,,bác sĩ yo han,10,Phim Hàn Quốc,lưu ly mỹ nhân sát,6,Phim Trung Quốc,Yes,Changed,Phim Hàn Quốc -> Phim Trung Quốc,,,,,,,,,
92715985,,phap y,2,Khác,despicable me,2,Phim hoạt hình,Yes,Changed,Khác -> Phim hoạt hình,,,,,,,,,
92753733,,dạ cổ hoài lang,3,Khác,tôi thấy hoa vàng trên cỏ xanh,2,Phim Việt Nam,Yes,Changed,Khác -> Phim Việt Nam,,,,,,,,,
92757984,,fair,2,Khác,hội pháp sư,23,Anime,Yes,Changed,Khác -> Anime,,,,,,,,,
9277946,,soul,2,Khác,ice age,2,Khác,Yes,Unchanged,Unchanged,,,,,,,,,
92936239,,maika,2,Phim Việt Nam,ghibli,6,Anime,Yes,Changed,Phim Việt Nam -> Anime,,,,,,,,,
92947491,,kaguya sama,2,Khác,sword art online,2,alicization : Anime,Yes,Changed,Khác -> alicization : Anime,,,,,,,,,
9301484,,cô nàng đầu bếp của tôi tap1,2,Phim Thái Lan,cuoi cung cung den luot toi yeu,3,Khác,Yes,Changed,Phim Thái Lan -> Khác,,,,,,,,,
93021254,,gundam,4,Anime,chowder,3,Khác,Yes,Changed,Anime -> Khác,,,,,,,,,
93042833,,ma ám,2,Tâm linh,bác sĩ ma,2,Phim Hàn Quốc,Yes,Changed,Tâm linh -> Phim Hàn Quốc,,,,,,,,,
93054913,,diên hy công lược,2,Phim Trung Quốc,bac s,2,Khác,Yes,Changed,Phim Trung Quốc -> Khác,,,,,,,,,
93241198,,vẻ đẹp đích thực,19,Phim Hàn Quốc,những cô nàng ngổ ngáo,4,Khác,Yes,Changed,Phim Hàn Quốc -> Khác,,,,,,,,,
93297733,,dog,2,Động vật,nàng bạch tuyết và bảy chú lùn,2,Phim hoạt hình,Yes,Changed,Động vật -> Phim hoạt hình,,,,,,,,,
93388874,,xin chào jadoo,12,Khác,doraemon,21,Anime,Yes,Changed,Khác -> Anime,,,,,,,,,
93409477,,hoa ra,2,Khác,co be phu,3,Khác,Yes,Unchanged,Unchanged,,,,,,,,,
93513920,,fairy tail,2,Anime,lưỡi gươm diệt quỷ,4,Anime,Yes,Unchanged,Unchanged,,,,,,,,,
93635244,,biệt đội hành động,3,Khác,minio,2,Khác,Yes,Unchanged,Unchanged,,,,,,,,,
93667296,,hoa của quỷ,8,Phim Hàn Quốc,tro choi con muc,2,Khác,Yes,Changed,Phim Hàn Quốc -> Khác,,,,,,,,,
93754353,,chân tử đan,4,Khác,biển hải hòa,2,Khác,Yes,Unchanged,Unchanged,,,,,,,,,
93851541,,thử thách thần chết giữa hai thế giới,7,giữa hai thế giới : Phim chiếu rạp / Giả tưởng,thử thách thần tượng running man,5,Chương trình truyền hình,Yes,Changed,giữa hai thế giới : Phim chiếu rạp / Giả tưởng -> Chương trình truyền hình,,,,,,,,,
94001925,,bồ đào nha,2,Khác,u19 việt nam u19 malaysia xem lại trận đấu u19 đông nam á,2,Khác,Yes,Unchanged,Unchanged,,,,,,,,,
94103749,,fairy tail,4,Anime,fairy tail,2,Anime,No,Unchanged,Unchanged,,,,,,,,,
94114850,,dân ca,2,Khác,theo yêu cầu,3,Khác,Yes,Unchanged,Unchanged,,,,,,,,,
94175188,,linh mục nhiệt huyết,3,Khác,fast furious,2,Phim chiếu rạp / Hành động,Yes,Changed,Khác -> Phim chiếu rạp / Hành động,,,,,,,,,
9418995,,jurassic world,2,Khác,minio,3,Khác,Yes,Unchanged,Unchanged,,,,,,,,,
94214656,,người thầy y đức,2,Phim Hàn Quốc,tế bào của yumi,2,Khác,Yes,Changed,Phim Hàn Quốc -> Khác,,,,,,,,,
94434679,,hát về miền trung,2,Khác,cô dâu 8 tuổi,10,Khác,Yes,Unchanged,Unchanged,,,,,,,,,
94495578,,why her,4,Phim Hàn Quốc,why herr,2,Phim Hàn Quốc,Yes,Unchanged,Unchanged,,,,,,,,,
94510400,,rồi tới luôn,2,Khác,lửa chiến,2,Khác,Yes,Unchanged,Unchanged,,,,,,,,,
94512454,,it,5,Khác,minions,3,Phim hoạt hình,Yes,Changed,Khác -> Phim hoạt hình,,,,,,,,,
9451817,,học viện anh hùng phần 2,5,Anime,hoi p,2,Khác,Yes,Changed,Anime -> Khác,,,,,,,,,
94519888,,gái già lắm chiêu,2,Khác,thor,2,Khác,Yes,Unchanged,Unchanged,,,,,,,,,
94531357,,gọi tôi là tổng giám,2,Khác,kết hôn rồi bắt đầu yêu,2,Phim Trung Quốc,Yes,Changed,Khác -> Phim Trung Quốc,,,,,,,,,
94581949,,con tim sắt đá,2,Phim Thái Lan,thế giới hôn nhân,2,Phim Hàn Quốc,Yes,Changed,Phim Thái Lan -> Phim Hàn Quốc,,,,,,,,,
94742288,,remi,2,Khác,ke,6,Khác,Yes,Unchanged,Unchanged,,,,,,,,,
94805238,,báo động từ tân binh ở hàng thủ đội tuyển việt nam,2,Khác,cảnh sát hình sự,6,Phim Việt Nam,Yes,Changed,Khác -> Phim Việt Nam,,,,,,,,,
94854535,,atta,2,Khác,mahou shoji site,2,Khác,Yes,Unchanged,Unchanged,,,,,,,,,
948813,,gia đình phép thuật,2,Khác,dương ngọc thái,2,Khác,Yes,Unchanged,Unchanged,,,,,,,,,
94901349,,bác sĩ yo han,2,Phim Hàn Quốc,tại sao lại là oh soo jae,2,Phim Hàn Quốc,Yes,Unchanged,Unchanged,,,,,,,,,
94914667,,cuộc đời đầu tiên,2,Khác,bạn trai tôi là hồ ly,2,Phim Hàn Quốc,Yes,Changed,Khác -> Phim Hàn Quốc,,,,,,,,,
94919103,,sao băng,3,Khác,sao băng,4,Khác,No,Unchanged,Unchanged,,,,,,,,,
94986918,,cô nàng trong trắng,4,Phim Hàn Quốc,cổ tay áo màu đỏ,3,Phim Hàn Quốc,Yes,Unchanged,Unchanged,,,,,,,,,
95008970,,về nhà đi con,5,Khác,về nhà đi con,2,Khác,No,Unchanged,Unchanged,,,,,,,,,
95185916,,bungou stray dogs season 3,2,Anime,thanh lạc,3,Phim Trung Quốc,Yes,Changed,Anime -> Phim Trung Quốc,,,,,,,,,
95221113,,hương vị tình thân,2,Khác,giác quan thứ sáu,2,Chương trình truyền hình,Yes,Changed,Khác -> Chương trình truyền hình,,,,,,,,,
95235222,,running man trung quốc,2,Chương trình truyền hình,miracle của kang min ah,2,Khác,Yes,Changed,Chương trình truyền hình -> Khác,,,,,,,,,
95266191,,bolero,7,Âm nhạc,bolero,9,Âm nhạc,No,Unchanged,Unchanged,,,,,,,,,
95277596,,thiên nga bóng đêm,2,Phim Hàn Quốc,happiness,2,Phim Hàn Quốc,Yes,Unchanged,Unchanged,,,,,,,,,
95415990,,anh em siêu quây,2,Khác,na tra ma đồng giáng thế,2,ma đồng giáng thế : Phim hoạt hình,Yes,Changed,Khác -> ma đồng giáng thế : Phim hoạt hình,,,,,,,,,
95510782,,sao băng,2,Khác,the k2,2,Khác,Yes,Unchanged,Unchanged,,,,,,,,,
95534021,,pháp,3,Khác,mặt trăng,2,Khác,Yes,Unchanged,Unchanged,,,,,,,,,
95541953,,anh em nhà dalton,4,Khác,anh em nhà dalton,9,Khác,No,Unchanged,Unchanged,,,,,,,,,
95620101,,em cũng cần một bờ vai,7,Khác,không còn nợ nhau ca sĩ lệ quyên,3,Khác,Yes,Unchanged,Unchanged,,,,,,,,,
95736773,,phim trường ma,3,Thể loại phim,lửa chiến,3,Khác,Yes,Changed,Thể loại phim -> Khác,,,,,,,,,
9590704,,yêu nhầm chị dâu tập 29,2,Phim Thái Lan,mặt nạ thủy tinh,2,Khác,Yes,Changed,Phim Thái Lan -> Khác,,,,,,,,,
95930923,,natra,2,Khác,gate,2,Khác,Yes,Unchanged,Unchanged,,,,,,,,,
95956369,,fairy tail,3,Anime,hoi chung,2,Khác,Yes,Changed,Anime -> Khác,,,,,,,,,
96014330,,slee,2,Khác,harry potter hon da,3,Phim chiếu rạp / Giả tưởng,Yes,Changed,Khác -> Phim chiếu rạp / Giả tưởng,,,,,,,,,
96061871,,chuyện tình bác sĩ,2,Phim Hàn Quốc,cô vợ bắt buộc,2,Phim Thái Lan,Yes,Changed,Phim Hàn Quốc -> Phim Thái Lan,,,,,,,,,
96068071,,bước qua đời nhau,8,Khác,anh thơ,9,Khác,Yes,Unchanged,Unchanged,,,,,,,,,
9623737,,doctor strangers,2,Khác,cia tái xuất,2,Khác,Yes,Unchanged,Unchanged,,,,,,,,,
96300294,,hội pháp sư,2,Anime,choujin,2,Khác,Yes,Changed,Anime -> Khác,,,,,,,,,
96324337,,thế giới động vật,2,Tìm kiếm chung / Tài liệu,thế giới động vật,3,Tìm kiếm chung / Tài liệu,No,Unchanged,Unchanged,,,,,,,,,
96366116,,vô tình nhặt được tổng tài,2,Phim Trung Quốc,thvl,8,Khác,Yes,Changed,Phim Trung Quốc -> Khác,,,,,,,,,
96452399,,heo peppa,2,Phim hoạt hình,heo peppa,5,Phim hoạt hình,No,Unchanged,Unchanged,,,,,,,,,
96477591,,cha cha cha,4,Khác,trữ tình,3,Âm nhạc,Yes,Changed,Khác -> Âm nhạc,,,,,,,,,
96532947,,mộng hoa lục,2,Phim ảnh,chàng hậu,2,Phim Hàn Quốc,Yes,Changed,Phim ảnh -> Phim Hàn Quốc,,,,,,,,,
96643445,,tân ỷ thiên đồ long ký,2,Khác,bác sĩ xứ lạ,2,Y khoa,Yes,Changed,Khác -> Y khoa,,,,,,,,,
96706832,,chuyển sinh thành nhện,2,Anime,outbeark,6,Khác,Yes,Changed,Anime -> Khác,,,,,,,,,
96881449,,biệt đội siêu anh hùng,2,Phim chiếu rạp / Siêu anh hùng,jin,2,Khác,Yes,Changed,Phim chiếu rạp / Siêu anh hùng -> Khác,,,,,,,,,
9700170,,tiktok,7,Khác,damcuoiquangvinhbichthuy,12,Khác,Yes,Unchanged,Unchanged,,,,,,,,,
97116430,,boku no hero academia season 2,2,Anime,haikyu,3,Khác,Yes,Changed,Anime -> Khác,,,,,,,,,
97223675,,ly nhân tâm thượng,4,Phim Trung Quốc,anh không thích thế giới này anh chỉ thích em,3,Phim Trung Quốc,Yes,Unchanged,Unchanged,,,,,,,,,
9724451,,bi kịch thượng lưu,5,Khác,street w,3,Khác,Yes,Unchanged,Unchanged,,,,,,,,,
9725748,,running man,8,Chương trình truyền hình,running man,6,Chương trình truyền hình,No,Unchanged,Unchanged,,,,,,,,,
97376394,,penthouse 3,2,Phim Hàn Quốc,extraordinary you,2,Phim Hàn Quốc,Yes,Unchanged,Unchanged,,,,,,,,,
97413348,,one,2,Khác,despicable me,2,Phim hoạt hình,Yes,Changed,Khác -> Phim hoạt hình,,,,,,,,,
97431491,,yêu nhầm chị dâu,2,Phim Thái Lan,tiếng đàn ta lư,2,Khác,Yes,Changed,Phim Thái Lan -> Khác,,,,,,,,,
97633091,,tình yêu hê nhị phân,2,Khác,f4 thái lan,2,Giải trí,Yes,Changed,Khác -> Giải trí,,,,,,,,,
97679671,,thiếu nhi,3,Tìm kiếm chung,lưỡi gươm diệt quỷ,2,Anime,Yes,Changed,Tìm kiếm chung -> Anime,,,,,,,,,
97681637,,heo peppa,3,Phim hoạt hình,paw patrol,2,Phim hoạt hình,Yes,Unchanged,Unchanged,,,,,,,,,
97733685,,đại đường minh nguyệt,2,Phim Trung Quốc,hương mật tựa khói sương,2,Phim Trung Quốc,Yes,Unchanged,Unchanged,,,,,,,,,
9781536,,sao băng,2,Khác,trực tiếp,2,Khác,Yes,Unchanged,Unchanged,,,,,,,,,
97845231,,luu ly,2,Khác,sword a,3,Anime,Yes,Changed,Khác -> Anime,,,,,,,,,
97935231,,lê hấp đường phèn,2,Phim Trung Quốc,cô nàng đầu bếp của tôi,3,Phim Thái Lan,Yes,Changed,Phim Trung Quốc -> Phim Thái Lan,,,,,,,,,
9794658,,phim hành động,3,Thể loại phim,sao nhập ngũ,6,Khác,Yes,Changed,Thể loại phim -> Khác,,,,,,,,,
98052668,,hau d,2,Khác,liên minh công lý phiên bản của zack snyder,2,phiên bản của zack snyder : Phim chiếu rạp / Siêu anh hùng,Yes,Changed,Khác -> phiên bản của zack snyder : Phim chiếu rạp / Siêu anh hùng,,,,,,,,,
98129545,,happi,2,Khác,sing a bit of harmony,2,Khác,Yes,Unchanged,Unchanged,,,,,,,,,
98173999,,avatar,2,Khác,porco,3,Khác,Yes,Unchanged,Unchanged,,,,,,,,,
98453524,,thiếu nhi,7,Tìm kiếm chung,thiếu nhi,17,Tìm kiếm chung,No,Unchanged,Unchanged,,,,,,,,,
9848999,,trở lại tuổi 18,2,Phim Hàn Quốc,may h,3,Khác,Yes,Changed,Phim Hàn Quốc -> Khác,,,,,,,,,
98764198,,hội pháp sư,2,Anime,attack on titan part 1,5,Anime,Yes,Unchanged,Unchanged,,,,,,,,,
98908598,,con tim sắt đá,2,Phim Thái Lan,tam sinh tam thế,2,Khác,Yes,Changed,Phim Thái Lan -> Khác,,,,,,,,,
98994743,,nevertheless,2,Khác,thư ký kim sao thế,2,Phim Hàn Quốc,Yes,Changed,Khác -> Phim Hàn Quốc,,,,,,,,,
99005680,,phim tình cảm,3,Khác,phim tình cảm,3,Khác,No,Unchanged,Unchanged,,,,,,,,,
99014642,,khuynh thế hoàng phi,2,Khác,cuộc chiến thượng lưu tập đặc biệt,2,Phim Hàn Quốc,Yes,Changed,Khác -> Phim Hàn Quốc,,,,,,,,,
99370819,,lưỡi gươm diệt quỷ,2,Anime,thanh gươm diệt quỷ,3,Anime,Yes,Unchanged,Unchanged,,,,,,,,,
99460300,,cô nàng đầu bếp của tôi,2,Phim Thái Lan,girl love,2,Khác,Yes,Changed,Phim Thái Lan -> Khác,,,,,,,,,
99482359,,sân khấu,2,Khác,trữ tình,2,Âm nhạc,Yes,Changed,Khác -> Âm nhạc,,,,,,,,,
99494859,,công chúa ohnora,2,Khác,hoàng hậu ki,2,Khác,Yes,Unchanged,Unchanged,,,,,,,,,
99564730,,doraemon,2,Anime,fairy tail,2,Anime,Yes,Unchanged,Unchanged,,,,,,,,,
99685602,,hậu cung,3,Khác,hậu cung như ý truyện,5,Phim Trung Quốc,Yes,Changed,Khác -> Phim Trung Quốc,,,,,,,,,
99793132,,cuộc chiến thượng lưu,3,Phim Hàn Quốc,chàng hậu,3,Phim Hàn Quốc,Yes,Unchanged,Unchanged,,,,,,,,,
99804429,,street man fighter,3,Chương trình Hàn Quốc,street man figjter,2,Khác,Yes,Changed,Chương trình Hàn Quốc -> Khác,,,,,,,,,
0157466,,thiên nga bóng đêm,2,Phim Hàn Quốc,thế giới khủng long lãnh địa,2,Phim chiếu rạp,Yes,Changed,Phim Hàn Quốc -> Phim chiếu rạp,,,,,,,,,
0304143,,liên minh công lý phiên bản của zack snyder,2,phiên bản của zack snyder : Phim chiếu rạp / Siêu anh hùng,vô tình nhặt được tổng tài,10,Phim Trung Quốc,Yes,Changed,phiên bản của zack snyder : Phim chiếu rạp / Siêu anh hùng -> Phim Trung Quốc,,,,,,,,,
0508207,,không thèm yêu đương với sếp,3,Khác,tại sao lại là oh soo jae why her,2,Phim Hàn Quốc,Yes,Changed,Khác -> Phim Hàn Quốc,,,,,,,,,
06003898,,thư ký kim sao thế,3,Phim Hàn Quốc,một đời một kiếp,3,Khác,Yes,Changed,Phim Hàn Quốc -> Khác,,,,,,,,,
06005358,,f4,2,Giải trí,tìm kiếm bằng giọng nói,4,Tìm kiếm chung / Chức năng,Yes,Changed,Giải trí -> Tìm kiếm chung / Chức năng,,,,,,,,,
06015046,,shoo,2,Khác,cuoc c,3,Khác,Yes,Unchanged,Unchanged,,,,,,,,,
06016278,,sao băng,3,Khác,hậu duệ mặt trời,12,Phim Hàn Quốc,Yes,Changed,Khác -> Phim Hàn Quốc,,,,,,,,,
06020030,,mộng châu lục,2,Khác,mặt trăng ôm mặt trời,2,Phim Hàn Quốc,Yes,Changed,Khác -> Phim Hàn Quốc,,,,,,,,,
06020553,,trữ tình,11,Âm nhạc,tình yêu còn lại,4,Khác,Yes,Changed,Âm nhạc -> Khác,,,,,,,,,
06024158,,zorro,2,Khác,titan,8,Anime,Yes,Changed,Khác -> Anime,,,,,,,,,
06036670,,penthouse 1,4,Phim Hàn Quốc,penthouse 3,7,Phim Hàn Quốc,Yes,Unchanged,Unchanged,,,,,,,,,
06038805,,thử thách thần tượng,11,Chương trình truyền hình,chàng hậu,2,Phim Hàn Quốc,Yes,Changed,Chương trình truyền hình -> Phim Hàn Quốc,,,,,,,,,
06049870,,chẳng phải định mệnh của nhau,7,Khác,trở lại tuổi 18,6,Phim Hàn Quốc,Yes,Changed,Khác -> Phim Hàn Quốc,,,,,,,,,
06069221,,fairy tail,2,Anime,attack on titan part 1,2,Anime,Yes,Unchanged,Unchanged,,,,,,,,,
06071179,,chạng vạng 3,3,Khác,lưu ly mỹ nhân sát thuyết minh trọn bộ,3,Phim Trung Quốc,Yes,Changed,Khác -> Phim Trung Quốc,,,,,,,,,
06073358,,cô đi ca bao,2,Khác,minions sự trỗi day,2,Phim hoạt hình,Yes,Changed,Khác -> Phim hoạt hình,,,,,,,,,
06074554,,pham nhan tu tien,3,Phim hoạt hình 3D Trung Quốc,thanh,3,Khác,Yes,Changed,Phim hoạt hình 3D Trung Quốc -> Khác,,,,,,,,,
06085292,,cuộc chiến thượng lưu,3,Phim Hàn Quốc,cuộc chiến thượng lưu,4,Phim Hàn Quốc,No,Unchanged,Unchanged,,,,,,,,,
06093251,,hậu cung như ý truyện,2,Phim Trung Quốc,như ý truyện,2,Phim Trung Quốc,Yes,Unchanged,Unchanged,,,,,,,,,
06095658,,boku no hero academia season 3,3,Anime,yugioh,3,Anime,Yes,Unchanged,Unchanged,,,,,,,,,
0642617,,ma vuong anos,2,Tâm linh,dao kie,2,Khác,Yes,Changed,Tâm linh -> Khác,,,,,,,,,
06431609,,lặng lẽ thích cậu,2,Khác,hàng xóm của tôi không chịu lớn,3,Phim Trung Quốc,Yes,Changed,Khác -> Phim Trung Quốc,,,,,,,,,
06433771,,lý tiểu long và tôi,5,Phim ảnh,lý tiểu long và tôi,4,Phim ảnh,No,Unchanged,Unchanged,,,,,,,,,
06436617,,akame ga kill,5,Anime,akame ga kill,3,Anime,No,Unchanged,Unchanged,,,,,,,,,
06453162,,vua đầu bếp soma,3,Anime,conan,2,Anime,Yes,Unchanged,Unchanged,,,,,,,,,
06455682,,bạn gái bạn trai,5,Khác,thế giới hôn nhân,2,Phim Hàn Quốc,Yes,Changed,Khác -> Phim Hàn Quốc,,,,,,,,,
06459554,,làm vợ tgoifw nay,2,Khác,con tim sắt đá,2,Phim Thái Lan,Yes,Changed,Khác -> Phim Thái Lan,,,,,,,,,
06495618,,phi công siêu đẳng,2,Khác,bằng chứng thép 3,2,Phim Hồng Kông,Yes,Changed,Khác -> Phim Hồng Kông,,,,,,,,,
06800383,,prime provider,3,Khác,tsubasa,2,Khác,Yes,Unchanged,Unchanged,,,,,,,,,
06802210,,thổ thần tập sự,2,Khác,tế công,2,Khác,Yes,Unchanged,Unchanged,,,,,,,,,
06803202,,lê hấp đường phèn,2,Phim Trung Quốc,xin đừng gặp anh ấy,4,Phim Hàn Quốc,Yes,Changed,Phim Trung Quốc -> Phim Hàn Quốc,,,,,,,,,
06806313,,hoa du ký,2,Phim Hàn Quốc,goblin,4,Phim Hàn Quốc,Yes,Unchanged,Unchanged,,,,,,,,,
06822962,,võ mỵ nương truyền kỳ,3,Phim Trung Quốc,tiên nữ cử tạ kim bok joo,3,Phim Hàn Quốc,Yes,Changed,Phim Trung Quốc -> Phim Hàn Quốc,,,,,,,,,
06823581,,penthouse 2,3,Phim Hàn Quốc,tình hán xán lạn,3,Khác,Yes,Changed,Phim Hàn Quốc -> Khác,,,,,,,,,
06826972,,vẻ đẹp đích thực,9,Phim Hàn Quốc,vẻ đẹp đích thực,8,Phim Hàn Quốc,No,Unchanged,Unchanged,,,,,,,,,
06838166,,bảo yến,2,Âm nhạc,đài truyền hình,3,Khác,Yes,Changed,Âm nhạc -> Khác,,,,,,,,,
06861654,,hội bạn cực phẩm,3,Khác,chàng hậu,2,Phim Hàn Quốc,Yes,Changed,Khác -> Phim Hàn Quốc,,,,,,,,,
06862566,,cuoc c,4,Khác,cuộc chiến thượng lưu,7,Phim Hàn Quốc,Yes,Changed,Khác -> Phim Hàn Quốc,,,,,,,,,
06865873,,school 2021,2,Khác,happiness,3,Phim Hàn Quốc,Yes,Changed,Khác -> Phim Hàn Quốc,,,,,,,,,
06880071,,miễn bầu trời còn có mặt trời,2,Phim Thái Lan,làm sao boss lại làm sao nữa,2,Phim Trung Quốc,Yes,Changed,Phim Thái Lan -> Phim Trung Quốc,,,,,,,,,
06885879,,eve,4,Phim Hàn Quốc,công tố viên quân sự do bae man,2,Phim Hàn Quốc,Yes,Unchanged,Unchanged,,,,,,,,,
06888740,,fairy tail,2,Anime,lưỡi gươm diệt quỷ,4,Anime,Yes,Unchanged,Unchanged,,,,,,,,,
06889399,,chuyển sinh thành nhện,2,Anime,yêu tinh,11,Phim Hàn Quốc,Yes,Changed,Anime -> Phim Hàn Quốc,,,,,,,,,
06893927,,cảnh đẹp ngày vui biết bao giờ,3,Phim Trung Quốc,yêu nhầm chị dâu,3,Phim Thái Lan,Yes,Changed,Phim Trung Quốc -> Phim Thái Lan,,,,,,,,,
0689491,,cam y,2,Khác,conan,2,Anime,Yes,Changed,Khác -> Anime,,,,,,,,,
0795826,,siêu nhân,3,Phim hoạt hình,siêu nhân,2,Phim hoạt hình,No,Unchanged,Unchanged,,,,,,,,,
0907035,,attack on titan season 4,3,Anime,attack on titan season 4,4,Anime,No,Unchanged,Unchanged,,,,,,,,,
1040829,,người tình ánh trăng,2,Khác,hương,2,Khác,Yes,Unchanged,Unchanged,,,,,,,,,
1081346,,tướng quân tại thượng,22,Khác,song yểu ký,11,Khác,Yes,Unchanged,Unchanged,,,,,,,,,
1145052,,tam thiên nha sát,2,Phim Trung Quốc,nhiệt huyết thần thám,2,Khác,Yes,Changed,Phim Trung Quốc -> Khác,,,,,,,,,
1162904,,su tr,3,Khác,boku,2,Anime,Yes,Changed,Khác -> Anime,,,,,,,,,
1238424,,yêu,2,Khác,thanh thanh tử khâm,2,Phim Trung Quốc,Yes,Changed,Khác -> Phim Trung Quốc,,,,,,,,,
1247855,,iran,2,Khác,bóng chuyền nữ thái lan và,2,Khác,Yes,Unchanged,Unchanged,,,,,,,,,
1335172,,học viện anh hùng phần 2,4,Anime,cuoc c,2,Khác,Yes,Changed,Anime -> Khác,,,,,,,,,
1372145,,the 100,8,Khác,the 100,17,Khác,No,Unchanged,Unchanged,,,,,,,,,
1401976,,vân tịch truyện,2,Phim Trung Quốc,bão tố cuộc đời,2,Khác,Yes,Changed,Phim Trung Quốc -> Khác,,,,,,,,,
1494843,,kinh song thanh,2,Khác,kinh song thanh,5,Khác,No,Unchanged,Unchanged,,,,,,,,,
1749950,,tuyển tập phim ngắn việt nam,6,phim ngắn việt nam : Phim Việt Nam,cô giúp việc,4,Khác,Yes,Changed,phim ngắn việt nam : Phim Việt Nam -> Khác,,,,,,,,,
1870781,,nasa,3,Khác,nasa,5,Khác,No,Unchanged,Unchanged,,,,,,,,,
1914914,,liên minh công lý phiên bản của zack snyder,5,phiên bản của zack snyder : Phim chiếu rạp / Siêu anh hùng,huyền thoại biển xanh,2,Phim Hàn Quốc,Yes,Changed,phiên bản của zack snyder : Phim chiếu rạp / Siêu anh hùng -> Phim Hàn Quốc,,,,,,,,,
1971646,,tracer,2,Khác,why her,2,Phim Hàn Quốc,Yes,Changed,Khác -> Phim Hàn Quốc,,,,,,,,,
2002848,,học viện anh hùng phần 1,2,Anime,lạc vào thế giới game,2,Khác,Yes,Changed,Anime -> Khác,,,,,,,,,
2023093,,the unc,3,Khác,youtube,2,Nền tảng,Yes,Changed,Khác -> Nền tảng,,,,,,,,,
2076654,,nhat ky ma ca rong,2,Tâm linh,vụ bắt cóc triệu đô,2,Khác,Yes,Changed,Tâm linh -> Khác,,,,,,,,,
2132862,,cá mực hầm mật 2,3,Phim Trung Quốc,cố,2,Khác,Yes,Changed,Phim Trung Quốc -> Khác,,,,,,,,,
2198978,,iron bodyguard,2,Khác,thanh thanh tử khâm,4,Phim Trung Quốc,Yes,Changed,Khác -> Phim Trung Quốc,,,,,,,,,
2225883,,karaoke,3,Âm nhạc,cảm ơn vì tất cả karaoke,2,Âm nhạc,Yes,Unchanged,Unchanged,,,,,,,,,
2294665,,sam sam đến rồi,2,Phim Trung Quốc,người đàm phán,8,Phim Trung Quốc,Yes,Unchanged,Unchanged,,,,,,,,,
2380327,,the 100 season 3,6,Khác,thiên tài lang băm,3,Phim Hàn Quốc,Yes,Changed,Khác -> Phim Hàn Quốc,,,,,,,,,
2384105,,tương dạ,2,Khác,vũ động càn khôn,3,Khác,Yes,Unchanged,Unchanged,,,,,,,,,
2437940,,vườn sao băng,2,Khác,sao băng,2,Khác,Yes,Unchanged,Unchanged,,,,,,,,,
2617091,,cú đấm thép,9,Khác,bật video của tiên tiên trên tv của tôi,2,Khác,Yes,Unchanged,Unchanged,,,,,,,,,
2675895,,homtow cha cha,2,Khác,thử thách thần tượng,2,Chương trình truyền hình,Yes,Changed,Khác -> Chương trình truyền hình,,,,,,,,,
2722058,,jujutsu kaisen,4,Anime,naruto,8,Anime,Yes,Unchanged,Unchanged,,,,,,,,,
2722363,,lời ca và tiếng nhạc,3,Khác,youtube,16,Nền tảng,Yes,Changed,Khác -> Nền tảng,,,,,,,,,
2780640,,mở youtube con vật cho bé,2,Nền tảng,mở youtube con vật cho bé,6,Nền tảng,No,Unchanged,Unchanged,,,,,,,,,
2789977,,bo em vao ba lo,2,Khác,de den de,2,Khác,Yes,Unchanged,Unchanged,,,,,,,,,
2894881,,xuân hạ thu đông,2,Khác,cam xuc,2,Khác,Yes,Unchanged,Unchanged,,,,,,,,,
2999269,,nắm giữ sinh mệnh,2,Phim ảnh,bắt ma phá án,2,Phim Hàn Quốc,Yes,Changed,Phim ảnh -> Phim Hàn Quốc,,,,,,,,,
3018306,,nhạc trữ tình quê hương,4,Âm nhạc,xuân mai,3,Khác,Yes,Changed,Âm nhạc -> Khác,,,,,,,,,
3268424,,cẩm tú nam ca,11,Khác,người thầy y đức,6,Phim Hàn Quốc,Yes,Changed,Khác -> Phim Hàn Quốc,,,,,,,,,
359328,,liên minh công lý phiên bản của zack snyder,4,phiên bản của zack snyder : Phim chiếu rạp / Siêu anh hùng,liên minh công lý phiên bản của zack snyder,2,phiên bản của zack snyder : Phim chiếu rạp / Siêu anh hùng,No,Unchanged,Unchanged,,,,,,,,,
3653023,,ký ức kẻ,2,Khác,anna,2,Phim Hàn Quốc,Yes,Changed,Khác -> Phim Hàn Quốc,,,,,,,,,
3670014,,mở htv7,2,Khác,mob psycho,2,Khác,Yes,Unchanged,Unchanged,,,,,,,,,
3697759,,mây họa ánh trăng,2,Phim Hàn Quốc,nhất kiến khuynh tâm,2,Phim Trung Quốc,Yes,Changed,Phim Hàn Quốc -> Phim Trung Quốc,,,,,,,,,
3719847,,cuối cùng,3,Khác,em là định mệnh của anh,2,Phim Đài Loan,Yes,Changed,Khác -> Phim Đài Loan,,,,,,,,,
3872022,,vô tình nhặt được tổng tài,3,Phim Trung Quốc,lấy danh nghĩa người nhà,11,Phim Trung Quốc,Yes,Unchanged,Unchanged,,,,,,,,,
3930444,,fairy tail,9,Anime,fairy tail,2,Anime,No,Unchanged,Unchanged,,,,,,,,,
4001285,,khong lo,2,Khác,dong ff,2,Khác,Yes,Unchanged,Unchanged,,,,,,,,,
40016678,,học viện anh hùng phần 4,7,Anime,kẻ trộm mặt trăng minions,5,minions : Phim hoạt hình,Yes,Changed,Anime -> minions : Phim hoạt hình,,,,,,,,,
40054783,,spide,8,Khác,mr bean s holiday,2,Khác,Yes,Unchanged,Unchanged,,,,,,,,,
40234129,,thiếu nhi,9,Tìm kiếm chung,thiếu nhi,2,Tìm kiếm chung,No,Unchanged,Unchanged,,,,,,,,,
40236462,,fairy,4,Khác,owari no seraph,2,Khác,Yes,Unchanged,Unchanged,,,,,,,,,
40297983,,dưới bóng mộc miên,3,Khác,tuổi trẻ của tháng năm,2,Khác,Yes,Unchanged,Unchanged,,,,,,,,,
4032110,,bat qua nhan gian,2,Khác,liên minh công lý phiên bản của zack snyder,2,phiên bản của zack snyder : Phim chiếu rạp / Siêu anh hùng,Yes,Changed,Khác -> phiên bản của zack snyder : Phim chiếu rạp / Siêu anh hùng,,,,,,,,,
40408916,,sự trỗi dậy của khiên hiệp sĩ phần 2,2,Anime,sự trỗi dậy của khiên hiệp sĩ phần 2,2,Anime,No,Unchanged,Unchanged,,,,,,,,,
40460831,,saiki,6,Anime,home,2,Khác,Yes,Changed,Anime -> Khác,,,,,,,,,
40495397,,spider man homecoming,2,Khác,tôi độc thân dựa vào thực lực,2,Phim Trung Quốc,Yes,Changed,Khác -> Phim Trung Quốc,,,,,,,,,
40514859,,stranger from hell,2,Khác,signal,3,Khác,Yes,Unchanged,Unchanged,,,,,,,,,
40663015,,our belov,2,Khác,cửa hàng tiện lợi s,2,Khác,Yes,Unchanged,Unchanged,,,,,,,,,
40734680,,một con vịt,4,Âm nhạc thiếu nhi,một con vịt,19,Âm nhạc thiếu nhi,No,Unchanged,Unchanged,,,,,,,,,
40856057,,ben a,3,Khác,liên minh công lý phiên bản của zack snyder,2,phiên bản của zack snyder : Phim chiếu rạp / Siêu anh hùng,Yes,Changed,Khác -> phiên bản của zack snyder : Phim chiếu rạp / Siêu anh hùng,,,,,,,,,
40864446,,nữ thanh tra tài ba,2,Phim Hàn Quốc,gửi thời thanh xuân ngây thơ tươi đẹp,2,Phim Trung Quốc,Yes,Changed,Phim Hàn Quốc -> Phim Trung Quốc,,,,,,,,,
40891675,,những đồi hoa sim,4,Khác,tâm sự người hát nhạc quê hương duy thành,2,Khác,Yes,Unchanged,Unchanged,,,,,,,,,
40933515,,thiếu nhi,2,Tìm kiếm chung,thiếu nhi,4,Tìm kiếm chung,No,Unchanged,Unchanged,,,,,,,,,
40974120,,paw patrol,4,Phim hoạt hình,boruto naruto the movie,3,Anime,Yes,Changed,Phim hoạt hình -> Anime,,,,,,,,,
41010992,,quang lập,6,Khác,bolero,3,Âm nhạc,Yes,Changed,Khác -> Âm nhạc,,,,,,,,,
41073724,,s9 doraemon tập 428 biến thành người khác quà sinh nhật cho shizuka hoạt hình tiếng việt,2,Anime,doraemon,2,Anime,Yes,Unchanged,Unchanged,,,,,,,,,
41077793,,hakyu,6,Khác,penthouse 2,20,Phim Hàn Quốc,Yes,Changed,Khác -> Phim Hàn Quốc,,,,,,,,,
41129803,,nhạc vàng,17,Khác,nhạc vàng,14,Khác,No,Unchanged,Unchanged,,,,,,,,,
41146030,,sống trung quốc,3,Khác,câu hò trên bến hiền lương,4,Khác,Yes,Unchanged,Unchanged,,,,,,,,,
41148061,,hóa ra anh vẫn ở đây,2,Khác,hanh ph,5,Khác,Yes,Unchanged,Unchanged,,,,,,,,,
41194506,,pokémon thám tử pikachu,2,Anime,thế giới khủng long lãnh địa,2,Phim chiếu rạp,Yes,Changed,Anime -> Phim chiếu rạp,,,,,,,,,
41202943,,bolero,2,Âm nhạc,bolero,2,Âm nhạc,No,Unchanged,Unchanged,,,,,,,,,
41277012,,eva,5,Khác,haikyuu,2,Anime,Yes,Changed,Khác -> Anime,,,,,,,,,
41279361,,thả thí thiên hạ,2,Khác,đẳng cấp thượng lưu,6,Phim Hàn Quốc,Yes,Changed,Khác -> Phim Hàn Quốc,,,,,,,,,
41361951,,cho cuu,2,Khác,cho cuu,11,Khác,No,Unchanged,Unchanged,,,,,,,,,
41473895,,a street cat named bob,2,Khác,chàng hậu,6,Phim Hàn Quốc,Yes,Changed,Khác -> Phim Hàn Quốc,,,,,,,,,
41515666,,penthouse 2,2,Phim Hàn Quốc,tuyển tập gia đình là số một,2,phim ngắn việt nam : Phim Việt Nam,Yes,Changed,Phim Hàn Quốc -> phim ngắn việt nam : Phim Việt Nam,,,,,,,,,
41587310,,tuyến nhân vật song song thú vị trong beauty and the beast phiên bản anime,2,Khác,pokémon,5,Anime,Yes,Changed,Khác -> Anime,,,,,,,,,
41588408,,cùng em đi đến tận cùng thế giới,2,Phim Trung Quốc,phim hoạt hình,2,Khác,Yes,Changed,Phim Trung Quốc -> Khác,,,,,,,,,
41654379,,trở lại tuổi 18,2,Phim Hàn Quốc,chàng trai hoàn hảo,2,Khác,Yes,Changed,Phim Hàn Quốc -> Khác,,,,,,,,,
41664202,,em muốn làm candy ngọc hà nhạc thiếu nhi em muốn làm,2,Tìm kiếm chung,summer time,2,Khác,Yes,Changed,Tìm kiếm chung -> Khác,,,,,,,,,
41675563,,kimetsu no yaiba,3,Anime,chuyển sinh thành slime,4,Anime,Yes,Unchanged,Unchanged,,,,,,,,,
4170300,,yêu nhầm chị dâu,2,Phim Thái Lan,yêu nhầm chị dâu,2,Phim Thái Lan,No,Unchanged,Unchanged,,,,,,,,,
41717607,,thanh,12,Khác,lam banh cau,2,Khác,Yes,Unchanged,Unchanged,,,,,,,,,
41722561,,mẹ chồng,2,Khác,america s got talent,2,Khác,Yes,Unchanged,Unchanged,,,,,,,,,
41745499,,penthouse 2,2,Phim Hàn Quốc,tiên nữ cử tạ kim bok joo,3,Phim Hàn Quốc,Yes,Unchanged,Unchanged,,,,,,,,,
41748789,,may h,2,Khác,cặp đôi oan gia,2,Khác,Yes,Unchanged,Unchanged,,,,,,,,,
41758752,,thử thách thần tượng,3,Chương trình truyền hình,sao băng,2,Khác,Yes,Changed,Chương trình truyền hình -> Khác,,,,,,,,,
41773592,,kênh vtv1,14,Kênh truyền hình,kênh vtv1,19,Kênh truyền hình,No,Unchanged,Unchanged,,,,,,,,,
41782289,,liên khúc bolero,3,Âm nhạc,liên khúc bolero,3,Âm nhạc,No,Unchanged,Unchanged,,,,,,,,,
41860692,,attack on titan part 1,13,Anime,dac nhiem t,2,Khác,Yes,Changed,Anime -> Khác,,,,,,,,,
41876192,,mong hoa,2,Khác,cam y,4,Khác,Yes,Unchanged,Unchanged,,,,,,,,,
41900521,,hann,2,Khác,breakfast,3,Khác,Yes,Unchanged,Unchanged,,,,,,,,,
4192868,,cardcaptor sakura,3,Anime,bungou stray dogs season 3,2,Anime,Yes,Unchanged,Unchanged,,,,,,,,,
41959354,,cá mực hầm mật,8,Phim Trung Quốc,penthouse 2,3,Phim Hàn Quốc,Yes,Changed,Phim Trung Quốc -> Phim Hàn Quốc,,,,,,,,,
41971518,,cảnh đẹp ngày vui biết bao giờ,3,Phim Trung Quốc,thien n,3,Khác,Yes,Changed,Phim Trung Quốc -> Khác,,,,,,,,,
41983721,,hội pháp sư,16,Anime,fairy tail,17,Anime,Yes,Unchanged,Unchanged,,,,,,,,,
42023941,,woori the virgin,3,Khác,vô tình nhặt được tổng tài,2,Phim Trung Quốc,Yes,Changed,Khác -> Phim Trung Quốc,,,,,,,,,
42029918,,thử thách thần tượng,4,Chương trình truyền hình,thử thách thần tượng,7,Chương trình truyền hình,No,Unchanged,Unchanged,,,,,,,,,
42030815,,gia đình là số 1 phần 2,5,Phim Hàn Quốc,men,2,Khác,Yes,Changed,Phim Hàn Quốc -> Khác,,,,,,,,,
42039912,,chiếc nón kỳ diệu,4,Khác,thời sự,2,Tìm kiếm chung / Tin tức,Yes,Changed,Khác -> Tìm kiếm chung / Tin tức,,,,,,,,,
42070953,,thế giới động vật,2,Tìm kiếm chung / Tài liệu,thế giới động vật,2,Tìm kiếm chung / Tài liệu,No,Unchanged,Unchanged,,,,,,,,,
42073104,,chang ha,2,Khác,runingman,4,Khác,Yes,Unchanged,Unchanged,,,,,,,,,
42073934,,phim thái lan,2,Phim Thái Lan,nơi tình yêu dậy sống thái lan,2,Khác,Yes,Changed,Phim Thái Lan -> Khác,,,,,,,,,
42089052,,lưu ly mỹ nhân sát,2,Phim Trung Quốc,mối tình đầu,2,Phim Hàn Quốc,Yes,Changed,Phim Trung Quốc -> Phim Hàn Quốc,,,,,,,,,
42103591,,thiếu nhi,4,Tìm kiếm chung,thiếu nhi,2,Tìm kiếm chung,No,Unchanged,Unchanged,,,,,,,,,
42139894,,mở youtube kênh phật pháp,2,Nền tảng,mở youtube kênh phật pháp,4,Nền tảng,No,Unchanged,Unchanged,,,,,,,,,
42152990,,chàng hậu,3,Phim Hàn Quốc,nữ nhi quốc,2,Khác,Yes,Changed,Phim Hàn Quốc -> Khác,,,,,,,,,
42155902,,siêu nhân,7,Phim hoạt hình,siêu nhân,13,Phim hoạt hình,No,Unchanged,Unchanged,,,,,,,,,
42168599,,truc tiep bong da,2,Khác,hình hài dấu yêu,2,Khác,Yes,Unchanged,Unchanged,,,,,,,,,
42169527,,minh châu rực rỡ,2,Phim Thái Lan,hương mật,6,Khác,Yes,Changed,Phim Thái Lan -> Khác,,,,,,,,,
42180657,,john wick,3,Phim chiếu rạp / Hành động,john wick,2,Phim chiếu rạp / Hành động,No,Unchanged,Unchanged,,,,,,,,,
42182213,,kingsm,2,Khác,pokemon,4,Anime,Yes,Changed,Khác -> Anime,,,,,,,,,
42189383,,siêu nhân,4,Phim hoạt hình,siêu nhân,3,Phim hoạt hình,No,Unchanged,Unchanged,,,,,,,,,
42204753,,siêu nhân,13,Phim hoạt hình,siêu nhân,2,Phim hoạt hình,No,Unchanged,Unchanged,,,,,,,,,
42210137,,yêu nhầm chị dâu,3,Phim Thái Lan,thử thách thần tượng,4,Chương trình truyền hình,Yes,Changed,Phim Thái Lan -> Chương trình truyền hình,,,,,,,,,
42223725,,bác sĩ ma,4,Phim Hàn Quốc,bác sĩ ma,4,Phim Hàn Quốc,No,Unchanged,Unchanged,,,,,,,,,
42225729,,toán lớp 2 chương trình cũ,2,Tìm kiếm chung / Học tập,toán lớp 2 chương trình cũ,2,Tìm kiếm chung / Học tập,No,Unchanged,Unchanged,,,,,,,,,
42251406,,meow,2,Khác,khách sạn ma quái,10,Phim Hàn Quốc,Yes,Changed,Khác -> Phim Hàn Quốc,,,,,,,,,
42255241,,tôi muốn mở con vịt,13,Khác,tôi muốn mở con vịt,13,Khác,No,Unchanged,Unchanged,,,,,,,,,
42256764,,liên minh công lý phiên bản của zack snyder,2,phiên bản của zack snyder : Phim chiếu rạp / Siêu anh hùng,liên minh công lý phiên bản của zack snyder,2,phiên bản của zack snyder : Phim chiếu rạp / Siêu anh hùng,No,Unchanged,Unchanged,,,,,,,,,
42269381,,bolero,4,Âm nhạc,siêu nhân,3,Phim hoạt hình,Yes,Changed,Âm nhạc -> Phim hoạt hình,,,,,,,,,
42311973,,bầu đi lấy chồng,6,Khác,trữ tình,13,Âm nhạc,Yes,Changed,Khác -> Âm nhạc,,,,,,,,,
42332067,,attack on titan final season,2,Anime,bạn trai tôi là hồ ly,2,Phim Hàn Quốc,Yes,Changed,Anime -> Phim Hàn Quốc,,,,,,,,,
42337664,,bạn trai tôi là hồ ly,2,Phim Hàn Quốc,dạ sắc khuynh tâm,2,Khác,Yes,Changed,Phim Hàn Quốc -> Khác,,,,,,,,,
42363893,,kênh vtv1,3,Kênh truyền hình,kênh vtv1,2,Kênh truyền hình,No,Unchanged,Unchanged,,,,,,,,,
42386559,,lửa chiến,6,Khác,lửa chiến,6,Khác,No,Unchanged,Unchanged,,,,,,,,,
42404168,,one piece phim,2,phim : Anime,tan bang phong than,5,Khác,Yes,Changed,phim : Anime -> Khác,,,,,,,,,
42433707,,phim trung quốc,2,Khác,co tay,5,Khác,Yes,Unchanged,Unchanged,,,,,,,,,
42433767,,ca nhạc,3,Âm nhạc,ca nhạc,6,Âm nhạc,No,Unchanged,Unchanged,,,,,,,,,
42434357,,ghost boy movie,2,Khác,bean,4,Khác,Yes,Unchanged,Unchanged,,,,,,,,,
42452557,,đám cưới,3,Khác,đám cưới,2,Khác,No,Unchanged,Unchanged,,,,,,,,,
42456986,,hát văn ông hoàng mười,2,Khác,văn ông hoàng mười,4,Khác,Yes,Unchanged,Unchanged,,,,,,,,,
42479819,,bố đời,2,Khác,khủng long,2,Động vật,Yes,Changed,Khác -> Động vật,,,,,,,,,
42498018,,na tra ma đồng giáng thế,3,ma đồng giáng thế : Phim hoạt hình,na tra ma đồng giáng thế,3,ma đồng giáng thế : Phim hoạt hình,No,Unchanged,Unchanged,,,,,,,,,
42533401,,khách sạn ma quái,2,Phim Hàn Quốc,khách sạn ma quái,4,Phim Hàn Quốc,No,Unchanged,Unchanged,,,,,,,,,
42552074,,totoro,3,Anime,phim thanh xuân,2,Khác,Yes,Changed,Anime -> Khác,,,,,,,,,
42557147,,trữ tình,6,Âm nhạc,trữ tình,2,Âm nhạc,No,Unchanged,Unchanged,,,,,,,,,
42577488,,hoa của quỷ,2,Phim Hàn Quốc,two weeks,6,Khác,Yes,Changed,Phim Hàn Quốc -> Khác,,,,,,,,,
42587283,,siêu nhân,8,Phim hoạt hình,siêu nhân,6,Phim hoạt hình,No,Unchanged,Unchanged,,,,,,,,,
42589911,,liên minh công lý phiên bản của zack snyder,2,phiên bản của zack snyder : Phim chiếu rạp / Siêu anh hùng,liên minh công lý phiên bản của zack snyder,2,phiên bản của zack snyder : Phim chiếu rạp / Siêu anh hùng,No,Unchanged,Unchanged,,,,,,,,,
42591400,,trước ngày hội bắn,3,Khác,cung đàn mùa xuân,2,Khác,Yes,Unchanged,Unchanged,,,,,,,,,
42601858,,người vận chuyển,4,Khác,prime provider,2,Khác,Yes,Unchanged,Unchanged,,,,,,,,,
42604068,,cảnh đẹp ngày vui biết bao giờ,3,Phim Trung Quốc,cuộc chiến nội cung,2,Phim ảnh,Yes,Changed,Phim Trung Quốc -> Phim ảnh,,,,,,,,,
42618862,,the ga cong chua,4,Khác,thế gả công chúa,3,Khác,Yes,Unchanged,Unchanged,,,,,,,,,
42631615,,hoang oc tap 1,2,Khác,shen yue 2022,2,Khác,Yes,Unchanged,Unchanged,,,,,,,,,
4263248,,chuyen tinh,2,Khác,kẻ trộm mặt trăng minions,3,minions : Phim hoạt hình,Yes,Changed,Khác -> minions : Phim hoạt hình,,,,,,,,,
42644474,,cô nàng đầu bếp của tôi,2,Phim Thái Lan,tìm kiếm bằng giọng nói,2,Tìm kiếm chung / Chức năng,Yes,Changed,Phim Thái Lan -> Tìm kiếm chung / Chức năng,,,,,,,,,
42644711,,boruto naruto the movie,2,Anime,boruto naruto the movie,2,Anime,No,Unchanged,Unchanged,,,,,,,,,
42646581,,shooting stars,2,Phim Hàn Quốc,penthouse 3,3,Phim Hàn Quốc,Yes,Unchanged,Unchanged,,,,,,,,,
42655454,,thiếu nhi,2,Tìm kiếm chung,ngôi sao tình yêu,2,Phim Hàn Quốc,Yes,Changed,Tìm kiếm chung -> Phim Hàn Quốc,,,,,,,,,
42669821,,liên minh công lý phiên bản của zack snyder,4,phiên bản của zack snyder : Phim chiếu rạp / Siêu anh hùng,liên minh công lý phiên bản của zack snyder,4,phiên bản của zack snyder : Phim chiếu rạp / Siêu anh hùng,No,Unchanged,Unchanged,,,,,,,,,
42669986,,biển nỗi nhớ và em,10,Khác,biển nỗi nhớ và em,2,Khác,No,Unchanged,Unchanged,,,,,,,,,
42677792,,truyền hình,2,Khác,siêu người mẫu liên khúc nhạc vàng,2,Âm nhạc,Yes,Changed,Khác -> Âm nhạc,,,,,,,,,
42682295,,thông linh phi,2,Khác,mắt biếc,2,Khác,Yes,Unchanged,Unchanged,,,,,,,,,
42697575,,tiên kiếm kỳ hiệp,2,Khác,hoàn châu cách cách,4,Khác,Yes,Unchanged,Unchanged,,,,,,,,,
42703952,,one piece phim,2,phim : Anime,one piece phim,2,phim : Anime,No,Unchanged,Unchanged,,,,,,,,,
42726807,,liên minh công lý phiên bản của zack snyder,2,phiên bản của zack snyder : Phim chiếu rạp / Siêu anh hùng,liên minh công lý phiên bản của zack snyder,3,phiên bản của zack snyder : Phim chiếu rạp / Siêu anh hùng,No,Unchanged,Unchanged,,,,,,,,,
42729238,,liên minh công lý phiên bản của zack snyder,6,phiên bản của zack snyder : Phim chiếu rạp / Siêu anh hùng,pháp y tần minh người đọc tâm,3,người đọc tâm : Phim Trung Quốc,Yes,Changed,phiên bản của zack snyder : Phim chiếu rạp / Siêu anh hùng -> người đọc tâm : Phim Trung Quốc,,,,,,,,,
42762410,,yeu than anh xa,2,Khác,than sam,2,Khác,Yes,Unchanged,Unchanged,,,,,,,,,
42796856,,thế giới động vật,44,Tìm kiếm chung / Tài liệu,thế giới động vật,35,Tìm kiếm chung / Tài liệu,No,Unchanged,Unchanged,,,,,,,,,
42799118,,lọ lem,3,Khác,rừng lá thấp,3,Khác,Yes,Unchanged,Unchanged,,,,,,,,,
42799495,,liên minh công lý phiên bản của zack snyder,6,phiên bản của zack snyder : Phim chiếu rạp / Siêu anh hùng,liên minh công lý phiên bản của zack snyder,6,phiên bản của zack snyder : Phim chiếu rạp / Siêu anh hùng,No,Unchanged,Unchanged,,,,,,,,,
42831269,,yêu tinh,7,Phim Hàn Quốc,yêu tinh,3,Phim Hàn Quốc,No,Unchanged,Unchanged,,,,,,,,,
42838258,,công chúa aurora,2,Khác,người phụ nữ mạnh mẽ,2,Khác,Yes,Unchanged,Unchanged,,,,,,,,,
42879497,,karaokee,2,Âm nhạc,caycanh,5,Khác,Yes,Changed,Âm nhạc -> Khác,,,,,,,,,
42903163,,slavia,2,Khác,partizan,8,Khác,Yes,Unchanged,Unchanged,,,,,,,,,
42938895,,tennis,2,Khác,tennis,2,Khác,No,Unchanged,Unchanged,,,,,,,,,
42988688,,bộ phim về hiphop,2,Thể loại phim,bật video của tiên tiên,2,Khác,Yes,Changed,Thể loại phim -> Khác,,,,,,,,,
42991830,,liên minh công lý phiên bản của zack snyder,4,phiên bản của zack snyder : Phim chiếu rạp / Siêu anh hùng,liên minh công lý phiên bản của zack snyder,3,phiên bản của zack snyder : Phim chiếu rạp / Siêu anh hùng,No,Unchanged,Unchanged,,,,,,,,,
43011703,,nghiệp trong phúc,2,Khác,liên minh công lý phiên bản của zack snyder,2,phiên bản của zack snyder : Phim chiếu rạp / Siêu anh hùng,Yes,Changed,Khác -> phiên bản của zack snyder : Phim chiếu rạp / Siêu anh hùng,,,,,,,,,
43050099,,con cào cào,4,Âm nhạc thiếu nhi,con cào cào,2,Âm nhạc thiếu nhi,No,Unchanged,Unchanged,,,,,,,,,
43054172,,trò chơi con mực,4,Khác,bùa chú spell,2,Khác,Yes,Unchanged,Unchanged,,,,,,,,,
43088232,,nha,2,Khác,thanh,2,Khác,Yes,Unchanged,Unchanged,,,,,,,,,
43119546,,hoa du ký,2,Phim Hàn Quốc,hoa nở trăng vừa tròn,2,Khác,Yes,Changed,Phim Hàn Quốc -> Khác,,,,,,,,,
43184816,,giao hữu,2,Khác,u19 lào,2,Khác,Yes,Unchanged,Unchanged,,,,,,,,,
43210662,,rambo hồi kết đẫm máu,3,Khác,tôi thấy hoa vàng trên cỏ xanh,2,Phim Việt Nam,Yes,Changed,Khác -> Phim Việt Nam,,,,,,,,,
43245696,,thiên nga bóng đêm,2,Phim Hàn Quốc,nữ luật sư kì lạ,2,Khác,Yes,Changed,Phim Hàn Quốc -> Khác,,,,,,,,,
43372594,,yêu tinh,2,Phim Hàn Quốc,thẩm phán ác ma,2,Phim Hàn Quốc,Yes,Unchanged,Unchanged,,,,,,,,,
43407304,,trữ tình,15,Âm nhạc,trữ tình,5,Âm nhạc,No,Unchanged,Unchanged,,,,,,,,,
43417053,,toán lớp 2 chương trình cũ,2,Tìm kiếm chung / Học tập,toán lớp 2 chương trình cũ,2,Tìm kiếm chung / Học tập,No,Unchanged,Unchanged,,,,,,,,,
43438963,,điều làm nên hạnh phúc,8,Khác,điều làm nên hạnh phúc,80,Khác,No,Unchanged,Unchanged,,,,,,,,,
43507011,,one p,2,Khác,orient,2,Anime,Yes,Changed,Khác -> Anime,,,,,,,,,
43534173,,bolero,5,Âm nhạc,bolero,5,Âm nhạc,No,Unchanged,Unchanged,,,,,,,,,
43581652,,h n c t hon ngo xa giao luu tu son,5,Khác,ca nhac,2,Âm nhạc,Yes,Changed,Khác -> Âm nhạc,,,,,,,,,
43646436,,thế giới khủng long,2,Phim chiếu rạp,avengers cuộc chiến vô cực,3,Khác,Yes,Changed,Phim chiếu rạp -> Khác,,,,,,,,,
43723842,,đẹp trai là số một,2,Phim Trung Quốc,senth,2,Khác,Yes,Changed,Phim Trung Quốc -> Khác,,,,,,,,,
43733659,,người thầy y đức,6,Phim Hàn Quốc,thiên nga bóng đêm,3,Phim Hàn Quốc,Yes,Unchanged,Unchanged,,,,,,,,,
43774192,,niệm niệm vô minh,2,Khác,bow to the queen,3,Khác,Yes,Unchanged,Unchanged,,,,,,,,,
43860143,,hội pháp sư,4,Anime,horymiya,15,Khác,Yes,Changed,Anime -> Khác,,,,,,,,,
43893462,,chàng hậu,10,Phim Hàn Quốc,masha,3,Khác,Yes,Changed,Phim Hàn Quốc -> Khác,,,,,,,,,
4399223,,điều làm nên hạnh phúc,2,Khác,linh mục nhiệt huyết,2,Khác,Yes,Unchanged,Unchanged,,,,,,,,,
44060017,,doraemon,3,Anime,euro 2020,4,Khác,Yes,Changed,Anime -> Khác,,,,,,,,,
44158091,,bolero,5,Âm nhạc,bolero,3,Âm nhạc,No,Unchanged,Unchanged,,,,,,,,,
44162810,,top gun,2,Phim chiếu rạp,hoàng hậu cuối cùng,3,Phim Hàn Quốc,Yes,Changed,Phim chiếu rạp -> Phim Hàn Quốc,,,,,,,,,
44164787,,yêu em từ cái nhìn đầu tiên,2,Phim Trung Quốc,con tim sắt đá,4,Phim Thái Lan,Yes,Changed,Phim Trung Quốc -> Phim Thái Lan,,,,,,,,,
44181248,,avata,2,Khác,vệ binh giải ngân hà,2,Khác,Yes,Unchanged,Unchanged,,,,,,,,,
44220695,,quy ong tro,2,Khác,chàng hậu,2,Phim Hàn Quốc,Yes,Changed,Khác -> Phim Hàn Quốc,,,,,,,,,
44276035,,vân tịch truyện,2,Phim Trung Quốc,thanh thanh tử khâm,3,Phim Trung Quốc,Yes,Unchanged,Unchanged,,,,,,,,,
4438642,,soi x,2,Khác,erased,5,Khác,Yes,Unchanged,Unchanged,,,,,,,,,
44394614,,cẩm y chi hạ,3,Phim Trung Quốc,con tim sắt đá,2,Phim Thái Lan,Yes,Changed,Phim Trung Quốc -> Phim Thái Lan,,,,,,,,,
44404924,,fairy tail,15,Anime,fairy tail,3,Anime,No,Unchanged,Unchanged,,,,,,,,,
44430631,,đấu trường âm nhạc,3,Chương trình truyền hình,đấu trường âm nhạc,2,Chương trình truyền hình,No,Unchanged,Unchanged,,,,,,,,,
44458060,,pokémon,20,Anime,người nhện không còn nhà,4,không còn nhà : Phim chiếu rạp / Siêu anh hùng,Yes,Changed,Anime -> không còn nhà : Phim chiếu rạp / Siêu anh hùng,,,,,,,,,
44462128,,na tra ma đồng giáng thế,2,ma đồng giáng thế : Phim hoạt hình,người đẹp và quái vật,2,Khác,Yes,Changed,ma đồng giáng thế : Phim hoạt hình -> Khác,,,,,,,,,
44483218,,i land,2,Khác,giọng hát việt 2019,2,Khác,Yes,Unchanged,Unchanged,,,,,,,,,
44563526,,cô nàng đầu bếp của tôi,2,Phim Thái Lan,liên minh công lý phiên bản của zack snyder,5,phiên bản của zack snyder : Phim chiếu rạp / Siêu anh hùng,Yes,Changed,Phim Thái Lan -> phiên bản của zack snyder : Phim chiếu rạp / Siêu anh hùng,,,,,,,,,
44575887,,yêu nhầm chị dâu,5,Phim Thái Lan,nabi my stepdarling,12,Khác,Yes,Changed,Phim Thái Lan -> Khác,,,,,,,,,
44586762,,chàng hậu,2,Phim Hàn Quốc,huyền thoại biển xanh,2,Phim Hàn Quốc,Yes,Unchanged,Unchanged,,,,,,,,,
44593356,,lời nguyền malaysia,3,Khác,đêm điếm sao roi,2,Khác,Yes,Unchanged,Unchanged,,,,,,,,,
44599474,,running man,5,Chương trình truyền hình,thử thách thần tượng running man,2,Chương trình truyền hình,Yes,Unchanged,Unchanged,,,,,,,,,
44617052,,bungou stray dogs season 3,2,Anime,em đẹp nhất là khi mỉm cười,2,Phim Trung Quốc,Yes,Changed,Anime -> Phim Trung Quốc,,,,,,,,,
44636450,,sao băng,2,Khác,lấy danh nghĩa người nhà,2,Phim Trung Quốc,Yes,Changed,Khác -> Phim Trung Quốc,,,,,,,,,
44643993,,bắt ma phá án,4,Phim Hàn Quốc,penthouse 2,17,Phim Hàn Quốc,Yes,Unchanged,Unchanged,,,,,,,,,
44651597,,kết hôn rồi bắt đầu yêu,13,Phim Trung Quốc,mối tình đầu,7,Phim Hàn Quốc,Yes,Changed,Phim Trung Quốc -> Phim Hàn Quốc,,,,,,,,,
44653837,,prime provider,7,Khác,de gea,2,Khác,Yes,Unchanged,Unchanged,,,,,,,,,
44659385,,cô giúp việc đáng yêu,4,Khác,live volleyball,2,Khác,Yes,Unchanged,Unchanged,,,,,,,,,
44661164,,kí túc xá thiên thần,2,Khác,real madrid vs paisl,2,Khác,Yes,Unchanged,Unchanged,,,,,,,,,
44663084,,penthouse,3,Phim Hàn Quốc,định mệnh anh yêu em,2,Phim Đài Loan,Yes,Changed,Phim Hàn Quốc -> Phim Đài Loan,,,,,,,,,
44746466,,hậu duệ mặt trời,6,Phim Hàn Quốc,kết hôn rồi bắt đầu yêu,2,Phim Trung Quốc,Yes,Changed,Phim Hàn Quốc -> Phim Trung Quốc,,,,,,,,,
44790805,,tình yêu nhị phân,2,Khác,sao băng,2,Khác,Yes,Unchanged,Unchanged,,,,,,,,,
44791064,,nàng bạch tuyết và bảy chú lùn,4,Phim hoạt hình,nàng bạch tuyết và bảy chú lùn,3,Phim hoạt hình,No,Unchanged,Unchanged,,,,,,,,,
44800379,,thử thách thần tượng running man,2,Chương trình truyền hình,thử thách thần chết giữa hai thế giới,6,giữa hai thế giới : Phim chiếu rạp / Giả tưởng,Yes,Changed,Chương trình truyền hình -> giữa hai thế giới : Phim chiếu rạp / Giả tưởng,,,,,,,,,
44862005,,hậu cung như ý truyện,2,Phim Trung Quốc,kẻ trộm mặt trăng minions,3,minions : Phim hoạt hình,Yes,Changed,Phim Trung Quốc -> minions : Phim hoạt hình,,,,,,,,,
44879320,,nắm giữ sinh mệnh,3,Phim ảnh,thanh thanh,2,Khác,Yes,Changed,Phim ảnh -> Khác,,,,,,,,,
44898059,,cảnh đẹp ngày vui biết bao giờ,2,Phim Trung Quốc,nhất kiến khuynh tâm,2,Phim Trung Quốc,Yes,Unchanged,Unchanged,,,,,,,,,
44936992,,chàng hậu,3,Phim Hàn Quốc,hậu duệ mặt trời,2,Phim Hàn Quốc,Yes,Unchanged,Unchanged,,,,,,,,,
44948327,,jujutsu kaisen,2,Anime,bạn trai tôi là hồ ly,6,Phim Hàn Quốc,Yes,Changed,Anime -> Phim Hàn Quốc,,,,,,,,,
44950481,,iron,2,Khác,hbo,3,Khác,Yes,Unchanged,Unchanged,,,,,,,,,
44962475,,dog,12,Động vật,dog,5,Động vật,No,Unchanged,Unchanged,,,,,,,,,
45041581,,spyxfamily,2,Khác,one punch man,4,Anime,Yes,Changed,Khác -> Anime,,,,,,,,,
45159210,,lê hấp đường phèn,2,Phim Trung Quốc,thanh thanh tử khâm,2,Phim Trung Quốc,Yes,Unchanged,Unchanged,,,,,,,,,
45311768,,never back down 4,4,Khác,diep vien 007,3,Khác,Yes,Unchanged,Unchanged,,,,,,,,,
45325547,,boruto naruto the movie,5,Anime,chuột đầu bếp,2,Khác,Yes,Changed,Anime -> Khác,,,,,,,,,
45359084,,shikimori,4,Khác,fairy tail,2,Anime,Yes,Changed,Khác -> Anime,,,,,,,,,
45392010,,panic room,2,Khác,yêu thầm anh xã,2,Phim Thái Lan,Yes,Changed,Khác -> Phim Thái Lan,,,,,,,,,
45423795,,ngôi nhà ma ám,2,Tâm linh,trò chơi con mực,2,Khác,Yes,Changed,Tâm linh -> Khác,,,,,,,,,
45465851,,for national security,3,Khác,for national security,2,Khác,No,Unchanged,Unchanged,,,,,,,,,
4548706,,bolero,3,Âm nhạc,bolero,2,Âm nhạc,No,Unchanged,Unchanged,,,,,,,,,
45550327,,mùi ngò gai,2,Khác,mùi ngò gai,4,Khác,No,Unchanged,Unchanged,,,,,,,,,
45559460,,sakura thủ lĩnh thẻ bài,2,Anime,công chúa bánh ngọt,2,Khác,Yes,Changed,Anime -> Khác,,,,,,,,,
45572394,,ti,2,Khác,nana,2,Khác,Yes,Unchanged,Unchanged,,,,,,,,,
45656423,,tôi thấy hoa vàng trên cỏ xanh,3,Phim Việt Nam,criminal police,2,Khác,Yes,Changed,Phim Việt Nam -> Khác,,,,,,,,,
45751707,,cờ ta gặp lại,6,Khác,lại làm sao nữa,2,Khác,Yes,Unchanged,Unchanged,,,,,,,,,
45872770,,nữ thanh tra tài ba,2,Phim Hàn Quốc,lối nhỏ vào đời,2,Khác,Yes,Changed,Phim Hàn Quốc -> Khác,,,,,,,,,
45905497,,chú bé mang pyjama sọc,5,Khác,quyền lực thứ 5,2,Khác,Yes,Unchanged,Unchanged,,,,,,,,,
45924460,,thu li,5,Khác,boruto,4,naruto the movie : Anime,Yes,Changed,Khác -> naruto the movie : Anime,,,,,,,,,
45993996,,thanh âm,2,Khác,fairy tail,2,Anime,Yes,Changed,Khác -> Anime,,,,,,,,,
46005444,,viet nam gap han quoc,2,Khác,thanh gươm diệt quỷ phần kỹ viện trấn,2,Anime,Yes,Changed,Khác -> Anime,,,,,,,,,
46006235,,baby shark,17,Âm nhạc thiếu nhi,chú vịt con,15,Âm nhạc thiếu nhi,Yes,Unchanged,Unchanged,,,,,,,,,
46151841,,bolero,3,Âm nhạc,bolero,2,Âm nhạc,No,Unchanged,Unchanged,,,,,,,,,
46510567,,má tôi là đại gia,3,Tâm linh,hoài linh thanh hằng phim việt,2,Khác,Yes,Changed,Tâm linh -> Khác,,,,,,,,,
46548564,,thanh gươm diệt quỷ phần kỹ viện trấn,3,Anime,học viện anh hùng phần 1,2,Anime,Yes,Unchanged,Unchanged,,,,,,,,,
46582556,,thiếu nhi,20,Tìm kiếm chung,thiếu nhi,11,Tìm kiếm chung,No,Unchanged,Unchanged,,,,,,,,,
46631474,,queen dom,2,Khác,nữ thanh tra tài ba,2,Phim Hàn Quốc,Yes,Changed,Khác -> Phim Hàn Quốc,,,,,,,,,
46680076,,yêu trong đau thương,2,Khác,lấy danh nghĩa người nhà,3,Phim Trung Quốc,Yes,Changed,Khác -> Phim Trung Quốc,,,,,,,,,
46805203,,tình người kiếp rắn,5,Khác,vụ án mối tình nghiệt ngã khiến công an hình sự căng não truy vết phim hình sự phá án việt nam,2,Khác,Yes,Unchanged,Unchanged,,,,,,,,,
46844412,,dragonball,2,Khác,minh châu rực rỡ,2,Phim Thái Lan,Yes,Changed,Khác -> Phim Thái Lan,,,,,,,,,
47086046,,cải lương hồ quảng,3,Khác,cải lương hồ quảng,4,Khác,No,Unchanged,Unchanged,,,,,,,,,
47252990,,tôi độc thân dựa vào thực lực,2,Phim Trung Quốc,attack on titan season 3 shingeki no kyojin,2,Anime,Yes,Changed,Phim Trung Quốc -> Anime,,,,,,,,,
47437558,,thanh xuân vật vã,11,Phim Hàn Quốc,chàng hậu,5,Phim Hàn Quốc,Yes,Unchanged,Unchanged,,,,,,,,,
47458326,,taxi driver,2,Phim Hàn Quốc,weird lawyer woo young woo,4,Khác,Yes,Changed,Phim Hàn Quốc -> Khác,,,,,,,,,
47470829,,hậu duệ mặt trời,2,Phim Hàn Quốc,vườn sao băng,9,Khác,Yes,Changed,Phim Hàn Quốc -> Khác,,,,,,,,,
47486672,,hội pháp sư,2,Anime,liên minh công lý phiên bản của zack snyder,2,phiên bản của zack snyder : Phim chiếu rạp / Siêu anh hùng,Yes,Changed,Anime -> phiên bản của zack snyder : Phim chiếu rạp / Siêu anh hùng,,,,,,,,,
47528041,,chuyển sinh thành slime,21,Anime,nữ quỷ nhà bên phần 1,11,Khác,Yes,Changed,Anime -> Khác,,,,,,,,,
47529135,,đại gia chân đất,2,Khác,trần trung kỳ án,4,Khác,Yes,Unchanged,Unchanged,,,,,,,,,
47555112,,chú voi con ở bản đôn,3,Khác,chú voi con ở bản đôn,5,Khác,No,Unchanged,Unchanged,,,,,,,,,
47556520,,hội pháp sư,7,Anime,fairy tail,2,Anime,Yes,Unchanged,Unchanged,,,,,,,,,
47574426,,penthouse 2,3,Phim Hàn Quốc,cùng em đi đến tận cùng thế giới,2,Phim Trung Quốc,Yes,Changed,Phim Hàn Quốc -> Phim Trung Quốc,,,,,,,,,
47658789,,nikita season 1,2,Khác,nikita season 2,4,Khác,Yes,Unchanged,Unchanged,,,,,,,,,
47696356,,ma búp bê,2,Tâm linh,mẹ ma,2,Phim chiếu rạp / Kinh dị,Yes,Changed,Tâm linh -> Phim chiếu rạp / Kinh dị,,,,,,,,,
47779191,,đao kiếm thần vực phần 4,3,Anime,miền đất hứa,2,Anime,Yes,Unchanged,Unchanged,,,,,,,,,
47949716,,tình ngăn đôi bờ,4,Khác,chuyện tình không dĩ vãng,2,Khác,Yes,Unchanged,Unchanged,,,,,,,,,
48008211,,boku,6,Anime,fairy,6,Khác,Yes,Changed,Anime -> Khác,,,,,,,,,
48025382,,chiến tranh các vì sao 5 đế chế phản công,3,Khác,love,2,Khác,Yes,Unchanged,Unchanged,,,,,,,,,
48033507,,trữ tình,9,Âm nhạc,trữ tình,9,Âm nhạc,No,Unchanged,Unchanged,,,,,,,,,
48066316,,tại sao lại là oh soo jae,2,Phim Hàn Quốc,săn lùng thỏ ngọc,2,Khác,Yes,Changed,Phim Hàn Quốc -> Khác,,,,,,,,,
48131398,,kimetsu no yaiba,2,Anime,mặt trăng ôm mặt trời,3,Phim Hàn Quốc,Yes,Changed,Anime -> Phim Hàn Quốc,,,,,,,,,
48284859,,cuộc chiến thượng lưu,3,Phim Hàn Quốc,cuộc chiến thượng lưu,2,Phim Hàn Quốc,No,Unchanged,Unchanged,,,,,,,,,
48363863,,bắt ma phá án,2,Phim Hàn Quốc,miễn bầu trời còn có mặt trời,2,Phim Thái Lan,Yes,Changed,Phim Hàn Quốc -> Phim Thái Lan,,,,,,,,,
48639692,,fairy tail,3,Anime,ban trai vi die,2,Khác,Yes,Changed,Anime -> Khác,,,,,,,,,
4867263,,bong ho,3,Khác,harry potter cuộc thi cúp nhà hogwarts,3,Phim chiếu rạp / Giả tưởng,Yes,Changed,Khác -> Phim chiếu rạp / Giả tưởng,,,,,,,,,
48691190,,trữ tình,2,Âm nhạc,trữ tình,7,Âm nhạc,No,Unchanged,Unchanged,,,,,,,,,
48810270,,heo peppa,3,Phim hoạt hình,siêu nhân,3,Phim hoạt hình,Yes,Unchanged,Unchanged,,,,,,,,,
48858924,,jujutsu kaisen,2,Anime,fairy tail,2,Anime,Yes,Unchanged,Unchanged,,,,,,,,,
48879248,,sao băng,3,Khác,pháp y tần minh người đọc tâm,2,người đọc tâm : Phim Trung Quốc,Yes,Changed,Khác -> người đọc tâm : Phim Trung Quốc,,,,,,,,,
48889784,,vô tình nhặt được tổng tài,2,Phim Trung Quốc,bảo tố cuộc đời,2,Khác,Yes,Changed,Phim Trung Quốc -> Khác,,,,,,,,,
4890234,,ở nhà một mình,3,Khác,ở nhà một mình,2,Khác,No,Unchanged,Unchanged,,,,,,,,,
4890616,,người ấy là ai,9,Chương trình truyền hình,bạn muốn hẹn hò,3,Chương trình truyền hình,Yes,Unchanged,Unchanged,,,,,,,,,
48961783,,quý ông đại chiến,4,Khác,yotube,6,Khác,Yes,Unchanged,Unchanged,,,,,,,,,
48983218,,nữ công tố viên 2,2,Khác,lê hấp đường phèn,2,Phim Trung Quốc,Yes,Changed,Khác -> Phim Trung Quốc,,,,,,,,,
48984844,,keep running,3,Chương trình Trung Quốc,running man china,2,Chương trình truyền hình,Yes,Changed,Chương trình Trung Quốc -> Chương trình truyền hình,,,,,,,,,
48986567,,hyouka,2,Khác,classroom,2,Khác,Yes,Unchanged,Unchanged,,,,,,,,,
49000663,,miễn bầu trời còn có mặt trời,5,Phim Thái Lan,purge,2,Khác,Yes,Changed,Phim Thái Lan -> Khác,,,,,,,,,
49008553,,phim sex,2,Nhạy cảm,liên minh công lý phiên bản của zack snyder,2,phiên bản của zack snyder : Phim chiếu rạp / Siêu anh hùng,Yes,Changed,Nhạy cảm -> phiên bản của zack snyder : Phim chiếu rạp / Siêu anh hùng,,,,,,,,,
49070795,,bunn,18,Khác,attack on titan part 2,7,Anime,Yes,Changed,Khác -> Anime,,,,,,,,,
4908397,,ezviz,44,Khác,ezviz,50,Khác,No,Unchanged,Unchanged,,,,,,,,,
49110601,,liên minh công lý phiên bản của zack snyder,2,phiên bản của zack snyder : Phim chiếu rạp / Siêu anh hùng,truong an nhu co,2,Khác,Yes,Changed,phiên bản của zack snyder : Phim chiếu rạp / Siêu anh hùng -> Khác,,,,,,,,,
49116037,,fairy tail,2,Anime,naruto,3,Anime,Yes,Unchanged,Unchanged,,,,,,,,,
49125801,,moi t,5,Khác,ho ly,3,Khác,Yes,Unchanged,Unchanged,,,,,,,,,
49128406,,boku no hero academia season 3,20,Anime,dr stone,6,Anime,Yes,Unchanged,Unchanged,,,,,,,,,
49133725,,son,2,Khác,harry potter và bảo bối tử thần phần 1,2,Phim chiếu rạp / Giả tưởng,Yes,Changed,Khác -> Phim chiếu rạp / Giả tưởng,,,,,,,,,
49156847,,sao băng,4,Khác,ve de,2,Khác,Yes,Unchanged,Unchanged,,,,,,,,,
49157751,,lưỡi gươm diệt quỷ,3,Anime,tinh yeu tu,4,Khác,Yes,Changed,Anime -> Khác,,,,,,,,,
49165488,,van t,2,Khác,tinh han xan lang,3,Khác,Yes,Unchanged,Unchanged,,,,,,,,,
49179905,,hirimiya,2,Khác,ba vuong,2,Khác,Yes,Unchanged,Unchanged,,,,,,,,,
49180192,,sieu nhan,4,Phim hoạt hình,sieu nhan,5,Phim hoạt hình,No,Unchanged,Unchanged,,,,,,,,,
49185199,,chàng hậu,17,Phim Hàn Quốc,chàng hậu,4,Phim Hàn Quốc,No,Unchanged,Unchanged,,,,,,,,,
49191933,,trữ tình,2,Âm nhạc,siêu nhân,3,Phim hoạt hình,Yes,Changed,Âm nhạc -> Phim hoạt hình,,,,,,,,,
49194127,,running,3,Khác,pháp y,3,Khác,Yes,Unchanged,Unchanged,,,,,,,,,
49196232,,học viện anh hùng phần 1,2,Anime,naruto,6,Anime,Yes,Unchanged,Unchanged,,,,,,,,,
49196729,,mat n,14,Khác,minh c,2,Khác,Yes,Unchanged,Unchanged,,,,,,,,,
49196951,,lang nu,4,Khác,bach luyen,3,Khác,Yes,Unchanged,Unchanged,,,,,,,,,
49207966,,hậu cung như ý truyện,5,Phim Trung Quốc,thanh xuân vật vã,5,Phim Hàn Quốc,Yes,Changed,Phim Trung Quốc -> Phim Hàn Quốc,,,,,,,,,
49215850,,học viện anh hùng phần 4,2,Anime,phim kinh dị ma,2,Thể loại phim,Yes,Changed,Anime -> Thể loại phim,,,,,,,,,
49222025,,godblin,4,Khác,save me,2,Khác,Yes,Unchanged,Unchanged,,,,,,,,,
49223377,,lấy danh nghĩa người nhà,3,Phim Trung Quốc,tokyo ghoul,2,re : Anime,Yes,Changed,Phim Trung Quốc -> re : Anime,,,,,,,,,
49226138,,bí mật không thể yêu đương,2,Khác,chàng kiêu ngạo nàng định kiến,2,Khác,Yes,Unchanged,Unchanged,,,,,,,,,
49228364,,anan,14,Khác,kiki,3,Khác,Yes,Unchanged,Unchanged,,,,,,,,,
49261863,,hội pháp sư,13,Anime,archenemy and the hero,2,Khác,Yes,Changed,Anime -> Khác,,,,,,,,,
49265683,,hiệp sĩ bóng đem,2,Khác,godzilla đối đầu kong,3,Phim chiếu rạp,Yes,Changed,Khác -> Phim chiếu rạp,,,,,,,,,
49267493,,thiếu nhi,5,Tìm kiếm chung,thiếu nhi,2,Tìm kiếm chung,No,Unchanged,Unchanged,,,,,,,,,
49287051,,nàng vệ sĩ,2,Khác,cô vợ bắt buộc,2,Phim Thái Lan,Yes,Changed,Khác -> Phim Thái Lan,,,,,,,,,
49287668,,boruto naruto the movie,5,Anime,boruto naruto the movie,2,Anime,No,Unchanged,Unchanged,,,,,,,,,
49304254,,khach,2,Khác,nhat da,2,Khác,Yes,Unchanged,Unchanged,,,,,,,,,
49305812,,fairy tail,19,Anime,fairy tail,16,Anime,No,Unchanged,Unchanged,,,,,,,,,
49315636,,võ mỵ nương truyền kỳ,3,Phim Trung Quốc,kinh thanh,2,Khác,Yes,Changed,Phim Trung Quốc -> Khác,,,,,,,,,
49319092,,ngọc tân,3,Khác,ngọc tân,3,Khác,No,Unchanged,Unchanged,,,,,,,,,
49322641,,kimetsu no yaiba,19,Anime,kimetsu no yaiba,19,Anime,No,Unchanged,Unchanged,,,,,,,,,
49329629,,fanstasi,2,Khác,minion,2,Phim hoạt hình,Yes,Changed,Khác -> Phim hoạt hình,,,,,,,,,
49351025,,thoi,2,Khác,harry,2,Khác,Yes,Unchanged,Unchanged,,,,,,,,,
49351230,,fairy tail,4,Anime,fairy tail,15,Anime,No,Unchanged,Unchanged,,,,,,,,,
49351750,,bác sĩ ma,2,Phim Hàn Quốc,vườn sao băng,2,Khác,Yes,Changed,Phim Hàn Quốc -> Khác,,,,,,,,,
49361613,,thử thách thần chết giữa hai thế giới,15,giữa hai thế giới : Phim chiếu rạp / Giả tưởng,mối tình tuổi trẻ,5,Khác,Yes,Changed,giữa hai thế giới : Phim chiếu rạp / Giả tưởng -> Khác,,,,,,,,,
49367368,,cậu bé rừng xanh,3,Khác,nhím sonic,2,Khác,Yes,Unchanged,Unchanged,,,,,,,,,
49368162,,quốc khanh,3,Khác,quốc khanh,2,Khác,No,Unchanged,Unchanged,,,,,,,,,
49368637,,attack on titan season 4,2,Anime,lưỡi gươm diệt quỷ,2,Anime,Yes,Unchanged,Unchanged,,,,,,,,,
49386288,,tình mãn tuyết dương hoa,2,Khác,trái tim mùa thu,3,Khác,Yes,Unchanged,Unchanged,,,,,,,,,
49394943,,ve đẹp dịch thuc,2,Khác,huye,2,Khác,Yes,Unchanged,Unchanged,,,,,,,,,
49399174,,thiên kim háo sắc phần 1 thuyết minh,2,Khác,tha thính thiên hạ,2,Khác,Yes,Unchanged,Unchanged,,,,,,,,,
49401808,,tìm kiếm bằng giọng nói,5,Tìm kiếm chung / Chức năng,tìm kiếm bằng giọng nói,4,Tìm kiếm chung / Chức năng,No,Unchanged,Unchanged,,,,,,,,,
49410485,,tuyển việt nam ổn định bộ khung trước trận đấu malaysia,7,Khác,tuyển việt nam ổn định bộ khung trước trận đấu malaysia,7,Khác,No,Unchanged,Unchanged,,,,,,,,,
49410683,,thiên tài lang băm,2,Phim Hàn Quốc,pháp y tần minh người đọc tâm,2,người đọc tâm : Phim Trung Quốc,Yes,Changed,Phim Hàn Quốc -> người đọc tâm : Phim Trung Quốc,,,,,,,,,
49424051,,vẻ đẹp đích thực,5,Phim Hàn Quốc,sao thế,2,Khác,Yes,Changed,Phim Hàn Quốc -> Khác,,,,,,,,,
49429529,,long khánh quê em,5,Khác,halloween trẻ em,23,Khác,Yes,Unchanged,Unchanged,,,,,,,,,
49489532,,thần tượng primary,2,Khác,thanh gươm diệt quỷ,2,Anime,Yes,Changed,Khác -> Anime,,,,,,,,,
49509817,,kẻ truyền thừa,2,Phim chiếu rạp,eve,3,Phim Hàn Quốc,Yes,Changed,Phim chiếu rạp -> Phim Hàn Quốc,,,,,,,,,
49518875,,10 năm 3 tháng 30 ngày,4,Phim Trung Quốc,yêu không kiểm soát,7,Phim Hàn Quốc,Yes,Changed,Phim Trung Quốc -> Phim Hàn Quốc,,,,,,,,,
49531438,,hạ cánh nơi anh,2,Phim Hàn Quốc,thế giới hôn nhân,2,Phim Hàn Quốc,Yes,Unchanged,Unchanged,,,,,,,,,
49573950,,khie,5,Khác,khie,2,Khác,No,Unchanged,Unchanged,,,,,,,,,
49601967,,dororo,2,Khác,i land,2,Khác,Yes,Unchanged,Unchanged,,,,,,,,,
49625145,,ve de,2,Khác,vô tình nhặt được tổng tài,4,Phim Trung Quốc,Yes,Changed,Khác -> Phim Trung Quốc,,,,,,,,,
49642211,,phim thái lan,3,Phim Thái Lan,phim trung quốc sắn tình yêu,2,Khác,Yes,Changed,Phim Thái Lan -> Khác,,,,,,,,,
49674353,,nếu em bình an đó mới là ngày đẹp trời,5,Phim Trung Quốc,nabi tôi sẽ không yêu em,5,Phim Thái Lan,Yes,Changed,Phim Trung Quốc -> Phim Thái Lan,,,,,,,,,
49685084,,vườn sao băng,2,Khác,em là thành lũy,2,Khác,Yes,Unchanged,Unchanged,,,,,,,,,
49694796,,đại chiến titan,2,Anime,hiệp sĩ lưu ban,2,Khác,Yes,Changed,Anime -> Khác,,,,,,,,,
49728548,,nữ thanh tra tài ba,3,Phim Hàn Quốc,yêu thầm anh xã,2,Phim Thái Lan,Yes,Changed,Phim Hàn Quốc -> Phim Thái Lan,,,,,,,,,
49733836,,fairy tail,6,Anime,fairy tail,3,Anime,No,Unchanged,Unchanged,,,,,,,,,
49748091,,cô nàng đầu bếp của tôi,6,Phim Thái Lan,cuộc chiến,2,Khác,Yes,Changed,Phim Thái Lan -> Khác,,,,,,,,,
49750689,,tân nhàn,2,Khác,nhạc remix,2,Khác,Yes,Unchanged,Unchanged,,,,,,,,,
49757760,,king kong,4,Phim chiếu rạp,nối vòng tay lớn,2,Khác,Yes,Changed,Phim chiếu rạp -> Khác,,,,,,,,,
49763510,,sao băng,2,Khác,zombie,2,Khác,Yes,Unchanged,Unchanged,,,,,,,,,
49783058,,yêu nhầm chị dâu,4,Phim Thái Lan,mặt nạ thủy tinh,2,Khác,Yes,Changed,Phim Thái Lan -> Khác,,,,,,,,,
49803347,,cuộc chiến nội cung,2,Phim ảnh,demon slayer mugen train arc,2,mugen train arc : Anime,Yes,Changed,Phim ảnh -> mugen train arc : Anime,,,,,,,,,
4981194,,thieu nien t,2,Khác,thieu ni,4,Khác,Yes,Unchanged,Unchanged,,,,,,,,,
49825555,,youtobe,5,Khác,taxi em tên gì,2,Phim Việt Nam,Yes,Changed,Khác -> Phim Việt Nam,,,,,,,,,
49830937,,thiếu niên ninja rùa đột biến,5,Phim hoạt hình,xác ướp ai cập,2,Khác,Yes,Changed,Phim hoạt hình -> Khác,,,,,,,,,
49832040,,sen và chihiro ở thế giới thần bí,3,Khác,vtc9,2,Khác,Yes,Unchanged,Unchanged,,,,,,,,,
49840874,,mada,7,Khác,casper,2,Khác,Yes,Unchanged,Unchanged,,,,,,,,,
49903421,,yêu nhầm chị dâu,2,Phim Thái Lan,kimetsu no yaiba,4,Anime,Yes,Changed,Phim Thái Lan -> Anime,,,,,,,,,
49927390,,thế giới động vật,3,Tìm kiếm chung / Tài liệu,siêu nhân,4,Phim hoạt hình,Yes,Changed,Tìm kiếm chung / Tài liệu -> Phim hoạt hình,,,,,,,,,
49931882,,mở an ninh tv,7,Khác,mở thời sự 24h,2,Tìm kiếm chung / Tin tức,Yes,Changed,Khác -> Tìm kiếm chung / Tin tức,,,,,,,,,
49932134,,baby shark,2,Âm nhạc thiếu nhi,baby shark,4,Âm nhạc thiếu nhi,No,Unchanged,Unchanged,,,,,,,,,
49952562,,love,2,Khác,thị trấn georgetown,2,Khác,Yes,Unchanged,Unchanged,,,,,,,,,
49957412,,fairy tail,2,Anime,fairy tail,2,Anime,No,Unchanged,Unchanged,,,,,,,,,
49959606,,utraman,8,Khác,học viện anh hùng phần 6,2,Khác,Yes,Unchanged,Unchanged,,,,,,,,,
49960048,,conan,2,Anime,nonstop,12,Khác,Yes,Changed,Anime -> Khác,,,,,,,,,
49969396,,huyền thoại biển xanh,10,Phim Hàn Quốc,u19 việt nam u19 thái lan xem lại trận đấu u19 đông nam á,2,Khác,Yes,Changed,Phim Hàn Quốc -> Khác,,,,,,,,,
49975804,,bolero,13,Âm nhạc,bolero,9,Âm nhạc,No,Unchanged,Unchanged,,,,,,,,,
49977590,,xe cấp cứu,2,Phương tiện,chú voi đi lạc,2,Khác,Yes,Changed,Phương tiện -> Khác,,,,,,,,,
49986656,,luu l,11,Khác,nguoi tinh cua jinx,2,Khác,Yes,Unchanged,Unchanged,,,,,,,,,
49987113,,bleach,30,Anime,bleach,4,Anime,No,Unchanged,Unchanged,,,,,,,,,
49996076,,dr stone,2,Anime,hau gai rong nha kobayashi,2,Khác,Yes,Changed,Anime -> Khác,,,,,,,,,
49997170,,phim trung quốc thượng thực,2,Khác,phim trung quốc,2,Khác,Yes,Unchanged,Unchanged,,,,,,,,,
49997948,,boruto naruto the movie,7,Anime,boruto naruto the movie,5,Anime,No,Unchanged,Unchanged,,,,,,,,,
5081996,,chuyến bay sinh tử,2,Khác,lang mo,4,Khác,Yes,Unchanged,Unchanged,,,,,,,,,
5171409,,người thầy y đức,5,Phim Hàn Quốc,nắm giữ sinh mệnh,3,Phim ảnh,Yes,Changed,Phim Hàn Quốc -> Phim ảnh,,,,,,,,,
518594,,running man,2,Chương trình truyền hình,kingdom,3,Khác,Yes,Changed,Chương trình truyền hình -> Khác,,,,,,,,,
5635020,,thế giới động vật,2,Tìm kiếm chung / Tài liệu,thế giới động vật,4,Tìm kiếm chung / Tài liệu,No,Unchanged,Unchanged,,,,,,,,,
5731023,,siêu nhân,5,Phim hoạt hình,siêu nhân,3,Phim hoạt hình,No,Unchanged,Unchanged,,,,,,,,,
5956864,,tìm kiếm bằng giọng nói,7,Tìm kiếm chung / Chức năng,dạ sách khung tâm,2,Khác,Yes,Changed,Tìm kiếm chung / Chức năng -> Khác,,,,,,,,,
5979363,,baby shark,12,Âm nhạc thiếu nhi,một con vịt,32,Âm nhạc thiếu nhi,Yes,Unchanged,Unchanged,,,,,,,,,
7002785,,chú ếch con,2,Âm nhạc thiếu nhi,chú thỏ con,6,Khác,Yes,Changed,Âm nhạc thiếu nhi -> Khác,,,,,,,,,
7098911,,vua bếp soma phần 3,3,Anime,dr stone,2,Anime,Yes,Unchanged,Unchanged,,,,,,,,,
7152442,,thời tiết ngày mùng 7 tháng 6 năm 2012,7,Khác,chú mèo con,4,Khác,Yes,Unchanged,Unchanged,,,,,,,,,
7156549,,cảnh đẹp ngày vui biết bao giờ155 sns,5,Phim Trung Quốc,thaichuoitv,8,Khác,Yes,Changed,Phim Trung Quốc -> Khác,,,,,,,,,
725763,,bạn trai tôi là hồ ly,2,Phim Hàn Quốc,yêu tinh,3,Phim Hàn Quốc,Yes,Unchanged,Unchanged,,,,,,,,,
7273391,,hạ cánh nơi anh,2,Phim Hàn Quốc,cuộc chiến thượng lưu,4,Phim Hàn Quốc,Yes,Unchanged,Unchanged,,,,,,,,,
7451535,,kimetsu no yaiba,2,Anime,kimetsu no yaiba,2,Anime,No,Unchanged,Unchanged,,,,,,,,,
7467551,,thử thách thần tượng,3,Chương trình truyền hình,thử thách thần tượng running man,3,Chương trình truyền hình,Yes,Unchanged,Unchanged,,,,,,,,,
7648115,,yêu nhầm chị dâu,2,Phim Thái Lan,phimxett,4,Khác,Yes,Changed,Phim Thái Lan -> Khác,,,,,,,,,
7810894,,người nhện không còn nhà,3,không còn nhà : Phim chiếu rạp / Siêu anh hùng,minio,3,Khác,Yes,Changed,không còn nhà : Phim chiếu rạp / Siêu anh hùng -> Khác,,,,,,,,,
7833901,,không một ai biết,2,Khác,bạn trai tôi là hồ ly,2,Phim Hàn Quốc,Yes,Changed,Khác -> Phim Hàn Quốc,,,,,,,,,
7846969,,vương giả thiên hạ,3,Anime,vương giả thiên hạ,3,Anime,No,Unchanged,Unchanged,,,,,,,,,
7849220,,canh de,2,Khác,10 năm 3 tháng 30 ngày,6,Phim Trung Quốc,Yes,Changed,Khác -> Phim Trung Quốc,,,,,,,,,
7971670,,chàng trai cuồng sạch sẽ,2,Khác,nửa,2,Khác,Yes,Unchanged,Unchanged,,,,,,,,,
8098254,,sakura thủ lĩnh thẻ bài,2,Anime,yêu tinh,4,Phim Hàn Quốc,Yes,Changed,Anime -> Phim Hàn Quốc,,,,,,,,,
8106803,,nữ thanh tra tài ba,2,Phim Hàn Quốc,trở lại tuổi 18,2,Phim Hàn Quốc,Yes,Unchanged,Unchanged,,,,,,,,,
8185347,,bolero,4,Âm nhạc,bolero,5,Âm nhạc,No,Unchanged,Unchanged,,,,,,,,,
8296021,,phù dao hoàng hậu,2,Phim Trung Quốc,cổ tay áo màu đỏ,3,Phim Hàn Quốc,Yes,Changed,Phim Trung Quốc -> Phim Hàn Quốc,,,,,,,,,
8397095,,siêu nhân,10,Phim hoạt hình,siêu nhân,10,Phim hoạt hình,No,Unchanged,Unchanged,,,,,,,,,
8509785,,biệt đội siêu anh hùng,2,Phim chiếu rạp / Siêu anh hùng,minions,3,Phim hoạt hình,Yes,Changed,Phim chiếu rạp / Siêu anh hùng -> Phim hoạt hình,,,,,,,,,
8559241,,chú ếch con,6,Âm nhạc thiếu nhi,chú ếch con,3,Âm nhạc thiếu nhi,No,Unchanged,Unchanged,,,,,,,,,
8591720,,doraemon,3,Anime,karaoke tân cổ song ca,4,Âm nhạc,Yes,Changed,Anime -> Âm nhạc,,,,,,,,,
8629983,,vt,7,Khác,vt,2,Khác,No,Unchanged,Unchanged,,,,,,,,,
8932425,,boruto naruto the movie,4,Anime,boruto naruto the movie,4,Anime,No,Unchanged,Unchanged,,,,,,,,,
8999121,,nhất dạ tân nương 2,3,Phim Trung Quốc,nhất dạ tân nương,3,Phim Trung Quốc,Yes,Unchanged,Unchanged,,,,,,,,,
90103000,,chú thuật hồi chiến,7,Anime,hiệp sĩ mù,13,Khác,Yes,Changed,Anime -> Khác,,,,,,,,,
90117668,,miền tây dân ca,2,Khác,country live,5,Khác,Yes,Unchanged,Unchanged,,,,,,,,,
90163880,,back to the future,3,Khác,kingsman the secret service,2,Khác,Yes,Unchanged,Unchanged,,,,,,,,,
90285974,,hội pháp sư,2,Anime,true,3,Khác,Yes,Changed,Anime -> Khác,,,,,,,,,
90382069,,ông giá,3,Khác,blonde,5,Khác,Yes,Unchanged,Unchanged,,,,,,,,,
90416767,,tien nu,8,Khác,hau d,6,Khác,Yes,Unchanged,Unchanged,,,,,,,,,
90444563,,nữ nhi nhà họ kiều,20,Phim Trung Quốc,nữ nhi nhà họ kiều,8,Phim Trung Quốc,No,Unchanged,Unchanged,,,,,,,,,
90489932,,penthouse 3,2,Phim Hàn Quốc,khách sạn ma quái,2,Phim Hàn Quốc,Yes,Unchanged,Unchanged,,,,,,,,,
90700422,,đại chiến titan,2,Anime,thành gươm diệt quỷ,3,Anime,Yes,Unchanged,Unchanged,,,,,,,,,
90756965,,su tr,2,Khác,tomodachi,2,Khác,Yes,Unchanged,Unchanged,,,,,,,,,
9077527,,vtv1,4,Kênh truyền hình,bống bống bang bang,8,Âm nhạc thiếu nhi,Yes,Changed,Kênh truyền hình -> Âm nhạc thiếu nhi,,,,,,,,,
90795199,,magic mike xxl,2,Khác,jim ca,2,Khác,Yes,Unchanged,Unchanged,,,,,,,,,
90808531,,cuộc sống thượng lưu,2,Phim Hàn Quốc,thanh thanh tử khâm,2,Phim Trung Quốc,Yes,Changed,Phim Hàn Quốc -> Phim Trung Quốc,,,,,,,,,
90832285,,qua tang,3,Khác,hau cung,3,Khác,Yes,Unchanged,Unchanged,,,,,,,,,
90851141,,bolero,4,Âm nhạc,bolero,3,Âm nhạc,No,Unchanged,Unchanged,,,,,,,,,
90852506,,pokemon,4,Anime,minio,2,Khác,Yes,Changed,Anime -> Khác,,,,,,,,,
90863909,,baby shark,32,Âm nhạc thiếu nhi,thiếu nhi,14,Tìm kiếm chung,Yes,Changed,Âm nhạc thiếu nhi -> Tìm kiếm chung,,,,,,,,,
90955951,,minh c,2,Khác,tìm kiếm bằng giọng nói,2,Tìm kiếm chung / Chức năng,Yes,Changed,Khác -> Tìm kiếm chung / Chức năng,,,,,,,,,
90967986,,phàm nhân tu tiên,2,Phim hoạt hình 3D Trung Quốc,big miracle,2,Khác,Yes,Changed,Phim hoạt hình 3D Trung Quốc -> Khác,,,,,,,,,
90968132,,bống bống bang bang,4,Âm nhạc thiếu nhi,bống bống bang bang,3,Âm nhạc thiếu nhi,No,Unchanged,Unchanged,,,,,,,,,
91140002,,cuộc chiến thượng lưu,3,Phim Hàn Quốc,mafia,2,Khác,Yes,Changed,Phim Hàn Quốc -> Khác,,,,,,,,,
9126150,,vườn sao băng,2,Khác,co nang manh me do bong soon,2,Khác,Yes,Unchanged,Unchanged,,,,,,,,,
91288663,,sao băng,9,Khác,hoa của quỷ,4,Phim Hàn Quốc,Yes,Changed,Khác -> Phim Hàn Quốc,,,,,,,,,
91557875,,thiên nga bóng đêm,5,Phim Hàn Quốc,cuộc chiến thượng lưu 2,2,Phim Hàn Quốc,Yes,Unchanged,Unchanged,,,,,,,,,
91572479,,lam hỏa diệt quỷ,3,Khác,hồi sinh thế giới phần 2,2,Khác,Yes,Unchanged,Unchanged,,,,,,,,,
91586109,,fairy tail,35,Anime,fairy tail,5,Anime,No,Unchanged,Unchanged,,,,,,,,,
91701316,,thính tuyết lâu,2,Phim Trung Quốc,gangnam,2,Khác,Yes,Changed,Phim Trung Quốc -> Khác,,,,,,,,,
91742890,,fairy tail,2,Anime,fairy tail,2,Anime,No,Unchanged,Unchanged,,,,,,,,,
91782766,,pokemon,2,Anime,mật thất vây cá lội,2,Khác,Yes,Changed,Anime -> Khác,,,,,,,,,
91865282,,tara,2,Khác,ma,5,Tâm linh,Yes,Changed,Khác -> Tâm linh,,,,,,,,,
91889300,,nu nh,2,Khác,phi công,4,Khác,Yes,Unchanged,Unchanged,,,,,,,,,
92058816,,why her,2,Phim Hàn Quốc,why her,3,Phim Hàn Quốc,No,Unchanged,Unchanged,,,,,,,,,
92140535,,người ấy là ai,10,Chương trình truyền hình,bạn muốn hẹn hò,2,Chương trình truyền hình,Yes,Unchanged,Unchanged,,,,,,,,,
92246663,,bạn trai tôi là hồ ly,2,Phim Hàn Quốc,con tim sắt đá,2,Phim Thái Lan,Yes,Changed,Phim Hàn Quốc -> Phim Thái Lan,,,,,,,,,
9225105,,phim lego 2,2,Phim hoạt hình,phim lego 2,2,Phim hoạt hình,No,Unchanged,Unchanged,,,,,,,,,
92531723,,bunn,2,Khác,dororo,3,Khác,Yes,Unchanged,Unchanged,,,,,,,,,
92658238,,quá nhanh quá nguy hiểm 7,3,Khác,may ho,2,Khác,Yes,Unchanged,Unchanged,,,,,,,,,
92703947,,bleach,2,Anime,vanit,2,Khác,Yes,Changed,Anime -> Khác,,,,,,,,,
92848744,,thử thách thần tượng,3,Chương trình truyền hình,ki sinh tr,3,Khác,Yes,Changed,Chương trình truyền hình -> Khác,,,,,,,,,
92876469,,nông dân hiện đại,2,Khác,kingdom season 4,2,Khác,Yes,Unchanged,Unchanged,,,,,,,,,
92916630,,tìm kiếm bằng giọng nói,3,Tìm kiếm chung / Chức năng,tìm kiếm bằng giọng nói,13,Tìm kiếm chung / Chức năng,No,Unchanged,Unchanged,,,,,,,,,
9292243,,lấy danh nghĩa người nhà,2,Phim Trung Quốc,chị đã thành công thu hút sự chú ý của tôi,3,Phim Trung Quốc,Yes,Unchanged,Unchanged,,,,,,,,,
93101985,,nếu em bình yên,2,Khác,bạn trai tôi là hồ ly,2,Phim Hàn Quốc,Yes,Changed,Khác -> Phim Hàn Quốc,,,,,,,,,
93106771,,thanh gươm diệt quỷ chuyến tàu vô tận,2,Anime,minio,2,Khác,Yes,Changed,Anime -> Khác,,,,,,,,,
93168115,,khủng long bạo chúa,3,Động vật,chiếc bụng đói,7,Khác,Yes,Changed,Động vật -> Khác,,,,,,,,,
93242105,,mở hoạt hình,8,Khác,mở hoạt hình,4,Khác,No,Unchanged,Unchanged,,,,,,,,,
93331841,,sword a,3,Anime,18 a,3,Khác,Yes,Changed,Anime -> Khác,,,,,,,,,
93533023,,cuộc sống tình yêu dí dỏm,2,Khác,yêu từng centimet,4,Phim Trung Quốc,Yes,Changed,Khác -> Phim Trung Quốc,,,,,,,,,
93614508,,van cu,14,Khác,chieu,6,Khác,Yes,Unchanged,Unchanged,,,,,,,,,
93630485,,morbius,2,Khác,top gun,4,Phim chiếu rạp,Yes,Changed,Khác -> Phim chiếu rạp,,,,,,,,,
93647061,,phi hổ cực chiến,10,Khác,công chúa ori,2,Khác,Yes,Unchanged,Unchanged,,,,,,,,,
93768892,,gui th,2,Khác,cap d,6,Khác,Yes,Unchanged,Unchanged,,,,,,,,,
93816390,,người nhện không còn nhà,2,không còn nhà : Phim chiếu rạp / Siêu anh hùng,home alone,2,Khác,Yes,Changed,không còn nhà : Phim chiếu rạp / Siêu anh hùng -> Khác,,,,,,,,,
93827341,,hội pháp sư 2,5,Anime,hội pháp sư 2,5,Anime,No,Unchanged,Unchanged,,,,,,,,,
93838201,,thanh gươm,2,Khác,attack on titan,7,Anime,Yes,Changed,Khác -> Anime,,,,,,,,,
93924713,,trữ tình,4,Âm nhạc,trữ tình,5,Âm nhạc,No,Unchanged,Unchanged,,,,,,,,,
93956794,,thế giới động vật,20,Tìm kiếm chung / Tài liệu,thế giới động vật,2,Tìm kiếm chung / Tài liệu,No,Unchanged,Unchanged,,,,,,,,,
94023719,,than tham,3,Khác,runni,2,Khác,Yes,Unchanged,Unchanged,,,,,,,,,
94044542,,hakiyu,7,Khác,hakyuu,2,Khác,Yes,Unchanged,Unchanged,,,,,,,,,
94118024,,shu,2,Khác,boku no hero academia season 4,2,Anime,Yes,Changed,Khác -> Anime,,,,,,,,,
94123304,,mộng hoa lục,2,Phim ảnh,pimprapa,2,Khác,Yes,Changed,Phim ảnh -> Khác,,,,,,,,,
94146248,,sự trỗi dậy của khiên hiệp sĩ phần 2,2,Anime,one punch man,3,Anime,Yes,Unchanged,Unchanged,,,,,,,,,
94210780,,phim g,3,Khác,chị ong nâu,2,Khác,Yes,Unchanged,Unchanged,,,,,,,,,
94213791,,luffy,5,Anime,cháu yêu bà bà ơi bà xuân mai nhạc thiếu nhi xuân mai hay nhất,3,Âm nhạc thiếu nhi,Yes,Changed,Anime -> Âm nhạc thiếu nhi,,,,,,,,,
94301489,,lưu ly mỹ nhân sát,4,Phim Trung Quốc,thâm kế độc tình,3,Phim Thái Lan,Yes,Changed,Phim Trung Quốc -> Phim Thái Lan,,,,,,,,,
94328911,,khi em mỉm cười rất đẹp,2,Khác,vệ sĩ của tôi,2,Khác,Yes,Unchanged,Unchanged,,,,,,,,,
9440319,,anh gì ơi anh đánh rơi người yêu này karaoke,2,Âm nhạc,sài gòn ngày cuối hạ karaoke,2,Âm nhạc,Yes,Unchanged,Unchanged,,,,,,,,,
94432380,,kuroku,3,Khác,reply,4,Khác,Yes,Unchanged,Unchanged,,,,,,,,,
94432795,,boruto,9,naruto the movie : Anime,gokukoku,5,Khác,Yes,Changed,naruto the movie : Anime -> Khác,,,,,,,,,
94577972,,keep running,2,Chương trình Trung Quốc,con tim sắt đá,3,Phim Thái Lan,Yes,Changed,Chương trình Trung Quốc -> Phim Thái Lan,,,,,,,,,
94650401,,nữ hoàng seondeok,14,Khác,saim,17,Khác,Yes,Unchanged,Unchanged,,,,,,,,,
9465044,,fairy tail,2,Anime,fairy tail,8,Anime,No,Unchanged,Unchanged,,,,,,,,,
94704154,,hau d,7,Khác,chú thuật hồi chiến,5,Anime,Yes,Changed,Khác -> Anime,,,,,,,,,
94714672,,quýt làm cam chịu,2,Khác,hero,4,Khác,Yes,Unchanged,Unchanged,,,,,,,,,
94874139,,huyền thoại biển xanh,2,Phim Hàn Quốc,vua bếp soma phần 1,2,Anime,Yes,Changed,Phim Hàn Quốc -> Anime,,,,,,,,,
94894325,,dưới lớp vỏ bọc,2,Khác,ông hoàng khách sạn,3,Khác,Yes,Unchanged,Unchanged,,,,,,,,,
95033979,,bolero,2,Âm nhạc,trữ tình,2,Âm nhạc,Yes,Unchanged,Unchanged,,,,,,,,,
95072811,,chú thuật hồi chiến,4,Anime,thanh gươm diệt quỷ phần kỹ viện trấn,2,Anime,Yes,Unchanged,Unchanged,,,,,,,,,
95241020,,bằng chứng thép,2,Phim Hồng Kông,penthouse 3,2,Phim Hàn Quốc,Yes,Changed,Phim Hồng Kông -> Phim Hàn Quốc,,,,,,,,,
9539073,,trận chiến sống còn tập,5,Khác,hùng khí dao tập,2,Khác,Yes,Unchanged,Unchanged,,,,,,,,,
95477003,,bạn trai tôi là hồ ly,3,Phim Hàn Quốc,anh không thích thế giới này anh chỉ thích em,5,Phim Trung Quốc,Yes,Changed,Phim Hàn Quốc -> Phim Trung Quốc,,,,,,,,,
95600040,,death note,2,Khác,anna,2,Phim Hàn Quốc,Yes,Changed,Khác -> Phim Hàn Quốc,,,,,,,,,
95689968,,ngày em đẹp nhất,2,Khác,bleach,2,Anime,Yes,Changed,Khác -> Anime,,,,,,,,,
95823983,,luu l,2,Khác,lưu ly mỹ nhân sát,3,Phim Trung Quốc,Yes,Changed,Khác -> Phim Trung Quốc,,,,,,,,,
95887365,,đời sống ngục tù,2,Phim Hàn Quốc,kẻ trộm mặt trăng minions,2,minions : Phim hoạt hình,Yes,Changed,Phim Hàn Quốc -> minions : Phim hoạt hình,,,,,,,,,
9589020,,siêu nhân,7,Phim hoạt hình,siêu nhân,7,Phim hoạt hình,No,Unchanged,Unchanged,,,,,,,,,
9589084,,bác sĩ ma,9,Phim Hàn Quốc,bạn trai tôi là hồ ly,7,Phim Hàn Quốc,Yes,Unchanged,Unchanged,,,,,,,,,
95920698,,nhất dạ tân nương,2,Phim Trung Quốc,ca m,5,Khác,Yes,Changed,Phim Trung Quốc -> Khác,,,,,,,,,
95921969,,vườn sao băng,4,Khác,eve,2,Phim Hàn Quốc,Yes,Changed,Khác -> Phim Hàn Quốc,,,,,,,,,
95934605,,sở kiều truyện,2,Khác,mộng hồi đại thanh,3,Khác,Yes,Unchanged,Unchanged,,,,,,,,,
95935531,,demon slayer kimetsu no yaiba entertainment district arc,2,Anime,demon slayer mugen train arc,2,mugen train arc : Anime,Yes,Changed,Anime -> mugen train arc : Anime,,,,,,,,,
96038408,,tái sinh báo thù,6,Phim ảnh,minh lan truyện,2,Phim Trung Quốc,Yes,Changed,Phim ảnh -> Phim Trung Quốc,,,,,,,,,
96074035,,hoàng hậu ki,2,Khác,tìm kiếm bằng giọng nói,7,Tìm kiếm chung / Chức năng,Yes,Changed,Khác -> Tìm kiếm chung / Chức năng,,,,,,,,,
96344461,,queendom 2,7,Chương trình Hàn Quốc,sixth,5,Khác,Yes,Changed,Chương trình Hàn Quốc -> Khác,,,,,,,,,
9636112,,mị nguyệt truyện,7,Phim Trung Quốc,mị nguyệt truyện,5,Phim Trung Quốc,No,Unchanged,Unchanged,,,,,,,,,
96372688,,kekkai sensen,3,Khác,kekkai sensen,5,Khác,No,Unchanged,Unchanged,,,,,,,,,
96486542,,hội pháp sư,7,Anime,mặt nạ thủy tinh,5,Khác,Yes,Changed,Anime -> Khác,,,,,,,,,
96584712,,hào quang,5,Khác,sơn trại tiểu manh chủ,4,Phim Trung Quốc,Yes,Changed,Khác -> Phim Trung Quốc,,,,,,,,,
96598837,,cá mực hầm mật,2,Phim Trung Quốc,hospital,2,Khác,Yes,Changed,Phim Trung Quốc -> Khác,,,,,,,,,
96641661,,spyxfamily,7,Khác,pripiri,5,Khác,Yes,Unchanged,Unchanged,,,,,,,,,
96651174,,ký ức của kẻ sát nhân,2,Khác,tuý linh lung,2,Khác,Yes,Unchanged,Unchanged,,,,,,,,,
96941455,,cỗ máy thời gian,4,Khác,thần thám địch nhân kiệt,10,Khác,Yes,Unchanged,Unchanged,,,,,,,,,
97066437,,do bae man,2,Khác,chốn ngục tù,2,Khác,Yes,Unchanged,Unchanged,,,,,,,,,
97152419,,shooting stars,4,Phim Hàn Quốc,tinh hà xán lạn,2,Phim Trung Quốc,Yes,Changed,Phim Hàn Quốc -> Phim Trung Quốc,,,,,,,,,
97306883,,bước qua ranh giới 2,2,Khác,bão cát,2,Phim Thái Lan,Yes,Changed,Khác -> Phim Thái Lan,,,,,,,,,
97321132,,góc khuất của số phận,2,Khác,chuyện,2,Khác,Yes,Unchanged,Unchanged,,,,,,,,,
9743389,,karaoke,10,Âm nhạc,liên minh công lý phiên bản của zack snyder,4,phiên bản của zack snyder : Phim chiếu rạp / Siêu anh hùng,Yes,Changed,Âm nhạc -> phiên bản của zack snyder : Phim chiếu rạp / Siêu anh hùng,,,,,,,,,
97444656,,liên minh công lý phiên bản của zack snyder,3,phiên bản của zack snyder : Phim chiếu rạp / Siêu anh hùng,liên minh công lý phiên bản của zack snyder,2,phiên bản của zack snyder : Phim chiếu rạp / Siêu anh hùng,No,Unchanged,Unchanged,,,,,,,,,
97510624,,người hùng tia chớp,2,Khác,tạm biệt búp bê thân yêu,2,Khác,Yes,Unchanged,Unchanged,,,,,,,,,
97579798,,sân tinh yeu,2,Khác,nang dau lắm chiêu,2,Khác,Yes,Unchanged,Unchanged,,,,,,,,,
97627529,,buổi gặp gỡ đầu tiên phút chia ly cuối cùng,2,Khác,thanh lạc,2,Phim Trung Quốc,Yes,Changed,Khác -> Phim Trung Quốc,,,,,,,,,
97630297,,duy khánh,2,Người nổi tiếng,duy khánh,2,Người nổi tiếng,No,Unchanged,Unchanged,,,,,,,,,
97698539,,little forest,2,Khác,fairy tail,2,Anime,Yes,Changed,Khác -> Anime,,,,,,,,,
97752386,,vô tình nhặt được tổng tài,2,Phim Trung Quốc,em đẹp nhất là khi mỉm cười,3,Phim Trung Quốc,Yes,Unchanged,Unchanged,,,,,,,,,
97887356,,như ý truyện,3,Phim Trung Quốc,như ý truyện,4,Phim Trung Quốc,No,Unchanged,Unchanged,,,,,,,,,
97935501,,sống chung với mẹ chồng,2,Khác,hậu duệ mặt trời,2,Phim Hàn Quốc,Yes,Changed,Khác -> Phim Hàn Quốc,,,,,,,,,
97947775,,ngu giao ky,2,Khác,minio,2,Khác,Yes,Unchanged,Unchanged,,,,,,,,,
98129513,,overlord,2,Anime,overl,2,Khác,Yes,Changed,Anime -> Khác,,,,,,,,,
98143598,,không khí sôi động trước trận thái lan việt nam,2,Khác,doraemon nobita và cuộc chiến vũ trụ tí hon 2021,2,Anime,Yes,Changed,Khác -> Anime,,,,,,,,,
98163368,,ben10,4,Khác,truong an nac,6,Khác,Yes,Unchanged,Unchanged,,,,,,,,,
9819369,,good doctor,3,Khác,bằng chứng thép,2,Phim Hồng Kông,Yes,Changed,Khác -> Phim Hồng Kông,,,,,,,,,
98282392,,su tr,2,Khác,cuoc chi,2,Khác,Yes,Unchanged,Unchanged,,,,,,,,,
98288203,,ma d,2,Tâm linh,ma dong seok,2,Tâm linh,Yes,Unchanged,Unchanged,,,,,,,,,
98297017,,magi,2,Khác,boruto,3,naruto the movie : Anime,Yes,Changed,Khác -> naruto the movie : Anime,,,,,,,,,
98314479,,boss,12,Khác,boku no hero academia season 1,2,Anime,Yes,Changed,Khác -> Anime,,,,,,,,,
98316661,,yêu tinh,2,Phim Hàn Quốc,nhất dạ tân nương,2,Phim Trung Quốc,Yes,Changed,Phim Hàn Quốc -> Phim Trung Quốc,,,,,,,,,
98322229,,ne,2,Khác,ben n,3,Khác,Yes,Unchanged,Unchanged,,,,,,,,,
98369275,,hậu cung như ý truyện,10,Phim Trung Quốc,hậu cung như ý truyện,2,Phim Trung Quốc,No,Unchanged,Unchanged,,,,,,,,,
9844483,,cô nàng trong trắng oh woo ri,2,Phim Hàn Quốc,nguoi yeu toi la ho ly,2,Khác,Yes,Changed,Phim Hàn Quốc -> Khác,,,,,,,,,
98459505,,fairy tail,2,Anime,miền đất hứa,2,Anime,Yes,Unchanged,Unchanged,,,,,,,,,
98464287,,vô ti,2,Khác,cô phù thủy nhỏ kiki,2,Khác,Yes,Unchanged,Unchanged,,,,,,,,,
98492618,,bolero,5,Âm nhạc,bolero,9,Âm nhạc,No,Unchanged,Unchanged,,,,,,,,,
98521143,,thế giới song song,4,Khác,mặt trăng ôm mặt trời,2,Phim Hàn Quốc,Yes,Changed,Khác -> Phim Hàn Quốc,,,,,,,,,
98605525,,doraemon,2,Anime,kẻ trộm mặt trăng minions,5,minions : Phim hoạt hình,Yes,Changed,Anime -> minions : Phim hoạt hình,,,,,,,,,
98630244,,quý ông hoàn hảo và cô nàng tạm được,3,Phim Trung Quốc,điên thì có sao,3,Phim Hàn Quốc,Yes,Changed,Phim Trung Quốc -> Phim Hàn Quốc,,,,,,,,,
98734246,,why her,2,Phim Hàn Quốc,why her,2,Phim Hàn Quốc,No,Unchanged,Unchanged,,,,,,,,,
98754251,,true,3,Khác,true,4,Khác,No,Unchanged,Unchanged,,,,,,,,,
98793063,,người thầy y đức,5,Phim Hàn Quốc,naruto,4,Anime,Yes,Changed,Phim Hàn Quốc -> Anime,,,,,,,,,
9883896,,bắt ma phá án,2,Phim Hàn Quốc,hàng xóm của tôi không chịu lớn,2,Phim Trung Quốc,Yes,Changed,Phim Hàn Quốc -> Phim Trung Quốc,,,,,,,,,
98914645,,kenshin,2,Khác,goblin,3,Phim Hàn Quốc,Yes,Changed,Khác -> Phim Hàn Quốc,,,,,,,,,
98932993,,ly nhân tâm thượng,2,Phim Trung Quốc,penthouse 2,3,Phim Hàn Quốc,Yes,Changed,Phim Trung Quốc -> Phim Hàn Quốc,,,,,,,,,
99064588,,keep running,2,Chương trình Trung Quốc,horimiya,3,Anime,Yes,Changed,Chương trình Trung Quốc -> Anime,,,,,,,,,
99151306,,trữ tình,2,Âm nhạc,trữ tình,2,Âm nhạc,No,Unchanged,Unchanged,,,,,,,,,
99168074,,siêu nhân,5,Phim hoạt hình,siêu nhân,2,Phim hoạt hình,No,Unchanged,Unchanged,,,,,,,,,
99199342,,đông cung,2,Phim Trung Quốc,muốn gặp anh,3,Khác,Yes,Changed,Phim Trung Quốc -> Khác,,,,,,,,,
99226333,,hội pháp sư,2,Anime,thủ lĩnh thẻ bài,2,Anime,Yes,Unchanged,Unchanged,,,,,,,,,
99364200,,dr stone season 2,3,Anime,học viện anh hùng phần 1,2,Anime,Yes,Unchanged,Unchanged,,,,,,,,,
99378026,,tiểu nương tử nhà tướng quân,6,Phim Trung Quốc,tiểu nương tử nhà tướng quân,2,Phim Trung Quốc,No,Unchanged,Unchanged,,,,,,,,,
99403957,,fairy,2,Khác,fairy,3,Khác,No,Unchanged,Unchanged,,,,,,,,,
994151,,biệt đội siêu anh hùng,2,Phim chiếu rạp / Siêu anh hùng,cổ tay áo màu đỏ,5,Phim Hàn Quốc,Yes,Changed,Phim chiếu rạp / Siêu anh hùng -> Phim Hàn Quốc,,,,,,,,,
99455318,,evangelion,2,Khác,saiki,2,Anime,Yes,Changed,Khác -> Anime,,,,,,,,,
99501581,,song lang,2,Khác,ave,2,Khác,Yes,Unchanged,Unchanged,,,,,,,,,
99562008,,huế xa,2,Khác,ru ta ngậm ngùi,3,Khác,Yes,Unchanged,Unchanged,,,,,,,,,
99607988,,heo peppa,2,Phim hoạt hình,trữ tình,6,Âm nhạc,Yes,Changed,Phim hoạt hình -> Âm nhạc,,,,,,,,,
99628685,,happi,6,Khác,goblin,6,Phim Hàn Quốc,Yes,Changed,Khác -> Phim Hàn Quốc,,,,,,,,,
99682113,,tsurune,2,Khác,bầu trời rực đỏ,5,Phim Hàn Quốc,Yes,Changed,Khác -> Phim Hàn Quốc,,,,,,,,,
99752717,,again my life,2,Phim Hàn Quốc,steve jobs,2,Khác,Yes,Changed,Phim Hàn Quốc -> Khác,,,,,,,,,
99781527,,tieu,3,Khác,tieu n,4,Khác,Yes,Unchanged,Unchanged,,,,,,,,,
99801549,,một con vịt,7,Âm nhạc thiếu nhi,một con vịt,5,Âm nhạc thiếu nhi,No,Unchanged,Unchanged,,,,,,,,,
99920956,,great dance crew,2,Khác,thử thách thần tượng,2,Chương trình truyền hình,Yes,Changed,Khác -> Chương trình truyền hình,,,,,,,,,
0159890,,fairy tail,2,Anime,totoro,5,Anime,Yes,Unchanged,Unchanged,,,,,,,,,
0248830,,hội pháp sư,21,Anime,lưỡi gươm diệt quỷ,2,Anime,Yes,Unchanged,Unchanged,,,,,,,,,
0317187,,boruto,2,naruto the movie : Anime,nhiet,8,Khác,Yes,Changed,naruto the movie : Anime -> Khác,,,,,,,,,
0508140,,tokyo ghoul re,5,re : Anime,tokyo ghoul re,2,re : Anime,No,Unchanged,Unchanged,,,,,,,,,
0577368,,sakura thủ lĩnh thẻ bài,3,Anime,bất động sản trừ tà,2,Phim Hàn Quốc,Yes,Changed,Anime -> Phim Hàn Quốc,,,,,,,,,
0578321,,hoa của quỷ,2,Phim Hàn Quốc,khách sạn ma quái,4,Phim Hàn Quốc,Yes,Unchanged,Unchanged,,,,,,,,,
06002174,,mối tình đầu của tôi,2,Phim Việt Nam,xuân hoa thu nguyệt,2,Khác,Yes,Changed,Phim Việt Nam -> Khác,,,,,,,,,
06006041,,dr stone,14,Anime,chuunibyou,7,Khác,Yes,Changed,Anime -> Khác,,,,,,,,,
06008412,,pent,4,Khác,penthouse 3,2,Phim Hàn Quốc,Yes,Changed,Khác -> Phim Hàn Quốc,,,,,,,,,
06009148,,bước qua ranh giới,2,Khác,anh hùng xạ điêu,2,Khác,Yes,Unchanged,Unchanged,,,,,,,,,
06011899,,cô nàng đầu bếp của tôi,2,Phim Thái Lan,định mệnh anh yêu em,3,Phim Đài Loan,Yes,Changed,Phim Thái Lan -> Phim Đài Loan,,,,,,,,,
06018545,,bạn trai tôi là hồ ly vietsub,2,Phim Hàn Quốc,bạn trai tôi là hồ ly,2,Phim Hàn Quốc,Yes,Unchanged,Unchanged,,,,,,,,,
06023520,,học viện anh hùng phần 2,6,Anime,vẻ đẹp đích thực,2,Phim Hàn Quốc,Yes,Changed,Anime -> Phim Hàn Quốc,,,,,,,,,
06025443,,chàng hậu,7,Phim Hàn Quốc,chàng hậu,2,Phim Hàn Quốc,No,Unchanged,Unchanged,,,,,,,,,
06026050,,mr queen,2,Phim Hàn Quốc,bat do,2,Khác,Yes,Changed,Phim Hàn Quốc -> Khác,,,,,,,,,
06027982,,thách thức danh hài,2,Chương trình truyền hình,tây du ký,4,Phim Trung Quốc,Yes,Changed,Chương trình truyền hình -> Phim Trung Quốc,,,,,,,,,
06042127,,cô nàng đầu bếp của tôi,19,Phim Thái Lan,nữ thanh tra tài ba,6,Phim Hàn Quốc,Yes,Changed,Phim Thái Lan -> Phim Hàn Quốc,,,,,,,,,
06045710,,chảo lửa tình yêu,2,Khác,em và trịnh,2,Khác,Yes,Unchanged,Unchanged,,,,,,,,,
06064478,,bóng đá hôm nay trực tiếp,2,Khác,bóng đá hôm nay,5,Khác,Yes,Unchanged,Unchanged,,,,,,,,,
06067385,,kết hôn rồi bắt đầu yêu,4,Phim Trung Quốc,khi màn đêm gợn sóng,3,Phim Trung Quốc,Yes,Unchanged,Unchanged,,,,,,,,,
06080589,,chàng hậu,9,Phim Hàn Quốc,san lung tho ngoc,2,Khác,Yes,Changed,Phim Hàn Quốc -> Khác,,,,,,,,,
06082997,,thử thách thần tượng,8,Chương trình truyền hình,thử thách thần tượng,6,Chương trình truyền hình,No,Unchanged,Unchanged,,,,,,,,,
06084866,,vẻ đẹp đích thực,3,Phim Hàn Quốc,trần tình lệnh,2,Phim Trung Quốc,Yes,Changed,Phim Hàn Quốc -> Phim Trung Quốc,,,,,,,,,
06088605,,30 chưa phảo là hết thuyết minh,4,Khác,đại đường minh nguyệt,3,Phim Trung Quốc,Yes,Changed,Khác -> Phim Trung Quốc,,,,,,,,,
06090717,,vô tình nhặt được tổng tài,2,Phim Trung Quốc,vô tình nhặt được tổng tài,2,Phim Trung Quốc,No,Unchanged,Unchanged,,,,,,,,,
06091101,,true,8,Khác,penthouse 3,2,Phim Hàn Quốc,Yes,Changed,Khác -> Phim Hàn Quốc,,,,,,,,,
06401477,,vẻ đẹp đích thực,3,Phim Hàn Quốc,vẻ đẹp đích thực,2,Phim Hàn Quốc,No,Unchanged,Unchanged,,,,,,,,,
06404055,,nisekoi,2,Khác,dr stone,2,Anime,Yes,Changed,Khác -> Anime,,,,,,,,,
06404481,,phim bộ thái lan,2,Khác,phim thổ nhĩ kỳ,2,Khác,Yes,Unchanged,Unchanged,,,,,,,,,
06412667,,la,6,Khác,thu sinh xinh,2,Khác,Yes,Unchanged,Unchanged,,,,,,,,,
06414061,,real,10,Khác,soma,9,Anime,Yes,Changed,Khác -> Anime,,,,,,,,,
06426450,,rick and morty s5,2,Khác,cổ tay áo màu đỏ,6,Phim Hàn Quốc,Yes,Changed,Khác -> Phim Hàn Quốc,,,,,,,,,
06431703,,chàng hậu,11,Phim Hàn Quốc,học viện quân sự liệt hỏa,11,Phim Trung Quốc,Yes,Changed,Phim Hàn Quốc -> Phim Trung Quốc,,,,,,,,,
06436138,,phim cổ trang hàn quốc,3,Khác,phim cổ trang hàn quốc,2,Khác,No,Unchanged,Unchanged,,,,,,,,,
06442170,,phụ,2,Khác,my only you,2,Khác,Yes,Unchanged,Unchanged,,,,,,,,,
06443846,,quỷ đỏ,2,Khác,siêu nhân,3,Phim hoạt hình,Yes,Changed,Khác -> Phim hoạt hình,,,,,,,,,
06452038,,jujutsu kaisen,2,Anime,jujutsu kaisen,2,Anime,No,Unchanged,Unchanged,,,,,,,,,
06454921,,phin,11,Khác,phim ma,2,Tâm linh,Yes,Changed,Khác -> Tâm linh,,,,,,,,,
06457415,,người thương kẻ nhớ,3,Khác,nghiêng nghiêng dòng nước,3,Khác,Yes,Unchanged,Unchanged,,,,,,,,,
06472214,,kimetsu no yaiba,2,Anime,tinh hán xán lạn,2,Khác,Yes,Changed,Anime -> Khác,,,,,,,,,
06481982,,juppy,2,Khác,kẻ trộm mặt trăng minions,5,minions : Phim hoạt hình,Yes,Changed,Khác -> minions : Phim hoạt hình,,,,,,,,,
06483789,,cô nàng trong trắng oh woo ri,3,Phim Hàn Quốc,lấy danh nghĩa người nhà,2,Phim Trung Quốc,Yes,Changed,Phim Hàn Quốc -> Phim Trung Quốc,,,,,,,,,
06486469,,bất chợt tìm thấy cậu,9,Khác,khởi đầu,9,Khác,Yes,Unchanged,Unchanged,,,,,,,,,
0650999,,doraemon,2,Anime,aquaman,2,Phim chiếu rạp / Siêu anh hùng,Yes,Changed,Anime -> Phim chiếu rạp / Siêu anh hùng,,,,,,,,,
06804622,,vô tình nhặt được tổng tài,5,Phim Trung Quốc,tây du ký,2,Phim Trung Quốc,Yes,Unchanged,Unchanged,,,,,,,,,
06806581,,fairy tail,3,Anime,fairy tail,5,Anime,No,Unchanged,Unchanged,,,,,,,,,
06807901,,nữ thanh tra tài ba,18,Phim Hàn Quốc,co tay,4,Khác,Yes,Changed,Phim Hàn Quốc -> Khác,,,,,,,,,
06824935,,attack on titan shingeki no kyojin,7,Anime,fullmetal,6,Khác,Yes,Changed,Anime -> Khác,,,,,,,,,
06835306,,yêu trong đau thương,2,Khác,tình yêu hoán kiếp,2,Khác,Yes,Unchanged,Unchanged,,,,,,,,,
06861576,,sakura thủ lĩnh thẻ bài,8,Anime,cardcaptor sakura,4,Anime,Yes,Unchanged,Unchanged,,,,,,,,,
06863855,,vkook,17,Khác,find me in your memory,2,Khác,Yes,Unchanged,Unchanged,,,,,,,,,
06893950,,frozen,2,Phim hoạt hình,hậu duệ mặt trời,2,Phim Hàn Quốc,Yes,Changed,Phim hoạt hình -> Phim Hàn Quốc,,,,,,,,,
06894569,,kết hôn rồi bắt đầu yêu,3,Phim Trung Quốc,tại sao lại là oh soo jae,2,Phim Hàn Quốc,Yes,Changed,Phim Trung Quốc -> Phim Hàn Quốc,,,,,,,,,
06896528,,ve de,2,Khác,itewon ciass,27,Khác,Yes,Unchanged,Unchanged,,,,,,,,,
06898320,,paw patrol giải cứu chồn hôi,3,Phim hoạt hình,chồng cũ vợ cũ người yêu cũ,2,Khác,Yes,Changed,Phim hoạt hình -> Khác,,,,,,,,,
0721236,,yêu nhầm chị dâu,2,Phim Thái Lan,cô dâu chạy trốn,3,Khác,Yes,Changed,Phim Thái Lan -> Khác,,,,,,,,,
0772661,,hoc vien q,2,Khác,thiên nga bóng đêm,2,Phim Hàn Quốc,Yes,Changed,Khác -> Phim Hàn Quốc,,,,,,,,,
0823294,,bungou stray dogs season 1,2,Khác,inuyasha,2,Anime,Yes,Changed,Khác -> Anime,,,,,,,,,
0828629,,doremon,2,Anime,amee,10,Khác,Yes,Changed,Anime -> Khác,,,,,,,,,
0940063,,siêu nhân,11,Phim hoạt hình,siêu nhân,14,Phim hoạt hình,No,Unchanged,Unchanged,,,,,,,,,
0950539,,dự báo tình yêu và thời tiết,2,Khác,tiên nữ cử tạ kim bok joo,4,Phim Hàn Quốc,Yes,Changed,Khác -> Phim Hàn Quốc,,,,,,,,,
1012554,,thẩm phán ác ma,11,Phim Hàn Quốc,fairy tail,6,Anime,Yes,Changed,Phim Hàn Quốc -> Anime,,,,,,,,,
1128380,,cardcaptor sakura,3,Anime,vườn sao băng,2,Khác,Yes,Changed,Anime -> Khác,,,,,,,,,
1145162,,lời hứa với các vị thần,2,Khác,kim tich ha tich,2,Phim Trung Quốc,Yes,Changed,Khác -> Phim Trung Quốc,,,,,,,,,
1174405,,người đẹp tóc mây,8,Phim hoạt hình,người đẹp tóc mây,6,Phim hoạt hình,No,Unchanged,Unchanged,,,,,,,,,
1203499,,vườn sao băng,4,Khác,bằng chứng thép 1,3,Phim Hồng Kông,Yes,Changed,Khác -> Phim Hồng Kông,,,,,,,,,
1224898,,lạp tội đồ giám,3,Phim Trung Quốc,em là thành trì doanh lũy của anh,3,Phim Trung Quốc,Yes,Unchanged,Unchanged,,,,,,,,,
1332483,,như ý phương phi,2,Khác,pháp y tần minh,2,người đọc tâm : Phim Trung Quốc,Yes,Changed,Khác -> người đọc tâm : Phim Trung Quốc,,,,,,,,,
1879273,,tokyo revengers,2,Anime,hoi p,4,Khác,Yes,Changed,Anime -> Khác,,,,,,,,,
2112833,,daddy,2,Khác,đế vương,4,Khác,Yes,Unchanged,Unchanged,,,,,,,,,
2212899,,cặp đôi cảnh sát,2,Khác,conan,2,Anime,Yes,Changed,Khác -> Anime,,,,,,,,,
2295533,,bolero,2,Âm nhạc,laemxu,4,Khác,Yes,Changed,Âm nhạc -> Khác,,,,,,,,,
2304543,,bắt ma phá án,2,Phim Hàn Quốc,tái sinh báo thù,3,Phim ảnh,Yes,Changed,Phim Hàn Quốc -> Phim ảnh,,,,,,,,,
2371091,,mật danh iris,2,Khác,tam sinh tam thế thập lý đào hoa,4,Khác,Yes,Unchanged,Unchanged,,,,,,,,,
2388309,,baby shark remix,2,Âm nhạc thiếu nhi,em dung lai di,3,Khác,Yes,Changed,Âm nhạc thiếu nhi -> Khác,,,,,,,,,
2513881,,bolero,2,Âm nhạc,bolero,11,Âm nhạc,No,Unchanged,Unchanged,,,,,,,,,
2522077,,robot,2,Khác,chàng hậu,2,Phim Hàn Quốc,Yes,Changed,Khác -> Phim Hàn Quốc,,,,,,,,,
2737833,,ddoramon,10,Khác,liên minh công lý phiên bản của zack snyder,2,phiên bản của zack snyder : Phim chiếu rạp / Siêu anh hùng,Yes,Changed,Khác -> phiên bản của zack snyder : Phim chiếu rạp / Siêu anh hùng,,,,,,,,,
2747596,,fairy tail,2,Anime,fairy tail,6,Anime,No,Unchanged,Unchanged,,,,,,,,,
2812297,,liên minh công lý phiên bản của zack snyder,4,phiên bản của zack snyder : Phim chiếu rạp / Siêu anh hùng,liên minh công lý phiên bản của zack snyder,6,phiên bản của zack snyder : Phim chiếu rạp / Siêu anh hùng,No,Unchanged,Unchanged,,,,,,,,,
2812470,,beau,2,Khác,cùng em bay lượn theo gió,2,Phim Trung Quốc,Yes,Changed,Khác -> Phim Trung Quốc,,,,,,,,,
2829239,,isekai cheat,2,Khác,tìm kiếm bằng giọng nói,2,Tìm kiếm chung / Chức năng,Yes,Changed,Khác -> Tìm kiếm chung / Chức năng,,,,,,,,,
2851417,,kuroko,11,Khác,scooby doo,3,Khác,Yes,Unchanged,Unchanged,,,,,,,,,
3213764,,doraemon,5,Anime,bac s,2,Khác,Yes,Changed,Anime -> Khác,,,,,,,,,
3216688,,thương ngày nắng về,7,Phim Việt Nam,thiếu nhi,3,Tìm kiếm chung,Yes,Changed,Phim Việt Nam -> Tìm kiếm chung,,,,,,,,,
3569265,,cô nàng xinh đẹp,3,Phim Hàn Quốc,hoa du ký,3,Phim Hàn Quốc,Yes,Unchanged,Unchanged,,,,,,,,,
3672493,,phong khởi lũng tây,2,Khác,hoàng kim giáp,2,Khác,Yes,Unchanged,Unchanged,,,,,,,,,
3705775,,harry potter,2,Phim chiếu rạp / Giả tưởng,thiên nga bóng đêm,2,Phim Hàn Quốc,Yes,Changed,Phim chiếu rạp / Giả tưởng -> Phim Hàn Quốc,,,,,,,,,
370630,,luật sư vô pháp,2,Khác,orient,2,Anime,Yes,Changed,Khác -> Anime,,,,,,,,,
3725969,,sao băng,3,Khác,thiên nga bóng đêm,4,Phim Hàn Quốc,Yes,Changed,Khác -> Phim Hàn Quốc,,,,,,,,,
395128,,nữ thanh tra tài ba,6,Phim Hàn Quốc,nữ thanh tra tài ba,2,Phim Hàn Quốc,No,Unchanged,Unchanged,,,,,,,,,
3954688,,nam thang thanh,2,Khác,hoa gian tân nương,13,Phim Trung Quốc,Yes,Changed,Khác -> Phim Trung Quốc,,,,,,,,,
4000982,,thử thách thần chết giữa hai thế giới,4,giữa hai thế giới : Phim chiếu rạp / Giả tưởng,thử thách thần chết giữa hai thế giới,5,giữa hai thế giới : Phim chiếu rạp / Giả tưởng,No,Unchanged,Unchanged,,,,,,,,,
40114861,,penthouse 2,2,Phim Hàn Quốc,lưỡi gươm diệt quỷ,2,Anime,Yes,Changed,Phim Hàn Quốc -> Anime,,,,,,,,,
4013884,,deka,16,Khác,tsubasa,11,Khác,Yes,Unchanged,Unchanged,,,,,,,,,
40187117,,học viện quân sự liệt hỏa,3,Phim Trung Quốc,tam sinh tam thế thập lí đào hoa,2,Khác,Yes,Changed,Phim Trung Quốc -> Khác,,,,,,,,,
40198688,,thư tình em gái,2,Khác,áo trắng ngày xưa,2,Khác,Yes,Unchanged,Unchanged,,,,,,,,,
40201363,,gửi em người bất tử,2,Khác,chú thuật hồi chiến,3,Anime,Yes,Changed,Khác -> Anime,,,,,,,,,
40219119,,cảnh đẹp ngày vui biết bao giờ,3,Phim Trung Quốc,hạ cánh nơi,2,Khác,Yes,Changed,Phim Trung Quốc -> Khác,,,,,,,,,
40232610,,tube,9,Khác,tube,3,Khác,No,Unchanged,Unchanged,,,,,,,,,
40292181,,yêu nhầm chị dâu tập 29,3,Phim Thái Lan,khát vọng giàu sang phim thái lan,2,Phim Thái Lan,Yes,Unchanged,Unchanged,,,,,,,,,
40316203,,cậu bé rừng xanh,2,Khác,tôi thấy hoa vàng trên cỏ xanh,2,Phim Việt Nam,Yes,Changed,Khác -> Phim Việt Nam,,,,,,,,,
40339265,,doraemon nobita và cuộc chiến vũ trụ tí hon 2021,2,Anime,tôi thấy hoa vàng trên cỏ xanh,3,Phim Việt Nam,Yes,Changed,Anime -> Phim Việt Nam,,,,,,,,,
40385503,,tiểu nương tử nhà tướng quân,3,Phim Trung Quốc,thanh thanh tử khâm,5,Phim Trung Quốc,Yes,Unchanged,Unchanged,,,,,,,,,
40407718,,ông trùm tập 1,2,Khác,phim kháng nhật mới,3,Khác,Yes,Unchanged,Unchanged,,,,,,,,,
40420521,,sao băng,3,Khác,gangnam,2,Khác,Yes,Unchanged,Unchanged,,,,,,,,,
40457321,,vung,3,Khác,đông cung,2,Phim Trung Quốc,Yes,Changed,Khác -> Phim Trung Quốc,,,,,,,,,
40461329,,bolero music,2,Âm nhạc,nhạc bolero,2,Âm nhạc,Yes,Unchanged,Unchanged,,,,,,,,,
40495701,,định mệnh trái ngang,2,Khác,cuộc chiến những ngôi sao,2,Khác,Yes,Unchanged,Unchanged,,,,,,,,,
40521839,,một con vịt,5,Âm nhạc thiếu nhi,một con vịt,2,Âm nhạc thiếu nhi,No,Unchanged,Unchanged,,,,,,,,,
40581311,,thanh gươm diệt quỷ phần kỹ viện trấn,3,Anime,lofi,3,Khác,Yes,Changed,Anime -> Khác,,,,,,,,,
40621740,,slime,2,Khác,su tr,7,Khác,Yes,Unchanged,Unchanged,,,,,,,,,
40622990,,fairy tail,4,Anime,fairy tail,2,Anime,No,Unchanged,Unchanged,,,,,,,,,
40636718,,mắt xích hận thù,2,Phim Thái Lan,con tim sắt đá,2,Phim Thái Lan,Yes,Unchanged,Unchanged,,,,,,,,,
40797798,,why her,2,Phim Hàn Quốc,manh phi giá đáo,2,Khác,Yes,Changed,Phim Hàn Quốc -> Khác,,,,,,,,,
40899114,,em là thành trì doanh lũy của anh,3,Phim Trung Quốc,em đẹp nhất là khi mỉm cười,2,Phim Trung Quốc,Yes,Unchanged,Unchanged,,,,,,,,,
40929216,,ca cổ,4,Âm nhạc,sến,4,Âm nhạc,Yes,Unchanged,Unchanged,,,,,,,,,
40937065,,the sou,2,Khác,dao kiem than vuc,3,Khác,Yes,Unchanged,Unchanged,,,,,,,,,
4099203,,kairos,2,Phim Hàn Quốc,dunkirk,2,Khác,Yes,Changed,Phim Hàn Quốc -> Khác,,,,,,,,,
41007910,,trốn thoát,3,Khác,boruto,33,naruto the movie : Anime,Yes,Changed,Khác -> naruto the movie : Anime,,,,,,,,,
41008895,,thanh xà bạch xà,2,Khác,spy family,3,Khác,Yes,Unchanged,Unchanged,,,,,,,,,
41040946,,danh y,4,Khác,vận mệnh diệu kì,2,Khác,Yes,Unchanged,Unchanged,,,,,,,,,
41060050,,american action movies,2,Khác,sen,2,Âm nhạc,Yes,Changed,Khác -> Âm nhạc,,,,,,,,,
41064570,,hoa c,2,Khác,yêu tinh,2,Phim Hàn Quốc,Yes,Changed,Khác -> Phim Hàn Quốc,,,,,,,,,
41092957,,tìm kiếm bằng giọng nói,5,Tìm kiếm chung / Chức năng,tìm kiếm bằng giọng nói,4,Tìm kiếm chung / Chức năng,No,Unchanged,Unchanged,,,,,,,,,
41106252,,avatar,11,Khác,căn phòng đồ chơi phần 1,2,Khác,Yes,Unchanged,Unchanged,,,,,,,,,
41112288,,yêu nhầm chị dâu,10,Phim Thái Lan,yêu nhầm chị dâu,6,Phim Thái Lan,No,Unchanged,Unchanged,,,,,,,,,
41190371,,thử thách thần tượng running man,2,Chương trình truyền hình,running man,13,Chương trình truyền hình,Yes,Unchanged,Unchanged,,,,,,,,,
41212650,,boku no hero academia season 4,2,Anime,horimiya,11,Anime,Yes,Unchanged,Unchanged,,,,,,,,,
41224345,,youtube,4,Nền tảng,caraokee,3,Khác,Yes,Changed,Nền tảng -> Khác,,,,,,,,,
41245368,,giữa thanh xuân,4,Phim Trung Quốc,hậu duệ mặt trời,6,Phim Hàn Quốc,Yes,Changed,Phim Trung Quốc -> Phim Hàn Quốc,,,,,,,,,
4127141,,titan,2,Anime,nhất niệm vĩnh hằng,3,Khác,Yes,Changed,Anime -> Khác,,,,,,,,,
41280644,,ke cap,2,Khác,harry p,2,Khác,Yes,Unchanged,Unchanged,,,,,,,,,
41300701,,street woman fighter,3,Khác,be the smf,2,Khác,Yes,Unchanged,Unchanged,,,,,,,,,
41301423,,phim ca nhạc duyên phận 2,2,Âm nhạc,liên khúc,3,Âm nhạc,Yes,Unchanged,Unchanged,,,,,,,,,
41351365,,cuoc chien nhan tinh,2,Khác,minh châu rực rỡ,2,Phim Thái Lan,Yes,Changed,Khác -> Phim Thái Lan,,,,,,,,,
4135746,,4 năm 2 chàng 1 tình yêu,2,Khác,hyun bin,2,Khác,Yes,Unchanged,Unchanged,,,,,,,,,
41384025,,boruto,3,naruto the movie : Anime,4 anh em,2,Khác,Yes,Changed,naruto the movie : Anime -> Khác,,,,,,,,,
41515768,,lấy danh nghĩa người nhà,3,Phim Trung Quốc,overlord,2,Anime,Yes,Changed,Phim Trung Quốc -> Anime,,,,,,,,,
4152152,,cẩm tú nam ca,2,Khác,lê hấp đường phèn,2,Phim Trung Quốc,Yes,Changed,Khác -> Phim Trung Quốc,,,,,,,,,
41581968,,1 đời 1 kiếp,2,Khác,taxi driver,2,Phim Hàn Quốc,Yes,Changed,Khác -> Phim Hàn Quốc,,,,,,,,,
41595523,,liên minh công lý phiên bản của zack snyder,6,phiên bản của zack snyder : Phim chiếu rạp / Siêu anh hùng,liên minh công lý phiên bản của zack snyder,6,phiên bản của zack snyder : Phim chiếu rạp / Siêu anh hùng,No,Unchanged,Unchanged,,,,,,,,,
41641195,,tìm kiếm bằng giọng nói,2,Tìm kiếm chung / Chức năng,thvl1,3,Khác,Yes,Changed,Tìm kiếm chung / Chức năng -> Khác,,,,,,,,,
41667015,,chuyen s,3,Khác,su tro,2,Khác,Yes,Unchanged,Unchanged,,,,,,,,,
41694214,,thử thách thần tượng,2,Chương trình truyền hình,thử thách thần tượng,7,Chương trình truyền hình,No,Unchanged,Unchanged,,,,,,,,,
41779784,,mỹ n,2,Khác,yêu nhầm chị dâu,3,Phim Thái Lan,Yes,Changed,Khác -> Phim Thái Lan,,,,,,,,,
41852835,,miễn bầu trời còn có mặt trời,2,Phim Thái Lan,bạch phát vương phi,6,Phim Trung Quốc,Yes,Changed,Phim Thái Lan -> Phim Trung Quốc,,,,,,,,,
41860866,,nevertheless,2,Khác,yêu thầm anh xã,3,Phim Thái Lan,Yes,Changed,Khác -> Phim Thái Lan,,,,,,,,,
41898307,,trữ tình,2,Âm nhạc,siêu nhân,2,Phim hoạt hình,Yes,Changed,Âm nhạc -> Phim hoạt hình,,,,,,,,,
42048255,,một con vịt,7,Âm nhạc thiếu nhi,một con vịt,2,Âm nhạc thiếu nhi,No,Unchanged,Unchanged,,,,,,,,,
42072969,,được gặp em tại ngục tối liệu có sai phần 2,3,Khác,dịch vụ bạn gái thuê,2,Khác,Yes,Unchanged,Unchanged,,,,,,,,,
42103699,,trữ tình,3,Âm nhạc,trữ tình,3,Âm nhạc,No,Unchanged,Unchanged,,,,,,,,,
4210937,,titanic,2,Anime,siêu nhân,3,Phim hoạt hình,Yes,Changed,Anime -> Phim hoạt hình,,,,,,,,,
42116974,,đường hầm,5,Khác,thám t,2,Khác,Yes,Unchanged,Unchanged,,,,,,,,,
42119941,,vampire blood,2,Khác,trò chơi vương quyền s1,2,Khác,Yes,Unchanged,Unchanged,,,,,,,,,
42122769,,anh hùng,2,Khác,mở phim thiếu nhi,3,Tìm kiếm chung,Yes,Changed,Khác -> Tìm kiếm chung,,,,,,,,,
42149214,,xem kênh vĩnh long 1 trên bắp,9,Khác,xem kênh vtc1,11,Khác,Yes,Unchanged,Unchanged,,,,,,,,,
42173844,,vòng nhẫn cưới,3,Khác,xua đi huyền thoại trường vũ,2,Khác,Yes,Unchanged,Unchanged,,,,,,,,,
42181171,,bống bống bang bang karaoke,6,Âm nhạc thiếu nhi,người nhện trở về nhà,3,không còn nhà : Phim chiếu rạp / Siêu anh hùng,Yes,Changed,Âm nhạc thiếu nhi -> không còn nhà : Phim chiếu rạp / Siêu anh hùng,,,,,,,,,
42185999,,doremon,2,Anime,thanh thanh tử khâm,2,Phim Trung Quốc,Yes,Changed,Anime -> Phim Trung Quốc,,,,,,,,,
42190619,,khu rừng bí mật,2,Khác,yeu tha,2,Khác,Yes,Unchanged,Unchanged,,,,,,,,,
42207964,,toaru,5,Khác,yuri,2,Khác,Yes,Unchanged,Unchanged,,,,,,,,,
42221115,,chọn ai đây,2,Khác,chọn ai đây,2,Khác,No,Unchanged,Unchanged,,,,,,,,,
42249983,,fairy tail,4,Anime,fairy tail,13,Anime,No,Unchanged,Unchanged,,,,,,,,,
42255930,,dog,5,Động vật,siêu nhân,2,Phim hoạt hình,Yes,Changed,Động vật -> Phim hoạt hình,,,,,,,,,
42256674,,bạn trai tôi là hồ ly,3,Phim Hàn Quốc,luu l,5,Khác,Yes,Changed,Phim Hàn Quốc -> Khác,,,,,,,,,
42257999,,chàng hậu,16,Phim Hàn Quốc,flipped,5,Khác,Yes,Changed,Phim Hàn Quốc -> Khác,,,,,,,,,
42264323,,hoi p,2,Khác,vanitas,2,Khác,Yes,Unchanged,Unchanged,,,,,,,,,
42273826,,soni,2,Khác,papillon,5,Khác,Yes,Unchanged,Unchanged,,,,,,,,,
42285105,,lửa chiến,4,Khác,dog,2,Động vật,Yes,Changed,Khác -> Động vật,,,,,,,,,
42324451,,liên minh công lý phiên bản của zack snyder,16,phiên bản của zack snyder : Phim chiếu rạp / Siêu anh hùng,liên minh công lý phiên bản của zack snyder,6,phiên bản của zack snyder : Phim chiếu rạp / Siêu anh hùng,No,Unchanged,Unchanged,,,,,,,,,
42326794,,kênh vtv1,8,Kênh truyền hình,kênh vtv1,2,Kênh truyền hình,No,Unchanged,Unchanged,,,,,,,,,
42332926,,naruto,5,Anime,lưỡi gươm diệt quỷ,3,Anime,Yes,Unchanged,Unchanged,,,,,,,,,
42335504,,mộng hoa lục,2,Phim ảnh,thanh thanh tử khâm,2,Phim Trung Quốc,Yes,Changed,Phim ảnh -> Phim Trung Quốc,,,,,,,,,
42355304,,những tháng năm rực rỡ,4,Khác,cuoi lai di anh,2,Khác,Yes,Unchanged,Unchanged,,,,,,,,,
42356153,,hoa của quỷ thuyet minh,2,Phim Hàn Quốc,tinh han xan nan,2,Khác,Yes,Changed,Phim Hàn Quốc -> Khác,,,,,,,,,
42417626,,con tim,2,Khác,nhất kiến khuynh tâm,12,Phim Trung Quốc,Yes,Changed,Khác -> Phim Trung Quốc,,,,,,,,,
42445208,,baby shark,6,Âm nhạc thiếu nhi,baby shark,4,Âm nhạc thiếu nhi,No,Unchanged,Unchanged,,,,,,,,,
42479060,,tìm kiếm bằng giọng nói,7,Tìm kiếm chung / Chức năng,tìm kiếm bằng giọng nói,8,Tìm kiếm chung / Chức năng,No,Unchanged,Unchanged,,,,,,,,,
42503709,,trữ tình,16,Âm nhạc,trữ tình,10,Âm nhạc,No,Unchanged,Unchanged,,,,,,,,,
42506881,,fairy tail,2,Anime,melancholia,2,Khác,Yes,Changed,Anime -> Khác,,,,,,,,,
42510826,,ca nhạc,5,Âm nhạc,ca nhạc,4,Âm nhạc,No,Unchanged,Unchanged,,,,,,,,,
42541939,,nghệ an,2,Khác,lý tiểu long và tôi,3,Phim ảnh,Yes,Changed,Khác -> Phim ảnh,,,,,,,,,
42565119,,học viện anh hùng phần 2,3,Anime,jujutsu kaisen,2,Anime,Yes,Unchanged,Unchanged,,,,,,,,,
42605927,,tam quốc,4,Khác,tam quốc diễn nghĩa,4,Khác,Yes,Unchanged,Unchanged,,,,,,,,,
42621690,,trữ tình,10,Âm nhạc,trữ tình,4,Âm nhạc,No,Unchanged,Unchanged,,,,,,,,,
42622924,,liên minh công lý phiên bản của zack snyder,4,phiên bản của zack snyder : Phim chiếu rạp / Siêu anh hùng,liên minh công lý phiên bản của zack snyder,3,phiên bản của zack snyder : Phim chiếu rạp / Siêu anh hùng,No,Unchanged,Unchanged,,,,,,,,,
42644845,,lưu ly mỹ nhân sát,3,Phim Trung Quốc,võ tắc thiên,13,Phim Trung Quốc,Yes,Unchanged,Unchanged,,,,,,,,,
42657355,,mẹ ma,3,Phim chiếu rạp / Kinh dị,siêu nhân,3,Phim hoạt hình,Yes,Changed,Phim chiếu rạp / Kinh dị -> Phim hoạt hình,,,,,,,,,
42658366,,ngoại tình,12,Khác,ngoại tình,2,Khác,No,Unchanged,Unchanged,,,,,,,,,
42661955,,bolero,4,Âm nhạc,bolero,12,Âm nhạc,No,Unchanged,Unchanged,,,,,,,,,
42682510,,thanh,2,Khác,tìm kiếm bằng giọng nói,2,Tìm kiếm chung / Chức năng,Yes,Changed,Khác -> Tìm kiếm chung / Chức năng,,,,,,,,,
42699418,,doraemon,9,Anime,luu l,20,Khác,Yes,Changed,Anime -> Khác,,,,,,,,,
42736133,,tube,2,Khác,tôi thấy hoa vàng trên cỏ xanh,2,Phim Việt Nam,Yes,Changed,Khác -> Phim Việt Nam,,,,,,,,,
42774125,,tìm kiếm bằng giọng nói,5,Tìm kiếm chung / Chức năng,tìm kiếm bằng giọng nói,3,Tìm kiếm chung / Chức năng,No,Unchanged,Unchanged,,,,,,,,,
42785442,,bạn muốn hẹn hò,2,Chương trình truyền hình,bạn muốn hẹn hò,2,Chương trình truyền hình,No,Unchanged,Unchanged,,,,,,,,,
42798850,,han hyo joo,4,Khác,truyen co,2,Khác,Yes,Unchanged,Unchanged,,,,,,,,,
42809205,,sài gòn trong cơn mưa,2,Khác,nỗi vương vấn của hạ tiên sinh,2,Phim Trung Quốc,Yes,Changed,Khác -> Phim Trung Quốc,,,,,,,,,
42831019,,trữ tình,2,Âm nhạc,thiếu nhi,5,Tìm kiếm chung,Yes,Changed,Âm nhạc -> Tìm kiếm chung,,,,,,,,,
42835411,,home alone,2,Khác,rio,5,Khác,Yes,Unchanged,Unchanged,,,,,,,,,
42879892,,cá mực hầm mật,2,Phim Trung Quốc,định mệnh anh yêu em,2,Phim Đài Loan,Yes,Changed,Phim Trung Quốc -> Phim Đài Loan,,,,,,,,,
42881313,,gundam,2,Anime,evangelion,14,Khác,Yes,Changed,Anime -> Khác,,,,,,,,,
42916997,,siêu nhân,4,Phim hoạt hình,siêu nhân,2,Phim hoạt hình,No,Unchanged,Unchanged,,,,,,,,,
42927289,,thiếu nhi,2,Tìm kiếm chung,thiếu nhi,2,Tìm kiếm chung,No,Unchanged,Unchanged,,,,,,,,,
42930263,,câu chuyện lúc nửa đêm 2 halloween quỷ ám,2,Khác,kẻ trộm mặt trăng minions,2,minions : Phim hoạt hình,Yes,Changed,Khác -> minions : Phim hoạt hình,,,,,,,,,
42936528,,hoi p,39,Khác,overlord iii,3,Anime,Yes,Changed,Khác -> Anime,,,,,,,,,
42948062,,thiếu nhi,7,Tìm kiếm chung,thiếu nhi,4,Tìm kiếm chung,No,Unchanged,Unchanged,,,,,,,,,
42963187,,anh thơ,2,Khác,tuấn ngọc,2,Khác,Yes,Unchanged,Unchanged,,,,,,,,,
42967079,,hội pháp sư,2,Anime,hội pháp sư,20,Anime,No,Unchanged,Unchanged,,,,,,,,,
42977241,,dịch vụ giao hàng của phù thủy kiki,2,Khác,tiệm tóc thời trang,3,Khác,Yes,Unchanged,Unchanged,,,,,,,,,
42984325,,dien shi co sao,2,Khác,mai a,2,Khác,Yes,Unchanged,Unchanged,,,,,,,,,
42987567,,liên minh công lý phiên bản của zack snyder,17,phiên bản của zack snyder : Phim chiếu rạp / Siêu anh hùng,liên minh công lý phiên bản của zack snyder,7,phiên bản của zack snyder : Phim chiếu rạp / Siêu anh hùng,No,Unchanged,Unchanged,,,,,,,,,
42997241,,thế giới khủng long,2,Phim chiếu rạp,anh không thích thế giới này anh chỉ thích em,2,Phim Trung Quốc,Yes,Changed,Phim chiếu rạp -> Phim Trung Quốc,,,,,,,,,
43111739,,thiếu nhi,12,Tìm kiếm chung,thiếu nhi,6,Tìm kiếm chung,No,Unchanged,Unchanged,,,,,,,,,
43353862,,hát cho người nằm xuống,2,Khác,thủy thủ và biển cả,2,Khác,Yes,Unchanged,Unchanged,,,,,,,,,
43378815,,dr stone,2,Anime,saiki,2,Anime,Yes,Unchanged,Unchanged,,,,,,,,,
43481470,,morbius,2,Khác,hạnh phúc đến vạn gia,4,Phim Trung Quốc,Yes,Changed,Khác -> Phim Trung Quốc,,,,,,,,,
43539456,,bolero,5,Âm nhạc,bolero,6,Âm nhạc,No,Unchanged,Unchanged,,,,,,,,,
43545609,,toán lớp 2 chương trình cũ,7,Tìm kiếm chung / Học tập,toán lớp 2 chương trình cũ,11,Tìm kiếm chung / Học tập,No,Unchanged,Unchanged,,,,,,,,,
43603911,,khủng long,2,Động vật,khủng long,10,Động vật,No,Unchanged,Unchanged,,,,,,,,,
43639420,,em la,2,Khác,hon nhan,2,Khác,Yes,Unchanged,Unchanged,,,,,,,,,
43650819,,khách sạn huyền bí 2,3,Khác,sự trỗi dậy của gru,2,Khác,Yes,Unchanged,Unchanged,,,,,,,,,
43723117,,penthouses cuộc chiến thượng lưu,3,Phim Hàn Quốc,tai sa,2,Khác,Yes,Changed,Phim Hàn Quốc -> Khác,,,,,,,,,
43750424,,prime provider,11,Khác,prime provider,2,Khác,No,Unchanged,Unchanged,,,,,,,,,
43773807,,su tr,5,Khác,su tr,3,Khác,No,Unchanged,Unchanged,,,,,,,,,
43787525,,tư đằng,3,Phim Trung Quốc,chàng hậu,2,Phim Hàn Quốc,Yes,Changed,Phim Trung Quốc -> Phim Hàn Quốc,,,,,,,,,
43944516,,vườn sao băng,2,Khác,bí mật nàng fa,2,Khác,Yes,Unchanged,Unchanged,,,,,,,,,
43955282,,hoa của quỷ,2,Phim Hàn Quốc,hương mật tựa khói sương,2,Phim Trung Quốc,Yes,Changed,Phim Hàn Quốc -> Phim Trung Quốc,,,,,,,,,
43959656,,hội pháp sư,2,Anime,hội pháp sư,26,Anime,No,Unchanged,Unchanged,,,,,,,,,
43989542,,lưu ly mỹ nhân sát,6,Phim Trung Quốc,cùng em đi đến tận cùng thế giới,4,Phim Trung Quốc,Yes,Unchanged,Unchanged,,,,,,,,,
44013006,,con trâu,8,Khác,con trâu,9,Khác,No,Unchanged,Unchanged,,,,,,,,,
44027733,,quý ông hoàn hảo và cô nàng tạm được,2,Phim Trung Quốc,hậu duệ mặt trời phần 1,3,Phim Hàn Quốc,Yes,Changed,Phim Trung Quốc -> Phim Hàn Quốc,,,,,,,,,
44050418,,thuyết minh thanh gươm diệt quỷ,2,Anime,one piece phim,3,phim : Anime,Yes,Changed,Anime -> phim : Anime,,,,,,,,,
44050502,,liên minh công lý phiên bản của zack snyder,2,phiên bản của zack snyder : Phim chiếu rạp / Siêu anh hùng,liên minh công lý phiên bản của zack snyder,4,phiên bản của zack snyder : Phim chiếu rạp / Siêu anh hùng,No,Unchanged,Unchanged,,,,,,,,,
44154921,,hôn nhân không hẹn hò,2,Phim Hàn Quốc,mãi mãi trong tim em,2,Khác,Yes,Changed,Phim Hàn Quốc -> Khác,,,,,,,,,
44177432,,tân cổ giao duyên,2,Khác,lô tô út móm,2,Khác,Yes,Unchanged,Unchanged,,,,,,,,,
44215913,,kẻ săn người,3,Khác,hương mật,4,Khác,Yes,Unchanged,Unchanged,,,,,,,,,
44273455,,nevertheless,3,Khác,vincenzo,3,Phim Hàn Quốc,Yes,Changed,Khác -> Phim Hàn Quốc,,,,,,,,,
44313369,,baby,2,Khác,một con vịt,2,Âm nhạc thiếu nhi,Yes,Changed,Khác -> Âm nhạc thiếu nhi,,,,,,,,,
44367787,,robinson lạc trên hoang đảo,2,Khác,thính tuyết lâu,4,Phim Trung Quốc,Yes,Changed,Khác -> Phim Trung Quốc,,,,,,,,,
44406531,,inuyasa,11,Khác,co nang d,2,Khác,Yes,Unchanged,Unchanged,,,,,,,,,
44500937,,tổng hợp tất cả bàn thắng của ac milan tại serie a 2019 2020,17,Khác,tổng hợp tất cả bàn thắng của ac milan tại serie a 2019 2020,18,Khác,No,Unchanged,Unchanged,,,,,,,,,
44522640,,vũ,2,Khác,fruits basket,2,Khác,Yes,Unchanged,Unchanged,,,,,,,,,
44523809,,bóng chuyền,4,Khác,one piece,3,phim : Anime,Yes,Changed,Khác -> phim : Anime,,,,,,,,,
44550746,,bac si luat su,2,Y khoa,yoo jae suk,2,Khác,Yes,Changed,Y khoa -> Khác,,,,,,,,,
44555065,,con tim sắt đá,2,Phim Thái Lan,lãng khách,2,Khác,Yes,Changed,Phim Thái Lan -> Khác,,,,,,,,,
44555608,,tam b,5,Khác,thanh thanh tử khâm,4,Phim Trung Quốc,Yes,Changed,Khác -> Phim Trung Quốc,,,,,,,,,
44589597,,sao băng,2,Khác,tư đằng,2,Phim Trung Quốc,Yes,Changed,Khác -> Phim Trung Quốc,,,,,,,,,
44672012,,harry potter,2,Phim chiếu rạp / Giả tưởng,kẻ trộm mặt trăng minions,2,minions : Phim hoạt hình,Yes,Changed,Phim chiếu rạp / Giả tưởng -> minions : Phim hoạt hình,,,,,,,,,
44678073,,dr stone,4,Anime,jujutsu kaisen,2,Anime,Yes,Unchanged,Unchanged,,,,,,,,,
44680165,,vẫn cứ thích em,2,Khác,gái ngành thông thái phần 1,2,Khác,Yes,Unchanged,Unchanged,,,,,,,,,
44683007,,cũng chỉ là hạt bụi,2,Khác,anh chỉ thích em,2,Khác,Yes,Unchanged,Unchanged,,,,,,,,,
44698794,,cuộc chiến,2,Khác,cuộc chiến,7,Khác,No,Unchanged,Unchanged,,,,,,,,,
44737874,,những kẻ buôn lậu bên trong tam giác vàng,2,Khác,cô dâu đại chiến,2,Khác,Yes,Unchanged,Unchanged,,,,,,,,,
44773014,,hạ cánh nơi anh,2,Phim Hàn Quốc,tam sinh tam thế thập lý anh đào,2,Khác,Yes,Changed,Phim Hàn Quốc -> Khác,,,,,,,,,
44809346,,khi màn đêm gợn sóng,2,Phim Trung Quốc,yêu thầm anh xã,2,Phim Thái Lan,Yes,Changed,Phim Trung Quốc -> Phim Thái Lan,,,,,,,,,
4481629,,can l,8,Khác,magg,11,Khác,Yes,Unchanged,Unchanged,,,,,,,,,
44852550,,paw patrol,2,Phim hoạt hình,paw patrol,2,Phim hoạt hình,No,Unchanged,Unchanged,,,,,,,,,
44898681,,naruto,6,Anime,đại chiến titan,3,Anime,Yes,Unchanged,Unchanged,,,,,,,,,
44931082,,chạm vào tim em,3,Khác,sakura,4,Khác,Yes,Unchanged,Unchanged,,,,,,,,,
44932021,,phù thủy tòa án,2,Khác,bác sĩ yo han,3,Phim Hàn Quốc,Yes,Changed,Khác -> Phim Hàn Quốc,,,,,,,,,
44950507,,kẻ săn người,2,Khác,danh sách mua sắm của kẻ sát nhân,4,Phim Hàn Quốc,Yes,Changed,Khác -> Phim Hàn Quốc,,,,,,,,,
44975199,,tây du ký,2,Phim Trung Quốc,tây du ký,2,Phim Trung Quốc,No,Unchanged,Unchanged,,,,,,,,,
45005470,,nữ thanh tra tài ba,3,Phim Hàn Quốc,cú lội ngược dòng,2,Khác,Yes,Changed,Phim Hàn Quốc -> Khác,,,,,,,,,
45014233,,pinocchio,18,Khác,mây họa ánh trăng,4,Phim Hàn Quốc,Yes,Changed,Khác -> Phim Hàn Quốc,,,,,,,,,
45076659,,sao băng,2,Khác,hoi p,2,Khác,Yes,Unchanged,Unchanged,,,,,,,,,
45090246,,yêu em từ cái nhìn đầu tiên,5,Phim Trung Quốc,yêu thầm anh xã,3,Phim Thái Lan,Yes,Changed,Phim Trung Quốc -> Phim Thái Lan,,,,,,,,,
45159193,,one piece phim,3,phim : Anime,delicious,5,Khác,Yes,Changed,phim : Anime -> Khác,,,,,,,,,
45167989,,con cào cào,4,Âm nhạc thiếu nhi,taxi em tên gì,2,Phim Việt Nam,Yes,Changed,Âm nhạc thiếu nhi -> Phim Việt Nam,,,,,,,,,
45212064,,fairy,4,Khác,fairy,7,Khác,No,Unchanged,Unchanged,,,,,,,,,
45244730,,hương rừng,2,Khác,hương rừng,4,Khác,No,Unchanged,Unchanged,,,,,,,,,
45322012,,kênh truyền hình đồng tháp,6,Khác,kênh truyền hình vĩnh long 1,2,Khác,Yes,Unchanged,Unchanged,,,,,,,,,
45331954,,conan,3,Anime,ca co manh,2,Âm nhạc,Yes,Changed,Anime -> Âm nhạc,,,,,,,,,
45334187,,thiếu nhi,2,Tìm kiếm chung,thiếu nhi,3,Tìm kiếm chung,No,Unchanged,Unchanged,,,,,,,,,
45364316,,chú thuật hồi chiến,2,Anime,thủ lĩnh thẻ bài,2,Anime,Yes,Unchanged,Unchanged,,,,,,,,,
45436404,,sao băng,2,Khác,tại sao lại là oh soo jae,2,Phim Hàn Quốc,Yes,Changed,Khác -> Phim Hàn Quốc,,,,,,,,,
45465144,,heo peppa,12,Phim hoạt hình,heo peppa,8,Phim hoạt hình,No,Unchanged,Unchanged,,,,,,,,,
45531495,,saiki,9,Anime,ten ban la gi,2,Khác,Yes,Changed,Anime -> Khác,,,,,,,,,
4554030,,liên minh công lý phiên bản của zack snyder,2,phiên bản của zack snyder : Phim chiếu rạp / Siêu anh hùng,peaches,3,Khác,Yes,Changed,phiên bản của zack snyder : Phim chiếu rạp / Siêu anh hùng -> Khác,,,,,,,,,
45642842,,em đẹp nhất là khi mỉm cười,3,Phim Trung Quốc,học viện quân sự liệt hỏa,8,Phim Trung Quốc,Yes,Unchanged,Unchanged,,,,,,,,,
45656643,,thám tử lừng danh conan,2,Anime,huyền thoại đôi cánh,3,Khác,Yes,Changed,Anime -> Khác,,,,,,,,,
45751092,,lưỡi gươm diệt quỷ,3,Anime,cô nàng xinh đẹp,4,Phim Hàn Quốc,Yes,Changed,Anime -> Phim Hàn Quốc,,,,,,,,,
45762337,,google,5,Khác,youtube,9,Nền tảng,Yes,Changed,Khác -> Nền tảng,,,,,,,,,
45785367,,cô nàng mạnh mẽ do bong soon,2,Khác,vtv3,2,Kênh truyền hình,Yes,Changed,Khác -> Kênh truyền hình,,,,,,,,,
45827638,,nastya,6,Khác,cẩm tú vị ương,2,Khác,Yes,Unchanged,Unchanged,,,,,,,,,
45836498,,mở youtube phim lẻ,33,Nền tảng,mở youtube phim lẻ,23,Nền tảng,No,Unchanged,Unchanged,,,,,,,,,
45939698,,attack on titan final season,2,Anime,attack on titan final season,2,Anime,No,Unchanged,Unchanged,,,,,,,,,
46040307,,oh my boss,2,Khác,f4,2,Giải trí,Yes,Changed,Khác -> Giải trí,,,,,,,,,
46162481,,hậu cung như ý truyện,2,Phim Trung Quốc,tư đằng,3,Phim Trung Quốc,Yes,Unchanged,Unchanged,,,,,,,,,
46272899,,knight s and magic,2,Khác,thử thách thần tượng running man,2,Chương trình truyền hình,Yes,Changed,Khác -> Chương trình truyền hình,,,,,,,,,
46687148,,tiểu sử chàng nokdu,3,Khác,đại đường minh nguyệt,2,Phim Trung Quốc,Yes,Changed,Khác -> Phim Trung Quốc,,,,,,,,,
46698240,,sam sam đến rồi,2,Phim Trung Quốc,yeu em tu,3,Khác,Yes,Changed,Phim Trung Quốc -> Khác,,,,,,,,,
46866632,,liên minh công lý phiên bản của zack snyder,5,phiên bản của zack snyder : Phim chiếu rạp / Siêu anh hùng,liên minh công lý phiên bản của zack snyder,3,phiên bản của zack snyder : Phim chiếu rạp / Siêu anh hùng,No,Unchanged,Unchanged,,,,,,,,,
46899297,,vì em đã đến,3,Khác,cố lên cậu là tuyệt nhất,2,Khác,Yes,Unchanged,Unchanged,,,,,,,,,
46922218,,lưu ly mỹ nhân sát,2,Phim Trung Quốc,hương mật tựa khói sương,2,Phim Trung Quốc,Yes,Unchanged,Unchanged,,,,,,,,,
46937480,,dạ lại hương,2,Khác,em đẹp nhất là khi mỉm cười,2,Phim Trung Quốc,Yes,Changed,Khác -> Phim Trung Quốc,,,,,,,,,
47102284,,liên minh công lý phiên bản của zack snyder,2,phiên bản của zack snyder : Phim chiếu rạp / Siêu anh hùng,liên minh công lý phiên bản của zack snyder,2,phiên bản của zack snyder : Phim chiếu rạp / Siêu anh hùng,No,Unchanged,Unchanged,,,,,,,,,
47145798,,nhảy,3,Khác,siêu nhân tiga,2,Phim hoạt hình,Yes,Changed,Khác -> Phim hoạt hình,,,,,,,,,
47194052,,why hẻ,3,Khác,tại sao lại là oh soo jae,2,Phim Hàn Quốc,Yes,Changed,Khác -> Phim Hàn Quốc,,,,,,,,,
47212336,,thiên nga bóng đêm,3,Phim Hàn Quốc,hạnh phúc đến vạn gia,2,Phim Trung Quốc,Yes,Changed,Phim Hàn Quốc -> Phim Trung Quốc,,,,,,,,,
47286434,,bad fairy,2,Khác,fairy tail,3,Anime,Yes,Changed,Khác -> Anime,,,,,,,,,
47338963,,thanh gươm diệt quỷ,3,Anime,thanh gươm diệt quỷ,2,Anime,No,Unchanged,Unchanged,,,,,,,,,
47365474,,trữ tình,7,Âm nhạc,siêu nhân,2,Phim hoạt hình,Yes,Changed,Âm nhạc -> Phim hoạt hình,,,,,,,,,
47609518,,mị nguyệt truyện,2,Phim Trung Quốc,doi so,2,Khác,Yes,Changed,Phim Trung Quốc -> Khác,,,,,,,,,
47627539,,yowanmushi,4,Khác,tan bach,5,Khác,Yes,Unchanged,Unchanged,,,,,,,,,
47672306,,em là thành trì doanh lũy của anh,2,Phim Trung Quốc,cánh thiên nga,2,Khác,Yes,Changed,Phim Trung Quốc -> Khác,,,,,,,,,
47688071,,hương mật tựa khói sương,8,Phim Trung Quốc,con tim sắt đá,2,Phim Thái Lan,Yes,Changed,Phim Trung Quốc -> Phim Thái Lan,,,,,,,,,
47747695,,sakura thủ lĩnh thẻ bài,3,Anime,kirito,12,Khác,Yes,Changed,Anime -> Khác,,,,,,,,,
4783826,,penthouse 2,3,Phim Hàn Quốc,thanh gươm diệt quỷ phần kỹ viện trấn,4,Anime,Yes,Changed,Phim Hàn Quốc -> Anime,,,,,,,,,
47885959,,hẹn hò chốn công sở,2,Khác,yêu tinh,2,Phim Hàn Quốc,Yes,Changed,Khác -> Phim Hàn Quốc,,,,,,,,,
47957458,,quá nhanh quá nguy hiểm,4,Khác,kẻ trộm mặt trăng minions,2,minions : Phim hoạt hình,Yes,Changed,Khác -> minions : Phim hoạt hình,,,,,,,,,
48010508,,hoacủaquỷ,2,Khác,khu rừng bí ẩn,2,Khác,Yes,Unchanged,Unchanged,,,,,,,,,
48107257,,trữ tình,10,Âm nhạc,trữ tình,7,Âm nhạc,No,Unchanged,Unchanged,,,,,,,,,
48117816,,thương ngày nắng về,2,Phim Việt Nam,chàng hậu,2,Phim Hàn Quốc,Yes,Changed,Phim Việt Nam -> Phim Hàn Quốc,,,,,,,,,
48123142,,châu tinh trì phủ nhận yêu người đẹp kém 42 tuổi,2,Tìm kiếm chung / Tin tức giải trí,điệp viên 007 bóng ma,3,Tâm linh,Yes,Changed,Tìm kiếm chung / Tin tức giải trí -> Tâm linh,,,,,,,,,
48246899,,tôn ngộ không đại náo new york,2,Khác,truyện cổ tích việt nam phần 1,2,Tìm kiếm chung,Yes,Changed,Khác -> Tìm kiếm chung,,,,,,,,,
48286595,,trữ tình,3,Âm nhạc,trữ tình,2,Âm nhạc,No,Unchanged,Unchanged,,,,,,,,,
48299084,,ca nhạc,7,Âm nhạc,ca nhạc,4,Âm nhạc,No,Unchanged,Unchanged,,,,,,,,,
48460113,,cô gái vót chông,2,Khác,sống miền tây,2,Khác,Yes,Unchanged,Unchanged,,,,,,,,,
48470510,,một con vịt,23,Âm nhạc thiếu nhi,một con vịt,24,Âm nhạc thiếu nhi,No,Unchanged,Unchanged,,,,,,,,,
48508548,,siêu nhân,2,Phim hoạt hình,cháu yêu bà,2,Âm nhạc thiếu nhi,Yes,Changed,Phim hoạt hình -> Âm nhạc thiếu nhi,,,,,,,,,
48581665,,ván bài lật ngửa tập 3 phát súng trên cao nguyên,4,Khác,khi bố gặp mẹ,2,Khác,Yes,Unchanged,Unchanged,,,,,,,,,
48609488,,i land,2,Khác,queendom,2,Chương trình Hàn Quốc,Yes,Changed,Khác -> Chương trình Hàn Quốc,,,,,,,,,
4861850,,bắt ma phá án,2,Phim Hàn Quốc,kẻ trộm mặt trăng minions,2,minions : Phim hoạt hình,Yes,Changed,Phim Hàn Quốc -> minions : Phim hoạt hình,,,,,,,,,
48634234,,cặp đôi trái ngược,3,Phim Hàn Quốc,shokugeki no souma san no sara shokugeki no souma season 3,5,Khác,Yes,Changed,Phim Hàn Quốc -> Khác,,,,,,,,,
48682495,,học viện anh hùng phần 1,4,Anime,học viện anh hùng phần 5,4,Anime,Yes,Unchanged,Unchanged,,,,,,,,,
48690691,,nhóc trùm,2,Khác,fairy tail,2,Anime,Yes,Changed,Khác -> Anime,,,,,,,,,
4872394,,boruto naruto the movie,8,Anime,hoa mộc lan,3,Khác,Yes,Changed,Anime -> Khác,,,,,,,,,
48783722,,ma vuong,2,Tâm linh,naruto,9,Anime,Yes,Changed,Tâm linh -> Anime,,,,,,,,,
48802548,,liên minh công lý phiên bản của zack snyder,6,phiên bản của zack snyder : Phim chiếu rạp / Siêu anh hùng,liên minh công lý phiên bản của zack snyder,2,phiên bản của zack snyder : Phim chiếu rạp / Siêu anh hùng,No,Unchanged,Unchanged,,,,,,,,,
48854595,,mị nghuyệt truyệt,2,Khác,mị nghuyệt truyệt,4,Khác,No,Unchanged,Unchanged,,,,,,,,,
488873,,hiệp sĩ lưu ban,2,Khác,bleach,2,Anime,Yes,Changed,Khác -> Anime,,,,,,,,,
48927479,,cậu bé mất tích,2,Phim truyền hình / Viễn tưởng (Stranger Things),movie female special agent,2,Khác,Yes,Changed,Phim truyền hình / Viễn tưởng (Stranger Things) -> Khác,,,,,,,,,
49031231,,tìm kiếm bằng giọng nói,2,Tìm kiếm chung / Chức năng,than tham,3,Khác,Yes,Changed,Tìm kiếm chung / Chức năng -> Khác,,,,,,,,,
49038306,,thế giới động vật,6,Tìm kiếm chung / Tài liệu,thế giới động vật,2,Tìm kiếm chung / Tài liệu,No,Unchanged,Unchanged,,,,,,,,,
49094100,,sao băng,2,Khác,khách sạn ma quái,3,Phim Hàn Quốc,Yes,Changed,Khác -> Phim Hàn Quốc,,,,,,,,,
49117101,,voice,3,Phim Hàn Quốc,gửi em người bất tử,4,Khác,Yes,Changed,Phim Hàn Quốc -> Khác,,,,,,,,,
49130641,,cuộc chiến thượng lưu p3,5,Phim Hàn Quốc,bệnh viện nhân ái,2,Khác,Yes,Changed,Phim Hàn Quốc -> Khác,,,,,,,,,
49144978,,conan,2,Anime,naruto,2,Anime,Yes,Unchanged,Unchanged,,,,,,,,,
49158373,,bạn trai tôi là hồ ly,8,Phim Hàn Quốc,yeu em t,4,Khác,Yes,Changed,Phim Hàn Quốc -> Khác,,,,,,,,,
49184696,,gay tv,2,Khác,mi go,4,Khác,Yes,Unchanged,Unchanged,,,,,,,,,
49190164,,ac,2,Khác,kẻ rình mồi,6,Khác,Yes,Unchanged,Unchanged,,,,,,,,,
49192372,,attack on titan final season,5,Anime,sword art online alicization,15,alicization : Anime,Yes,Changed,Anime -> alicization : Anime,,,,,,,,,
49193191,,prime provider,7,Khác,prime provider,5,Khác,No,Unchanged,Unchanged,,,,,,,,,
49258658,,penthouse3,2,Phim Hàn Quốc,penthouse,3,Phim Hàn Quốc,Yes,Unchanged,Unchanged,,,,,,,,,
49262655,,thiên tài lang băm,20,Phim Hàn Quốc,xin đừng gặp anh ấy,10,Phim Hàn Quốc,Yes,Unchanged,Unchanged,,,,,,,,,
49283637,,drurara,9,Khác,chuyển sinh thành nhện,2,Anime,Yes,Changed,Khác -> Anime,,,,,,,,,
49320365,,nữ thanh tra tài ba,2,Phim Hàn Quốc,gio p,3,Khác,Yes,Changed,Phim Hàn Quốc -> Khác,,,,,,,,,
49320685,,cảnh sát người máy,2,Khác,overlord ii,4,Anime,Yes,Changed,Khác -> Anime,,,,,,,,,
49328325,,dien,4,Khác,dien hy cong luoc,2,Phim Trung Quốc,Yes,Changed,Khác -> Phim Trung Quốc,,,,,,,,,
49363752,,cleaning up,2,Khác,why her,4,Phim Hàn Quốc,Yes,Changed,Khác -> Phim Hàn Quốc,,,,,,,,,
49372291,,bài múa,3,Khác,diều sáo,5,Khác,Yes,Unchanged,Unchanged,,,,,,,,,
49374068,,cổ tay áo màu đỏ,2,Phim Hàn Quốc,nhất kiến khuynh tâm,4,Phim Trung Quốc,Yes,Changed,Phim Hàn Quốc -> Phim Trung Quốc,,,,,,,,,
49380244,,hoa của quỷ,2,Phim Hàn Quốc,pent,5,Khác,Yes,Changed,Phim Hàn Quốc -> Khác,,,,,,,,,
49405648,,thanh xuân vật vã,2,Phim Hàn Quốc,vô tình nhặt được tổng tài,9,Phim Trung Quốc,Yes,Changed,Phim Hàn Quốc -> Phim Trung Quốc,,,,,,,,,
49501440,,một con vịt,2,Âm nhạc thiếu nhi,thiếu nhi,4,Tìm kiếm chung,Yes,Changed,Âm nhạc thiếu nhi -> Tìm kiếm chung,,,,,,,,,
49503968,,boruto naruto the movie,7,Anime,boruto naruto the movie,5,Anime,No,Unchanged,Unchanged,,,,,,,,,
49515418,,nguy,15,Khác,liên minh công lý phiên bản của zack snyder,2,phiên bản của zack snyder : Phim chiếu rạp / Siêu anh hùng,Yes,Changed,Khác -> phiên bản của zack snyder : Phim chiếu rạp / Siêu anh hùng,,,,,,,,,
49519855,,đại chiến titan,11,Anime,đại chiến titan,11,Anime,No,Unchanged,Unchanged,,,,,,,,,
49529734,,kono,2,Khác,chuyen s,6,Khác,Yes,Unchanged,Unchanged,,,,,,,,,
49550276,,fairy tail,3,Anime,boruto,2,naruto the movie : Anime,Yes,Changed,Anime -> naruto the movie : Anime,,,,,,,,,
49571448,,siêu nhân,8,Phim hoạt hình,siêu nhân,3,Phim hoạt hình,No,Unchanged,Unchanged,,,,,,,,,
49575008,,the pink panther show,2,Khác,tom and jerry tales,2,Phim hoạt hình,Yes,Changed,Khác -> Phim hoạt hình,,,,,,,,,
49591110,,phi thien,2,Khác,an,2,Khác,Yes,Unchanged,Unchanged,,,,,,,,,
49603541,,công chúa aurora,2,Khác,điều bí mật,3,Khác,Yes,Unchanged,Unchanged,,,,,,,,,
49612203,,huyet,2,Khác,pháp sư gia tộc,3,Khác,Yes,Unchanged,Unchanged,,,,,,,,,
49636995,,ant man,4,Khác,vườn sao băng,2,Khác,Yes,Unchanged,Unchanged,,,,,,,,,
49640401,,edm,13,Khác,atnh,4,Khác,Yes,Unchanged,Unchanged,,,,,,,,,
49643371,,phàm nhân tu tiên,3,Phim hoạt hình 3D Trung Quốc,trường học pháp thuật,2,Khác,Yes,Changed,Phim hoạt hình 3D Trung Quốc -> Khác,,,,,,,,,
49657319,,vung dat linh hon,2,Tâm linh,vung,2,Khác,Yes,Changed,Tâm linh -> Khác,,,,,,,,,
49735618,,truy kích,6,Khác,tina,3,Khác,Yes,Unchanged,Unchanged,,,,,,,,,
49764094,,bong da,3,Khác,doremon,14,Anime,Yes,Changed,Khác -> Anime,,,,,,,,,
49771272,,đất và người,2,Khác,lửa chiến,5,Khác,Yes,Unchanged,Unchanged,,,,,,,,,
49784189,,tham tu pho tau,3,Khác,cuộc chiến,3,Khác,Yes,Unchanged,Unchanged,,,,,,,,,
49804193,,quý ông hoàn hảo,2,Khác,bên nhau trọn đời,3,Phim Trung Quốc,Yes,Changed,Khác -> Phim Trung Quốc,,,,,,,,,
49840685,,nhã phương,9,Khác,sống hà tây,3,Khác,Yes,Unchanged,Unchanged,,,,,,,,,
49853402,,na tra ma đồng giáng thế,5,ma đồng giáng thế : Phim hoạt hình,liên khúc bolero,2,Âm nhạc,Yes,Changed,ma đồng giáng thế : Phim hoạt hình -> Âm nhạc,,,,,,,,,
49912292,,tôi,2,Khác,ga,4,Khác,Yes,Unchanged,Unchanged,,,,,,,,,
49933360,,be mbitious,5,Chương trình Hàn Quốc,be the smf,3,Khác,Yes,Changed,Chương trình Hàn Quốc -> Khác,,,,,,,,,
49936228,,thư ký kim sao thế,2,Phim Hàn Quốc,cuộc chiến thượng lưu 1,3,Phim Hàn Quốc,Yes,Unchanged,Unchanged,,,,,,,,,
49947531,,thế giới động vật,13,Tìm kiếm chung / Tài liệu,thế giới động vật,5,Tìm kiếm chung / Tài liệu,No,Unchanged,Unchanged,,,,,,,,,
49951726,,chuyển sinh thành nhện,2,Anime,dr stone,5,Anime,Yes,Unchanged,Unchanged,,,,,,,,,
49954310,,chú thuật hồi chiến,3,Anime,chú thuật hồi chiến,2,Anime,No,Unchanged,Unchanged,,,,,,,,,
49986487,,summertime,2,Khác,bishou,3,Khác,Yes,Unchanged,Unchanged,,,,,,,,,
49998432,,fairy tail,3,Anime,fairy tail,3,Anime,No,Unchanged,Unchanged,,,,,,,,,
49998745,,liên minh công lý phiên bản của zack snyder,3,phiên bản của zack snyder : Phim chiếu rạp / Siêu anh hùng,yêu tinh,2,Phim Hàn Quốc,Yes,Changed,phiên bản của zack snyder : Phim chiếu rạp / Siêu anh hùng -> Phim Hàn Quốc,,,,,,,,,
5017687,,nhân duyên ngang trái,2,Khác,thanh thanh tử khâm,3,Phim Trung Quốc,Yes,Changed,Khác -> Phim Trung Quốc,,,,,,,,,
5043879,,yêu tinh,2,Phim Hàn Quốc,my name,2,Khác,Yes,Changed,Phim Hàn Quốc -> Khác,,,,,,,,,
5094153,,thiếu nhi,5,Tìm kiếm chung,thiếu nhi,4,Tìm kiếm chung,No,Unchanged,Unchanged,,,,,,,,,
5181979,,date a live,2,Khác,lycoris recoil,3,Khác,Yes,Unchanged,Unchanged,,,,,,,,,
5202989,,cổ tay áo màu đỏ,9,Phim Hàn Quốc,ùa vào đời,7,Khác,Yes,Changed,Phim Hàn Quốc -> Khác,,,,,,,,,
5347341,,conan,2,Anime,fairy,2,Khác,Yes,Changed,Anime -> Khác,,,,,,,,,
5466166,,song d,4,Khác,hotel,4,Khác,Yes,Unchanged,Unchanged,,,,,,,,,
5588603,,liên minh công lý phiên bản của zack snyder,2,phiên bản của zack snyder : Phim chiếu rạp / Siêu anh hùng,liên minh công lý phiên bản của zack snyder,2,phiên bản của zack snyder : Phim chiếu rạp / Siêu anh hùng,No,Unchanged,Unchanged,,,,,,,,,
5641721,,alive,3,Khác,tony yaa,4,Khác,Yes,Unchanged,Unchanged,,,,,,,,,
5705208,,yêu tinh,8,Phim Hàn Quốc,yêu tinh,3,Phim Hàn Quốc,No,Unchanged,Unchanged,,,,,,,,,
5784713,,naruto last movie,2,Anime,minecraft,3,Khác,Yes,Changed,Anime -> Khác,,,,,,,,,
5839440,,xem phim việt nam,10,Khác,tập dưỡng sinh trung quốc,5,Khác,Yes,Unchanged,Unchanged,,,,,,,,,
7034056,,cuộc chiến nội cung,2,Phim ảnh,fight for my way,3,Khác,Yes,Changed,Phim ảnh -> Khác,,,,,,,,,
7062984,,sắc giới,2,Khác,hậu cung như ý truyện,2,Phim Trung Quốc,Yes,Changed,Khác -> Phim Trung Quốc,,,,,,,,,
7165614,,sr avila season 4,2,Khác,pháp y tần minh người đọc tâm,5,người đọc tâm : Phim Trung Quốc,Yes,Changed,Khác -> người đọc tâm : Phim Trung Quốc,,,,,,,,,
7403562,,cuối cùng cũng đến lượt tôi yêu,2,Khác,tình yêu từ 0 đến 1,2,Phim Trung Quốc,Yes,Changed,Khác -> Phim Trung Quốc,,,,,,,,,
7425463,,nữ thanh tra tài ba,2,Phim Hàn Quốc,chân tướng,2,Khác,Yes,Changed,Phim Hàn Quốc -> Khác,,,,,,,,,
747621,,hậu duệ mặt trời,4,Phim Hàn Quốc,luat su vo phap,5,Khác,Yes,Changed,Phim Hàn Quốc -> Khác,,,,,,,,,
7544163,,hoàng phi hồng bí ẩn một huyền thoại,2,Khác,kong skull island,3,Khác,Yes,Unchanged,Unchanged,,,,,,,,,
7556573,,lạc vào trong mơ,3,Khác,camera,2,Khác,Yes,Unchanged,Unchanged,,,,,,,,,
7630762,,sam sam den roi phim thai,2,Khác,yêu thầm anh xã,2,Phim Thái Lan,Yes,Changed,Khác -> Phim Thái Lan,,,,,,,,,
7784613,,kirito p1,3,Khác,thử thách thần tượng,10,Chương trình truyền hình,Yes,Changed,Khác -> Chương trình truyền hình,,,,,,,,,
7914497,,liên khúc nhạc vàng,8,Âm nhạc,liên khúc hải ngoại,4,Âm nhạc,Yes,Unchanged,Unchanged,,,,,,,,,
7918572,,tharntype,2,Khác,cô nàng cử tạ kim book joo,2,Khác,Yes,Unchanged,Unchanged,,,,,,,,,
7927732,,hotel del luna,3,Khác,bad papa,12,Khác,Yes,Unchanged,Unchanged,,,,,,,,,
8098134,,penthouse 2,2,Phim Hàn Quốc,it s alright,2,Khác,Yes,Changed,Phim Hàn Quốc -> Khác,,,,,,,,,
8185165,,hơn cả tình bạn,2,Phim Hàn Quốc,trở lại tuổi 18,2,Phim Hàn Quốc,Yes,Unchanged,Unchanged,,,,,,,,,
8352449,,bống bống bang bang,3,Âm nhạc thiếu nhi,baby shark doo doo,3,Âm nhạc thiếu nhi,Yes,Unchanged,Unchanged,,,,,,,,,
8487590,,siêu nhân,4,Phim hoạt hình,siêu nhân,2,Phim hoạt hình,No,Unchanged,Unchanged,,,,,,,,,
8609623,,trọng lực cầu vồng,10,Khác,trọng lực cầu vồng,4,Khác,No,Unchanged,Unchanged,,,,,,,,,
8640992,,hiep si,2,Khác,sword art online,2,alicization : Anime,Yes,Changed,Khác -> alicization : Anime,,,,,,,,,
8667216,,bat ma,2,Tâm linh,chuyen ba,2,Khác,Yes,Changed,Tâm linh -> Khác,,,,,,,,,
8702866,,attack on titan season 4,2,Anime,rimuru,2,Khác,Yes,Changed,Anime -> Khác,,,,,,,,,
8725251,,nguoi la den tu dia nguc,3,Khác,miền đất hứa,2,Anime,Yes,Changed,Khác -> Anime,,,,,,,,,
8828774,,trái tim đẫm máu,2,Khác,thiên nga bóng đêm,2,Phim Hàn Quốc,Yes,Changed,Khác -> Phim Hàn Quốc,,,,,,,,,
8855010,,sky family,2,Khác,bảy viên ngọc rồng,4,Khác,Yes,Unchanged,Unchanged,,,,,,,,,
90011468,,đạp gió rẽ sóng,2,Khác,cẩm tú nam ca,6,Khác,Yes,Unchanged,Unchanged,,,,,,,,,
90227220,,bolero,6,Âm nhạc,bolero,4,Âm nhạc,No,Unchanged,Unchanged,,,,,,,,,
90291041,,kênh truyền hình kiên giang,2,Khác,đài truyền hình sóc trăng,2,Khác,Yes,Unchanged,Unchanged,,,,,,,,,
90373051,,em là thanh trì danh lũy,2,Khác,học viện cảnh sát,2,Phim Hàn Quốc,Yes,Changed,Khác -> Phim Hàn Quốc,,,,,,,,,
90543145,,người nhện không còn nhà,4,không còn nhà : Phim chiếu rạp / Siêu anh hùng,kẻ trộm mặt trăng minions,3,minions : Phim hoạt hình,Yes,Changed,không còn nhà : Phim chiếu rạp / Siêu anh hùng -> minions : Phim hoạt hình,,,,,,,,,
90555384,,bí mật người hầu gái,3,Khác,bolero,2,Âm nhạc,Yes,Changed,Khác -> Âm nhạc,,,,,,,,,
90680045,,chàng hậu,2,Phim Hàn Quốc,true beauty,5,Phim Hàn Quốc,Yes,Unchanged,Unchanged,,,,,,,,,
90690338,,fairy tail,4,Anime,muôn kiểu làm dâu,2,Khác,Yes,Changed,Anime -> Khác,,,,,,,,,
90752270,,phim duong quy phi,2,Khác,phim hon dao toi loi,2,Khác,Yes,Unchanged,Unchanged,,,,,,,,,
90756961,,bạn gái tôi là người ngoài hành tinh,6,Khác,cuộc sống gặp gỡ định mệnh,2,Khác,Yes,Unchanged,Unchanged,,,,,,,,,
90928736,,danh,2,Khác,phù dao hoàng hậu,3,Phim Trung Quốc,Yes,Changed,Khác -> Phim Trung Quốc,,,,,,,,,
91044009,,quyền anh hùng,2,Khác,bleach,2,Anime,Yes,Changed,Khác -> Anime,,,,,,,,,
91060647,,nhân tình bí ẩn,2,Khác,con tàu y đức,2,Khác,Yes,Unchanged,Unchanged,,,,,,,,,
91145706,,tai si,2,Khác,sao băng,4,Khác,Yes,Unchanged,Unchanged,,,,,,,,,
91359808,,trò chơi tình ái,2,Khác,cô nàng đầu bếp của tôi,4,Phim Thái Lan,Yes,Changed,Khác -> Phim Thái Lan,,,,,,,,,
91399518,,bạn trai tôi là hồ ly,2,Phim Hàn Quốc,bất động sản trừ tà,2,Phim Hàn Quốc,Yes,Unchanged,Unchanged,,,,,,,,,
91559486,,vẻ đẹp đích thực,2,Phim Hàn Quốc,attack on titan,2,Anime,Yes,Changed,Phim Hàn Quốc -> Anime,,,,,,,,,
91631972,,liên minh công lý phiên bản của zack snyder,5,phiên bản của zack snyder : Phim chiếu rạp / Siêu anh hùng,tìm kiếm bằng giọng nói,2,Tìm kiếm chung / Chức năng,Yes,Changed,phiên bản của zack snyder : Phim chiếu rạp / Siêu anh hùng -> Tìm kiếm chung / Chức năng,,,,,,,,,
9166909,,bắt ma phá án,2,Phim Hàn Quốc,a man and a woman,3,Khác,Yes,Changed,Phim Hàn Quốc -> Khác,,,,,,,,,
91741775,,demon slayer kimetsu no yaiba entertainment district arc,2,Anime,one punch man,2,Anime,Yes,Unchanged,Unchanged,,,,,,,,,
91783877,,na tra,13,ma đồng giáng thế : Phim hoạt hình,doraemon,3,Anime,Yes,Changed,ma đồng giáng thế : Phim hoạt hình -> Anime,,,,,,,,,
91788035,,thiếu nhi,12,Tìm kiếm chung,thiếu nhi,8,Tìm kiếm chung,No,Unchanged,Unchanged,,,,,,,,,
91814523,,penthouse 2,2,Phim Hàn Quốc,vincenzo,2,Phim Hàn Quốc,Yes,Unchanged,Unchanged,,,,,,,,,
91875175,,yeu n,16,Khác,ve de,2,Khác,Yes,Unchanged,Unchanged,,,,,,,,,
91942604,,ve de,3,Khác,tien nu,5,Khác,Yes,Unchanged,Unchanged,,,,,,,,,
92020228,,giọng hát việt 2018,2,Khác,giong hat viêt 2018,2,Khác,Yes,Unchanged,Unchanged,,,,,,,,,
92021953,,kimetsu no yaiba,2,Anime,tuổi trẻ của tháng năm,2,Khác,Yes,Changed,Anime -> Khác,,,,,,,,,
92027271,,eve,2,Phim Hàn Quốc,crazy romance,2,Khác,Yes,Changed,Phim Hàn Quốc -> Khác,,,,,,,,,
92101089,,khủng long,4,Động vật,khủng long,5,Động vật,No,Unchanged,Unchanged,,,,,,,,,
92159083,,vân tịch truyện,13,Phim Trung Quốc,định mệnh anh yêu em,15,Phim Đài Loan,Yes,Changed,Phim Trung Quốc -> Phim Đài Loan,,,,,,,,,
92162610,,diên hy công lược,2,Phim Trung Quốc,fairy tail,2,Anime,Yes,Changed,Phim Trung Quốc -> Anime,,,,,,,,,
92182681,,vuong g,4,Khác,vuong g,2,Khác,No,Unchanged,Unchanged,,,,,,,,,
92262255,,nhất dạ tân nương,2,Phim Trung Quốc,thanh thanh tử khâm,4,Phim Trung Quốc,Yes,Unchanged,Unchanged,,,,,,,,,
92366579,,bat do,2,Khác,attack on titan season 4,2,Anime,Yes,Changed,Khác -> Anime,,,,,,,,,
92400637,,mouse,10,Phim Hàn Quốc,vincenzo,2,Phim Hàn Quốc,Yes,Unchanged,Unchanged,,,,,,,,,
92430200,,fight for my way,4,Khác,nàng luật sư kì lạ,2,Khác,Yes,Unchanged,Unchanged,,,,,,,,,
92433265,,cô nàng đầu bếp của tôi,5,Phim Thái Lan,inuyasa,8,Khác,Yes,Changed,Phim Thái Lan -> Khác,,,,,,,,,
9266165,,pripara,4,Khác,mái tóc bí ẩn,2,Khác,Yes,Unchanged,Unchanged,,,,,,,,,
92712635,,thử thách thần tượng,2,Chương trình truyền hình,thử thách thần tượng,6,Chương trình truyền hình,No,Unchanged,Unchanged,,,,,,,,,
92835649,,sakura thủ lĩnh thẻ bài,3,Anime,hunterxhunter,3,Khác,Yes,Changed,Anime -> Khác,,,,,,,,,
92849683,,thanh xuân vật vã,8,Phim Hàn Quốc,my sassy girl,2,Khác,Yes,Changed,Phim Hàn Quốc -> Khác,,,,,,,,,
92939163,,lớp học biet tuot,2,Khác,the o,2,Khác,Yes,Unchanged,Unchanged,,,,,,,,,
92986997,,naruto,2,Anime,boruto,2,naruto the movie : Anime,Yes,Changed,Anime -> naruto the movie : Anime,,,,,,,,,
93116977,,nhất kiến khuynh tâm,2,Phim Trung Quốc,hạnh phúc đến vạn gia thuyết minh,2,Phim Trung Quốc,Yes,Unchanged,Unchanged,,,,,,,,,
93339460,,tôi thấy hoa vàng trên cỏ xanh,5,Phim Việt Nam,tôi thấy hoa vàng trên cỏ xanh,6,Phim Việt Nam,No,Unchanged,Unchanged,,,,,,,,,
93355211,,hoc vien anh hung,2,Khác,kekk,3,Khác,Yes,Unchanged,Unchanged,,,,,,,,,
93383817,,người thừa kế,2,Khác,haryboter,2,Khác,Yes,Unchanged,Unchanged,,,,,,,,,
93439099,,mưa nửa đêm,7,Khác,mưa nửa đêm,2,Khác,No,Unchanged,Unchanged,,,,,,,,,
9353744,,bull,2,Khác,đời sống ngục tù,2,Phim Hàn Quốc,Yes,Changed,Khác -> Phim Hàn Quốc,,,,,,,,,
93541471,,cô nàng trong trắng oh woo ri,2,Phim Hàn Quốc,em là thành trì doanh lũy của anh,2,Phim Trung Quốc,Yes,Changed,Phim Hàn Quốc -> Phim Trung Quốc,,,,,,,,,
93553386,,vươn,2,Khác,anger,2,Khác,Yes,Unchanged,Unchanged,,,,,,,,,
93611172,,baby shark,11,Âm nhạc thiếu nhi,baby shark,2,Âm nhạc thiếu nhi,No,Unchanged,Unchanged,,,,,,,,,
93832459,,attack on titans,2,Anime,attack,2,Khác,Yes,Changed,Anime -> Khác,,,,,,,,,
93949941,,fairy tail,68,Anime,naruto,8,Anime,Yes,Unchanged,Unchanged,,,,,,,,,
94002438,,liên minh công lý phiên bản của zack snyder,2,phiên bản của zack snyder : Phim chiếu rạp / Siêu anh hùng,liên minh công lý phiên bản của zack snyder,3,phiên bản của zack snyder : Phim chiếu rạp / Siêu anh hùng,No,Unchanged,Unchanged,,,,,,,,,
94011838,,yêu trong đau thương thuyết minh,2,Khác,phim thái lan,2,Phim Thái Lan,Yes,Changed,Khác -> Phim Thái Lan,,,,,,,,,
94090860,,titan,2,Anime,tạm biệt vancouver,2,Khác,Yes,Changed,Anime -> Khác,,,,,,,,,
94117955,,khat vong than tuong,2,Khác,luu l,2,Khác,Yes,Unchanged,Unchanged,,,,,,,,,
94175473,,người thầy y đức 2,3,Phim Hàn Quốc,bạch phát vương phi,4,Phim Trung Quốc,Yes,Changed,Phim Hàn Quốc -> Phim Trung Quốc,,,,,,,,,
94178963,,sao băng,4,Khác,u19,3,Khác,Yes,Unchanged,Unchanged,,,,,,,,,
9418307,,liên minh công lý phiên bản của zack snyder,4,phiên bản của zack snyder : Phim chiếu rạp / Siêu anh hùng,liên minh công lý phiên bản của zack snyder,4,phiên bản của zack snyder : Phim chiếu rạp / Siêu anh hùng,No,Unchanged,Unchanged,,,,,,,,,
94186972,,hi,2,Khác,siêu nhân,2,Phim hoạt hình,Yes,Changed,Khác -> Phim hoạt hình,,,,,,,,,
94307446,,hồi kí vanitas,3,Anime,vô tình nhặt được tổng tài,2,Phim Trung Quốc,Yes,Changed,Anime -> Phim Trung Quốc,,,,,,,,,
94448445,,may ho,6,Khác,ngay,2,Khác,Yes,Unchanged,Unchanged,,,,,,,,,
94471751,,thiếu nhi,4,Tìm kiếm chung,thiếu nhi,9,Tìm kiếm chung,No,Unchanged,Unchanged,,,,,,,,,
94473904,,dr stone season 2,2,Anime,đao kiếm thần vực phần 4,3,Anime,Yes,Unchanged,Unchanged,,,,,,,,,
94521165,,sao băng,2,Khác,con tim sắt đá,2,Phim Thái Lan,Yes,Changed,Khác -> Phim Thái Lan,,,,,,,,,
94530992,,khát khao hạnh phúc 3,2,Khác,thanh thanh tử khâm,2,Phim Trung Quốc,Yes,Changed,Khác -> Phim Trung Quốc,,,,,,,,,
94553138,,dinh menh a,2,Khác,cửa hàng bí mật,3,Khác,Yes,Unchanged,Unchanged,,,,,,,,,
94669701,,bolero,3,Âm nhạc,bolero,2,Âm nhạc,No,Unchanged,Unchanged,,,,,,,,,
94685201,,hoi phap su,2,Anime,hon,3,Khác,Yes,Changed,Anime -> Khác,,,,,,,,,
94702985,,thời gian lương thần mỹ cảnh,2,Khác,giác quan thứ sáu,2,Chương trình truyền hình,Yes,Changed,Khác -> Chương trình truyền hình,,,,,,,,,
94789164,,cô nàng trong trắng oh woo ri,3,Phim Hàn Quốc,hậu duệ mặt trời phần 1,2,Phim Hàn Quốc,Yes,Unchanged,Unchanged,,,,,,,,,
94832090,,dr stone,2,Anime,orient phần 2 orient season 2,2,Anime,Yes,Unchanged,Unchanged,,,,,,,,,
95189793,,nữ nhi nhà họ kiều,4,Phim Trung Quốc,nữ nhi nhà họ kiều,2,Phim Trung Quốc,No,Unchanged,Unchanged,,,,,,,,,
9540759,,thanh gươm diệt quỷ phần kỹ viện trấn,5,Anime,vua bếp soma phần 4,3,Anime,Yes,Unchanged,Unchanged,,,,,,,,,
95485086,,bolero,2,Âm nhạc,bolero,2,Âm nhạc,No,Unchanged,Unchanged,,,,,,,,,
95538543,,bạn trai tôi là hồ ly,2,Phim Hàn Quốc,luật rừng,2,Khác,Yes,Changed,Phim Hàn Quốc -> Khác,,,,,,,,,
9558403,,sword a,4,Anime,hậu duệ mặt trời,3,Phim Hàn Quốc,Yes,Changed,Anime -> Phim Hàn Quốc,,,,,,,,,
95603218,,kimetsu no yaiba,2,Anime,kimetsu no yaiba,3,Anime,No,Unchanged,Unchanged,,,,,,,,,
95712036,,tate no yuusha no nariagari,2,Khác,thanh thanh tử khâm,4,Phim Trung Quốc,Yes,Changed,Khác -> Phim Trung Quốc,,,,,,,,,
9574774,,capt,2,Khác,kẻ trộm mặt trăng minions,13,minions : Phim hoạt hình,Yes,Changed,Khác -> minions : Phim hoạt hình,,,,,,,,,
95833226,,chuyện tình xà nữ,2,Khác,các pokemon tiến hóa,2,Anime,Yes,Changed,Khác -> Anime,,,,,,,,,
95918453,,one of us,6,Khác,one of us,2,Khác,No,Unchanged,Unchanged,,,,,,,,,
95934259,,nhất dạ tân nương,2,Phim Trung Quốc,i iland hanbin,2,Khác,Yes,Changed,Phim Trung Quốc -> Khác,,,,,,,,,
95939760,,thien n,5,Khác,chang h,2,Khác,Yes,Unchanged,Unchanged,,,,,,,,,
96018123,,vô tình nhặt được tổng tài,3,Phim Trung Quốc,yêu truoc ngay cuoi,2,Khác,Yes,Changed,Phim Trung Quốc -> Khác,,,,,,,,,
96230281,,hẹn hò chốn công sở,2,Khác,wwe,3,Khác,Yes,Unchanged,Unchanged,,,,,,,,,
96258778,,yeu mieu,2,Khác,lay,3,Khác,Yes,Unchanged,Unchanged,,,,,,,,,
96322793,,em là thành trì doanh lũy của anh,2,Phim Trung Quốc,cô dâu bị cáo,2,Khác,Yes,Changed,Phim Trung Quốc -> Khác,,,,,,,,,
96373281,,đẹp từng centimet,3,Khác,yêu từng centimet,2,Phim Trung Quốc,Yes,Changed,Khác -> Phim Trung Quốc,,,,,,,,,
96419834,,ban cung,2,Khác,baymax,2,Khác,Yes,Unchanged,Unchanged,,,,,,,,,
96466502,,thử thách thần tượng,2,Chương trình truyền hình,thử thách thần tượng,2,Chương trình truyền hình,No,Unchanged,Unchanged,,,,,,,,,
96476988,,luu ly my nhan sat,2,Phim Trung Quốc,running man,7,Chương trình truyền hình,Yes,Changed,Phim Trung Quốc -> Chương trình truyền hình,,,,,,,,,
96558856,,ghost child,2,Khác,vui nhộn quan họ,2,Khác,Yes,Unchanged,Unchanged,,,,,,,,,
96723050,,giận mà thương,2,Tâm linh,dáng đứng bến tre,2,Khác,Yes,Changed,Tâm linh -> Khác,,,,,,,,,
96804426,,running man,3,Chương trình truyền hình,running man,5,Chương trình truyền hình,No,Unchanged,Unchanged,,,,,,,,,
96950689,,attack on titan season 4,4,Anime,attack on titan part 2,2,Anime,Yes,Unchanged,Unchanged,,,,,,,,,
96979289,,thiên nga đen,3,Phim chiếu rạp,người tình ánh trăng,2,Khác,Yes,Changed,Phim chiếu rạp -> Khác,,,,,,,,,
97026899,,attack on titan part 1,2,Anime,attack on titan part 1,3,Anime,No,Unchanged,Unchanged,,,,,,,,,
97105665,,hoa du ký,9,Phim Hàn Quốc,hoa du ký,6,Phim Hàn Quốc,No,Unchanged,Unchanged,,,,,,,,,
97194074,,yêu thầm anh xã,2,Phim Thái Lan,cảnh đẹp ngày vui biết bao giờ,2,Phim Trung Quốc,Yes,Changed,Phim Thái Lan -> Phim Trung Quốc,,,,,,,,,
97234486,,hoi phap su,5,Anime,hậu cung như ý truyện,2,Phim Trung Quốc,Yes,Changed,Anime -> Phim Trung Quốc,,,,,,,,,
9766457,,godzilla,3,Phim chiếu rạp,jason,2,Khác,Yes,Changed,Phim chiếu rạp -> Khác,,,,,,,,,
97696800,,tivi thông minh,2,Khác,tivi thông minh,3,Khác,No,Unchanged,Unchanged,,,,,,,,,
97784704,,bức màn tình yêu,2,Khác,cô vợ bắt buộc,3,Phim Thái Lan,Yes,Changed,Khác -> Phim Thái Lan,,,,,,,,,
97892243,,thu thac,23,Khác,thử thách thần tượng running man,9,Chương trình truyền hình,Yes,Changed,Khác -> Chương trình truyền hình,,,,,,,,,
9795217,,phi vụ thế kỷ,2,Khác,boruto naruto the movie,2,Anime,Yes,Changed,Khác -> Anime,,,,,,,,,
98019464,,ca nhạc,2,Âm nhạc,ca nhạc,3,Âm nhạc,No,Unchanged,Unchanged,,,,,,,,,
98090232,,thính tuyết lâu,2,Phim Trung Quốc,bác sĩ ma,2,Phim Hàn Quốc,Yes,Changed,Phim Trung Quốc -> Phim Hàn Quốc,,,,,,,,,
98154621,,ngoi truong,3,Khác,doraemon,2,Anime,Yes,Changed,Khác -> Anime,,,,,,,,,
98169558,,đấu trường âm nhạc,2,Chương trình truyền hình,siêu nhân,3,Phim hoạt hình,Yes,Changed,Chương trình truyền hình -> Phim hoạt hình,,,,,,,,,
98200051,,karaoke tổ quốc vinh quang,8,Âm nhạc,karaoke bài hát làng vui,4,Âm nhạc,Yes,Unchanged,Unchanged,,,,,,,,,
98207736,,nikita season 1,2,Khác,nikita,2,Khác,Yes,Unchanged,Unchanged,,,,,,,,,
98263287,,bên nhau trọn đời,14,Phim Trung Quốc,bật video catchphrase của jimmy fallon,2,Khác,Yes,Changed,Phim Trung Quốc -> Khác,,,,,,,,,
98311846,,youth of may,2,Khác,happiness,2,Phim Hàn Quốc,Yes,Changed,Khác -> Phim Hàn Quốc,,,,,,,,,
98340481,,penthouse 3,8,Phim Hàn Quốc,mặt trăng ôm mặt trời,2,Phim Hàn Quốc,Yes,Unchanged,Unchanged,,,,,,,,,
98358451,,nếu em bình an đó mới là ngày đẹp trời,3,Phim Trung Quốc,tam thiên nha sát,2,Phim Trung Quốc,Yes,Unchanged,Unchanged,,,,,,,,,
98496773,,chú thuật hồi chiến,3,Anime,lưỡi gươm diệt quỷ,2,Anime,Yes,Unchanged,Unchanged,,,,,,,,,
98539368,,chàng hậu,2,Phim Hàn Quốc,bác sĩ ma,6,Phim Hàn Quốc,Yes,Unchanged,Unchanged,,,,,,,,,
98603036,,tam sinh tam thế thập lí đào hoa,5,Khác,bí mật ngọt ngào,2,Khác,Yes,Unchanged,Unchanged,,,,,,,,,
98655119,,món quà cầu vồng,3,Khác,ua vao doi,4,Khác,Yes,Unchanged,Unchanged,,,,,,,,,
9872674,,canh ba,2,Khác,me before you,2,Khác,Yes,Unchanged,Unchanged,,,,,,,,,
98792380,,thử thách thần tượng,5,Chương trình truyền hình,thử thách thần tượng,6,Chương trình truyền hình,No,Unchanged,Unchanged,,,,,,,,,
98840530,,kimetsu no yaiba,3,Anime,one punch man,2,Anime,Yes,Unchanged,Unchanged,,,,,,,,,
98844025,,running man,5,Chương trình truyền hình,chiếc lá cuốn bay,2,Khác,Yes,Changed,Chương trình truyền hình -> Khác,,,,,,,,,
98886778,,thím hai lúa,4,Khác,tập thể dục buổi sáng,4,Khác,Yes,Unchanged,Unchanged,,,,,,,,,
98946550,,thử thách thần tượng,3,Chương trình truyền hình,thử thách thần tượng,2,Chương trình truyền hình,No,Unchanged,Unchanged,,,,,,,,,
99023389,,giac quan thu 6,3,Khác,running man,2,Chương trình truyền hình,Yes,Changed,Khác -> Chương trình truyền hình,,,,,,,,,
9907461,,thử thách thần tượng,3,Chương trình truyền hình,thử thách thần tượng,4,Chương trình truyền hình,No,Unchanged,Unchanged,,,,,,,,,
9942594,,hoa du ký,3,Phim Hàn Quốc,vượt ra tội ác,2,Phim Hàn Quốc,Yes,Unchanged,Unchanged,,,,,,,,,
99469215,,nữ thanh tra tài ba,2,Phim Hàn Quốc,thiên nga bóng đêm,2,Phim Hàn Quốc,Yes,Unchanged,Unchanged,,,,,,,,,
99490036,,vi,5,Khác,bên nhau trọn đời,10,Phim Trung Quốc,Yes,Changed,Khác -> Phim Trung Quốc,,,,,,,,,
99522339,,yêu trong đau thương,3,Khác,xin đừng xa anh,2,Khác,Yes,Unchanged,Unchanged,,,,,,,,,
99585694,,liên minh công lý phiên bản của zack snyder,2,phiên bản của zack snyder : Phim chiếu rạp / Siêu anh hùng,kẻ trộm mặt trăng minions,2,minions : Phim hoạt hình,Yes,Changed,phiên bản của zack snyder : Phim chiếu rạp / Siêu anh hùng -> minions : Phim hoạt hình,,,,,,,,,
99623088,,fairy tail,2,Anime,fairy tail,3,Anime,No,Unchanged,Unchanged,,,,,,,,,
99762505,,tìm kiếm bằng giọng nói,17,Tìm kiếm chung / Chức năng,tìm kiếm bằng giọng nói,4,Tìm kiếm chung / Chức năng,No,Unchanged,Unchanged,,,,,,,,,
99775613,,nhật ký thường ngày của tiên vương,2,Phim hoạt hình 3D Trung Quốc,doraemon,3,Anime,Yes,Changed,Phim hoạt hình 3D Trung Quốc -> Anime,,,,,,,,,
99786137,,yêu nhầm chị dâu,2,Phim Thái Lan,cô nàng cử tạ,3,Khác,Yes,Changed,Phim Thái Lan -> Khác,,,,,,,,,
99839542,,con cào cào,12,Âm nhạc thiếu nhi,chú thỏ con,10,Khác,Yes,Changed,Âm nhạc thiếu nhi -> Khác,,,,,,,,,
99841881,,inuya,2,Khác,tokyo ghoul re,2,re : Anime,Yes,Changed,Khác -> re : Anime,,,,,,,,,
9991682,,kimetsu no yaiba,12,Anime,one p,6,Khác,Yes,Changed,Anime -> Khác,,,,,,,,,
0023968,,truyện,6,Khác,robot máy,9,Khác,Yes,Unchanged,Unchanged,,,,,,,,,
0043902,,cuộc chiến,4,Khác,cuộc chiến,2,Khác,No,Unchanged,Unchanged,,,,,,,,,
010341,,boku no hero academia season 1,2,Anime,cong chua toc may,3,Khác,Yes,Changed,Anime -> Khác,,,,,,,,,
0113885,,mở cài đặt,11,Khác,mở cài đặt,16,Khác,No,Unchanged,Unchanged,,,,,,,,,
0116237,,tìm mẹ,2,Chương trình truyền hình,ấu trùng tinh nghịch,2,Phim hoạt hình,Yes,Changed,Chương trình truyền hình -> Phim hoạt hình,,,,,,,,,
0121746,,hạ cánh nơi anh,2,Phim Hàn Quốc,phim thái lan,2,Phim Thái Lan,Yes,Changed,Phim Hàn Quốc -> Phim Thái Lan,,,,,,,,,
0132210,,su tr,8,Khác,su tr,11,Khác,No,Unchanged,Unchanged,,,,,,,,,
014887,,cùng em bay lượn theo gió,2,Phim Trung Quốc,nữ luật sư kỳ lạ,2,Khác,Yes,Changed,Phim Trung Quốc -> Khác,,,,,,,,,
0234202,,người tình ánh trăng,2,Khác,người tình ánh trăng,2,Khác,No,Unchanged,Unchanged,,,,,,,,,
0270827,,ponyo,2,Khác,co tay,2,Khác,Yes,Unchanged,Unchanged,,,,,,,,,
0363418,,cup liên lục,2,Khác,bạn,2,Khác,Yes,Unchanged,Unchanged,,,,,,,,,
0584737,,vtv5 hd,2,Khác,bầu trời rực đỏ,5,Phim Hàn Quốc,Yes,Changed,Khác -> Phim Hàn Quốc,,,,,,,,,
06001147,,yêu tinh,2,Phim Hàn Quốc,lee dong wook,4,Khác,Yes,Changed,Phim Hàn Quốc -> Khác,,,,,,,,,
06002290,,dr stone season 2,2,Anime,thiên nga đen,2,Phim chiếu rạp,Yes,Changed,Anime -> Phim chiếu rạp,,,,,,,,,
06006118,,kết hôn rồi bắt đầu yêu,4,Phim Trung Quốc,luu l,2,Khác,Yes,Changed,Phim Trung Quốc -> Khác,,,,,,,,,
06006318,,sao băng,3,Khác,tại sao lại là oh soo jae,2,Phim Hàn Quốc,Yes,Changed,Khác -> Phim Hàn Quốc,,,,,,,,,
06006695,,attack on titan shingeki no kyojin,4,Anime,kaguya,3,Khác,Yes,Changed,Anime -> Khác,,,,,,,,,
06019458,,thiên đường thần tượng,2,Khác,thiên đường thần tượng p4,2,Khác,Yes,Unchanged,Unchanged,,,,,,,,,
06021864,,thủ lĩnh thẻ bài,4,Anime,nghe bảo cô định tán bố con tôi,2,Khác,Yes,Changed,Anime -> Khác,,,,,,,,,
06026144,,jujutsu kaisen,2,Anime,boku no hero academia season 2,9,Anime,Yes,Unchanged,Unchanged,,,,,,,,,
06032769,,học đường 2015,3,Khác,our blues,2,Khác,Yes,Unchanged,Unchanged,,,,,,,,,
06035454,,truy tìm kẻ sát nhân,3,Khác,bạn trai tôi là hồ ly,2,Phim Hàn Quốc,Yes,Changed,Khác -> Phim Hàn Quốc,,,,,,,,,
06037004,,cha cha cha hometown,3,Khác,hậu duệ mặt trời,2,Phim Hàn Quốc,Yes,Changed,Khác -> Phim Hàn Quốc,,,,,,,,,
06039252,,take,3,Khác,troy,3,Khác,Yes,Unchanged,Unchanged,,,,,,,,,
06044629,,giọng hát việt nhí 2016,4,Khác,giọng hát việt,2,Khác,Yes,Unchanged,Unchanged,,,,,,,,,
06053163,,công tố viên quân sự do bae man,2,Phim Hàn Quốc,bắt ma phá án,4,Phim Hàn Quốc,Yes,Unchanged,Unchanged,,,,,,,,,
06059113,,dam my,2,Khác,huyền môn đại sư,2,Khác,Yes,Unchanged,Unchanged,,,,,,,,,
06062395,,cô nàng trong trắng oh woo ri,2,Phim Hàn Quốc,nhất kiến khuynh tâm,3,Phim Trung Quốc,Yes,Changed,Phim Hàn Quốc -> Phim Trung Quốc,,,,,,,,,
06071778,,thợ săn cương thi,2,Khác,học viện ảnh hùng phần 1,2,Anime,Yes,Changed,Khác -> Anime,,,,,,,,,
06079950,,anh khong,3,Khác,chau tinh,2,Khác,Yes,Unchanged,Unchanged,,,,,,,,,
06082700,,em la thanh,4,Khác,ban trai toi,3,Khác,Yes,Unchanged,Unchanged,,,,,,,,,
06090211,,tình chin,2,Khác,thanh thanh tử khâm,2,Phim Trung Quốc,Yes,Changed,Khác -> Phim Trung Quốc,,,,,,,,,
06421407,,worrier,3,Khác,civil,2,Khác,Yes,Unchanged,Unchanged,,,,,,,,,
06441391,,u23 việt nam gặp u23 han quốc,6,Khác,ngoại hạng anh mu ngày 12 tháng 7,6,Khác,Yes,Unchanged,Unchanged,,,,,,,,,
06442429,,hội pháp sư,29,Anime,hội pháp sư,9,Anime,No,Unchanged,Unchanged,,,,,,,,,
06447734,,con tim sắt đá,2,Phim Thái Lan,co dau,2,Khác,Yes,Changed,Phim Thái Lan -> Khác,,,,,,,,,
06452746,,học viện anh hùng phần 3,2,Anime,danh sách mua sắm của kẻ sát nhân,3,Phim Hàn Quốc,Yes,Changed,Anime -> Phim Hàn Quốc,,,,,,,,,
06452893,,yêu nhầm chị dâu,4,Phim Thái Lan,định mệnh anh yêu em,7,Phim Đài Loan,Yes,Changed,Phim Thái Lan -> Phim Đài Loan,,,,,,,,,
06456671,,aikatsu nhiệt huyết thần tượng phần 1,2,Khác,thuy thu mat tra,2,Khác,Yes,Unchanged,Unchanged,,,,,,,,,
06468315,,exo,9,Khác,mnet,15,Khác,Yes,Unchanged,Unchanged,,,,,,,,,
06468564,,gai gia lam chieu,3,Khác,co ba s,2,Khác,Yes,Unchanged,Unchanged,,,,,,,,,
06485631,,phim tam sinh tam thế thập lý đào hoa,2,Khác,phim mộng hoa lục,2,Phim ảnh,Yes,Changed,Khác -> Phim ảnh,,,,,,,,,
06823644,,phim hoạt hình cậu bé rừng xanh,2,Khác,doraemon,2,Anime,Yes,Changed,Khác -> Anime,,,,,,,,,
06824268,,penthouse 2,10,Phim Hàn Quốc,mr queen,7,Phim Hàn Quốc,Yes,Unchanged,Unchanged,,,,,,,,,
06862191,,vô tình nhặt được tổng tài,6,Phim Trung Quốc,true beauty,2,Phim Hàn Quốc,Yes,Changed,Phim Trung Quốc -> Phim Hàn Quốc,,,,,,,,,
06863193,,tiên nữ cử tạ kim bok joo,3,Phim Hàn Quốc,ngày mai cũng muốn gặp anh,2,Khác,Yes,Changed,Phim Hàn Quốc -> Khác,,,,,,,,,
06875883,,spider man no way home,2,Khác,no w,2,Khác,Yes,Unchanged,Unchanged,,,,,,,,,
06883592,,nữ thanh tra tài ba,4,Phim Hàn Quốc,chàng hậu,3,Phim Hàn Quốc,Yes,Unchanged,Unchanged,,,,,,,,,
06890206,,lưỡi gươm diệt quỷ,10,Anime,one punch man,3,Anime,Yes,Unchanged,Unchanged,,,,,,,,,
0727117,,tìm kiếm bằng giọng nói,3,Tìm kiếm chung / Chức năng,tìm kiếm bằng giọng nói,2,Tìm kiếm chung / Chức năng,No,Unchanged,Unchanged,,,,,,,,,
0802255,,taxi driver,2,Phim Hàn Quốc,penthouse 2,2,Phim Hàn Quốc,Yes,Unchanged,Unchanged,,,,,,,,,
0838030,,trả đũa 1,2,Khác,conan,2,Anime,Yes,Changed,Khác -> Anime,,,,,,,,,
0842332,,giang hồ đòi nợ gặp ngay nữ cảnh sát ngầm có lẽ đây là phim lẻ hình sự việt nam 2022 hay nhất,2,Khác,hình sự phá án cô gái trong khách sạn phim hình sự phá án việt nam hay mới nhất 2022,2,Khác,Yes,Unchanged,Unchanged,,,,,,,,,
1059631,,attack on titan final season,4,Anime,fullmetal alchimest,2,Khác,Yes,Changed,Anime -> Khác,,,,,,,,,
1068614,,biệt đội siêu anh hùng,2,Phim chiếu rạp / Siêu anh hùng,kamakura,4,Khác,Yes,Changed,Phim chiếu rạp / Siêu anh hùng -> Khác,,,,,,,,,
1152107,,mom and dad,3,Khác,chú ếch con,12,Âm nhạc thiếu nhi,Yes,Changed,Khác -> Âm nhạc thiếu nhi,,,,,,,,,
1243652,,một con vịt,3,Âm nhạc thiếu nhi,trịnh công sơn,2,Khác,Yes,Changed,Âm nhạc thiếu nhi -> Khác,,,,,,,,,
1278460,,anh thầy ngôi sao,2,Khác,khúc cua quyết định,4,Khác,Yes,Unchanged,Unchanged,,,,,,,,,
1335053,,châu tinh trì phủ nhận yêu người đẹp kém 42 tuổi,3,Tìm kiếm chung / Tin tức giải trí,robots,7,Khác,Yes,Changed,Tìm kiếm chung / Tin tức giải trí -> Khác,,,,,,,,,
1380129,,hương mật tựa khói sương,2,Phim Trung Quốc,vân tịch truyện,2,Phim Trung Quốc,Yes,Unchanged,Unchanged,,,,,,,,,
1421862,,tìm lại chính mình,3,Phim Hàn Quốc,hậu duệ mặt trời,2,Phim Hàn Quốc,Yes,Unchanged,Unchanged,,,,,,,,,
1515804,,hội pháp sư,2,Anime,hội pháp sư,3,Anime,No,Unchanged,Unchanged,,,,,,,,,
1557116,,nỗi vương vấn của hạ tiên sinh,2,Phim Trung Quốc,khi màn đêm gợn sóng,2,Phim Trung Quốc,Yes,Unchanged,Unchanged,,,,,,,,,
1655351,,cạo râu xong tôi nhặt gái về nhà,2,Khác,doraemon,2,Anime,Yes,Changed,Khác -> Anime,,,,,,,,,
1671572,,con tàu ma,2,Tâm linh,one punch man,2,Anime,Yes,Changed,Tâm linh -> Anime,,,,,,,,,
1764400,,runing man,3,Khác,bleach,3,Anime,Yes,Changed,Khác -> Anime,,,,,,,,,
1765002,,hậu cung như ý truyện,7,Phim Trung Quốc,hoàng hậu cuối cùng,2,Phim Hàn Quốc,Yes,Changed,Phim Trung Quốc -> Phim Hàn Quốc,,,,,,,,,
1791022,,như ý truyện,2,Phim Trung Quốc,vợ quan,2,Khác,Yes,Changed,Phim Trung Quốc -> Khác,,,,,,,,,
1799065,,cuộc chiến,10,Khác,tại sao lại là oh soo jae,3,Phim Hàn Quốc,Yes,Changed,Khác -> Phim Hàn Quốc,,,,,,,,,
1808307,,10 năm 3 tháng 30 ngày,5,Phim Trung Quốc,10 năm 3 tháng 30 ngày,6,Phim Trung Quốc,No,Unchanged,Unchanged,,,,,,,,,
1929619,,liên khúc nhạc vàng,7,Âm nhạc,liên khúc nhạc vàng,2,Âm nhạc,No,Unchanged,Unchanged,,,,,,,,,
2030575,,thư ký kim sao thế,2,Phim Hàn Quốc,học viện anh hùng phần 2,3,Anime,Yes,Changed,Phim Hàn Quốc -> Anime,,,,,,,,,
2062236,,oggy,7,Phim hoạt hình,liên minh công lý phiên bản của zack snyder,2,phiên bản của zack snyder : Phim chiếu rạp / Siêu anh hùng,Yes,Changed,Phim hoạt hình -> phiên bản của zack snyder : Phim chiếu rạp / Siêu anh hùng,,,,,,,,,
2105199,,cảnh đẹp ngày vui biết bao giờ,2,Phim Trung Quốc,thanh xuân vật vã,5,Phim Hàn Quốc,Yes,Changed,Phim Trung Quốc -> Phim Hàn Quốc,,,,,,,,,
2263045,,children,2,Khác,thiếu nhi,3,Tìm kiếm chung,Yes,Changed,Khác -> Tìm kiếm chung,,,,,,,,,
2294098,,bloro,4,Khác,lo hen voi dong lam,2,Khác,Yes,Unchanged,Unchanged,,,,,,,,,
2374219,,nghe nhạc quang lập,2,Khác,samurai shifters,3,Khác,Yes,Unchanged,Unchanged,,,,,,,,,
2396765,,hậu cung nhu,2,Khác,hậu cung như ý truyện,2,Phim Trung Quốc,Yes,Changed,Khác -> Phim Trung Quốc,,,,,,,,,
240191,,adams fam,2,Khác,cuoc,3,Khác,Yes,Unchanged,Unchanged,,,,,,,,,
2510439,,hoa của quỷ,4,Phim Hàn Quốc,hoa của quỷ,2,Phim Hàn Quốc,No,Unchanged,Unchanged,,,,,,,,,
2513037,,overlord iii,3,Anime,kamen,6,Khác,Yes,Changed,Anime -> Khác,,,,,,,,,
2525284,,siêu nhân,6,Phim hoạt hình,tôi thấy hoa vàng trên cỏ xanh,2,Phim Việt Nam,Yes,Changed,Phim hoạt hình -> Phim Việt Nam,,,,,,,,,
2573282,,linh hồn,2,Tâm linh,liên minh công lý phiên bản của zack snyder,2,phiên bản của zack snyder : Phim chiếu rạp / Siêu anh hùng,Yes,Changed,Tâm linh -> phiên bản của zack snyder : Phim chiếu rạp / Siêu anh hùng,,,,,,,,,
262525,,abc song,2,Khác,abcdefg,3,Khác,Yes,Unchanged,Unchanged,,,,,,,,,
265832,,kairis,9,Khác,cao lương đỏ,3,Khác,Yes,Unchanged,Unchanged,,,,,,,,,
2698864,,hậu cung như ý truyện,2,Phim Trung Quốc,cổ tay áo màu đỏ,2,Phim Hàn Quốc,Yes,Changed,Phim Trung Quốc -> Phim Hàn Quốc,,,,,,,,,
2705802,,liên minh công lý phiên bản của zack snyder,39,phiên bản của zack snyder : Phim chiếu rạp / Siêu anh hùng,liên minh công lý phiên bản của zack snyder,19,phiên bản của zack snyder : Phim chiếu rạp / Siêu anh hùng,No,Unchanged,Unchanged,,,,,,,,,
284313,,why her,2,Phim Hàn Quốc,why her,6,Phim Hàn Quốc,No,Unchanged,Unchanged,,,,,,,,,
3406424,,doremon,5,Anime,hồn ma trở lại,2,Tâm linh,Yes,Changed,Anime -> Tâm linh,,,,,,,,,
3618530,,siêu nhân,2,Phim hoạt hình,siêu nhân,2,Phim hoạt hình,No,Unchanged,Unchanged,,,,,,,,,
3662633,,the powerpuff,2,Khác,hen ho chon cong so,2,Khác,Yes,Unchanged,Unchanged,,,,,,,,,
3827813,,mortal kombat,2,Khác,kingdom,2,Khác,Yes,Unchanged,Unchanged,,,,,,,,,
40090561,,nhac bikini ao tam,2,Khác,trạch thiên ký,5,Khác,Yes,Unchanged,Unchanged,,,,,,,,,
40110289,,phim hai,4,Khác,ma toi la,2,Tâm linh,Yes,Changed,Khác -> Tâm linh,,,,,,,,,
40174393,,học chiến đô thị asterisk phần 2,2,Khác,tokyo ghoul re,2,re : Anime,Yes,Changed,Khác -> re : Anime,,,,,,,,,
40177104,,pokémon,4,Anime,siêu nhân,3,Phim hoạt hình,Yes,Changed,Anime -> Phim hoạt hình,,,,,,,,,
40183328,,người ta ở,3,Khác,siêu nhân,3,Phim hoạt hình,Yes,Changed,Khác -> Phim hoạt hình,,,,,,,,,
40288138,,đại chiến titan,2,Anime,vtv6,2,Kênh truyền hình,Yes,Changed,Anime -> Kênh truyền hình,,,,,,,,,
40338046,,kết hôn rồi bắt đầu yêu,2,Phim Trung Quốc,phù dao hoàng hậu,2,Phim Trung Quốc,Yes,Unchanged,Unchanged,,,,,,,,,
4036339,,thiếu nhi,2,Tìm kiếm chung,sử thi baahubali,2,Khác,Yes,Changed,Tìm kiếm chung -> Khác,,,,,,,,,
40400781,,running man,4,Chương trình truyền hình,john wick,2,Phim chiếu rạp / Hành động,Yes,Changed,Chương trình truyền hình -> Phim chiếu rạp / Hành động,,,,,,,,,
4045099,,nhạc chế trong tù,6,Khác,nhạc chế trong tù,4,Khác,No,Unchanged,Unchanged,,,,,,,,,
40528405,,sao băng,11,Khác,tìm lại chính mình,4,Phim Hàn Quốc,Yes,Changed,Khác -> Phim Hàn Quốc,,,,,,,,,
40584831,,attack on titan part 1,2,Anime,spyxfamily,3,Khác,Yes,Changed,Anime -> Khác,,,,,,,,,
40617635,,cuộc sống thường ngày của tiên vương,3,Khác,tình yêu giả tạo,2,Khác,Yes,Unchanged,Unchanged,,,,,,,,,
40656946,,saitama,2,Anime,cit,2,Khác,Yes,Changed,Anime -> Khác,,,,,,,,,
40691785,,sakura thủ lĩnh thẻ bài,2,Anime,than,2,Khác,Yes,Changed,Anime -> Khác,,,,,,,,,
40698802,,thiếu nhi,10,Tìm kiếm chung,thiếu nhi,8,Tìm kiếm chung,No,Unchanged,Unchanged,,,,,,,,,
40718809,,horimya,2,Khác,minh lan truyện,3,Phim Trung Quốc,Yes,Changed,Khác -> Phim Trung Quốc,,,,,,,,,
40749243,,hoa sứ nhà nàng,2,Khác,bolero,2,Âm nhạc,Yes,Changed,Khác -> Âm nhạc,,,,,,,,,
40767285,,we baby bears s1,2,Khác,học viện anh hùng phần 5,2,Anime,Yes,Changed,Khác -> Anime,,,,,,,,,
40893967,,chàng hậu,2,Phim Hàn Quốc,penthouse,3,Phim Hàn Quốc,Yes,Unchanged,Unchanged,,,,,,,,,
40989249,,pháp sư âm dương,2,Khác,bleach,14,Anime,Yes,Changed,Khác -> Anime,,,,,,,,,
41069898,,tiên nữ cử tạ kim bok joo,7,Phim Hàn Quốc,thế giới song song,2,Khác,Yes,Changed,Phim Hàn Quốc -> Khác,,,,,,,,,
41077571,,sở thú thoát ễ,2,Khác,busted,2,Khác,Yes,Unchanged,Unchanged,,,,,,,,,
41078129,,mưa chiều miền trung,2,Khác,trữ tình,2,Âm nhạc,Yes,Changed,Khác -> Âm nhạc,,,,,,,,,
41156530,,anh ba phải,2,Khác,lửa chiến,4,Khác,Yes,Unchanged,Unchanged,,,,,,,,,
41168760,,cuộc chiến thượng lưu,3,Phim Hàn Quốc,penthouse,2,Phim Hàn Quốc,Yes,Unchanged,Unchanged,,,,,,,,,
41174007,,chìa,2,Khác,conan,2,Anime,Yes,Changed,Khác -> Anime,,,,,,,,,
41212259,,vẻ đẹp đích thực,2,Phim Hàn Quốc,mai dahvika,2,Khác,Yes,Changed,Phim Hàn Quốc -> Khác,,,,,,,,,
41233846,,siêu nhân,3,Phim hoạt hình,siêu nhân,2,Phim hoạt hình,No,Unchanged,Unchanged,,,,,,,,,
41237652,,người đẹp gangnam,2,Khác,mật thất vây cá lội,2,Khác,Yes,Unchanged,Unchanged,,,,,,,,,
41272481,,bolero,9,Âm nhạc,quốc vương,2,Khác,Yes,Changed,Âm nhạc -> Khác,,,,,,,,,
41314416,,mặt trăng ôm mặt trời,2,Phim Hàn Quốc,link,2,Khác,Yes,Changed,Phim Hàn Quốc -> Khác,,,,,,,,,
41331565,,siêu nhân,2,Phim hoạt hình,trữ tình,2,Âm nhạc,Yes,Changed,Phim hoạt hình -> Âm nhạc,,,,,,,,,
41384088,,eva,5,Khác,ngôi sao khoai tây,2,Phim Hàn Quốc,Yes,Changed,Khác -> Phim Hàn Quốc,,,,,,,,,
41389321,,khủng long,2,Động vật,phim zombie đáng sợ,5,Khác,Yes,Changed,Động vật -> Khác,,,,,,,,,
41411984,,symbol,2,Khác,tokyo revengers,3,Anime,Yes,Changed,Khác -> Anime,,,,,,,,,
41476923,,thiếu nhi,9,Tìm kiếm chung,thiếu nhi,8,Tìm kiếm chung,No,Unchanged,Unchanged,,,,,,,,,
41516202,,prime provider,3,Khác,prime provider,2,Khác,No,Unchanged,Unchanged,,,,,,,,,
41523519,,hòa tan,2,Khác,tình ta biển bạc đồng xanh,4,Khác,Yes,Unchanged,Unchanged,,,,,,,,,
41574061,,chân tình lãng,2,Khác,anh sẽ làm giang hồ vì em,2,Khác,Yes,Unchanged,Unchanged,,,,,,,,,
41604026,,loạn,2,Khác,hatcheoninhbinhkaraoke,2,Âm nhạc,Yes,Changed,Khác -> Âm nhạc,,,,,,,,,
41634369,,overlord ii,8,Anime,soma,2,Anime,Yes,Unchanged,Unchanged,,,,,,,,,
41645656,,kumo,3,Khác,khi,3,Khác,Yes,Unchanged,Unchanged,,,,,,,,,
41656915,,bác sĩ yo han,3,Phim Hàn Quốc,chị đã thành công thu hút sự chú ý của tôi,8,Phim Trung Quốc,Yes,Changed,Phim Hàn Quốc -> Phim Trung Quốc,,,,,,,,,
41662494,,one the woman,2,Khác,thư ký kim sao thế,4,Phim Hàn Quốc,Yes,Changed,Khác -> Phim Hàn Quốc,,,,,,,,,
41744114,,mẹ ma,2,Phim chiếu rạp / Kinh dị,lửa chiến,6,Khác,Yes,Changed,Phim chiếu rạp / Kinh dị -> Khác,,,,,,,,,
41777378,,đao kiếm thần vực phần 1,2,Khác,orient season 2,2,Anime,Yes,Changed,Khác -> Anime,,,,,,,,,
41781572,,live uefa nations league football,3,Khác,lửa chiến,2,Khác,Yes,Unchanged,Unchanged,,,,,,,,,
41789714,,bolero,2,Âm nhạc,bolero,3,Âm nhạc,No,Unchanged,Unchanged,,,,,,,,,
41842809,,lại một lần nữa,2,Khác,horiyami,2,Khác,Yes,Unchanged,Unchanged,,,,,,,,,
41863608,,harry potter cuộc thi cúp nhà hogwarts,2,Phim chiếu rạp / Giả tưởng,tiết khí sư cuối cùng,2,Khác,Yes,Changed,Phim chiếu rạp / Giả tưởng -> Khác,,,,,,,,,
41900824,,vườn sao băng,3,Khác,hentai,2,Nhạy cảm,Yes,Changed,Khác -> Nhạy cảm,,,,,,,,,
41944757,,người con trai tôi từng nhớ,2,Khác,vô tình tìm thấy hara,5,Khác,Yes,Unchanged,Unchanged,,,,,,,,,
41947772,,con cào cào,5,Âm nhạc thiếu nhi,hello kitty,4,Khác,Yes,Changed,Âm nhạc thiếu nhi -> Khác,,,,,,,,,
41950224,,nhím sonic 2,2,Phim hoạt hình,siêu nhân,2,Phim hoạt hình,Yes,Unchanged,Unchanged,,,,,,,,,
41950648,,hoi,7,Khác,hoi,4,Khác,No,Unchanged,Unchanged,,,,,,,,,
42002892,,nắm giữ sinh mệnh,6,Phim ảnh,ngày em đẹp nhất,2,Khác,Yes,Changed,Phim ảnh -> Khác,,,,,,,,,
42015189,,miễn bầu trời còn có mặt trời,7,Phim Thái Lan,penthouse 2,4,Phim Hàn Quốc,Yes,Changed,Phim Thái Lan -> Phim Hàn Quốc,,,,,,,,,
42052044,,làm sao boss lại làm sao nữa,2,Phim Trung Quốc,yêu em từ cái nhìn đầu tiên,2,Phim Trung Quốc,Yes,Unchanged,Unchanged,,,,,,,,,
42123567,,k on,6,Khác,tomadachi,10,Khác,Yes,Unchanged,Unchanged,,,,,,,,,
42128863,,gg,5,Khác,paw,10,Khác,Yes,Unchanged,Unchanged,,,,,,,,,
42131579,,thv,6,Khác,thv,17,Khác,No,Unchanged,Unchanged,,,,,,,,,
42143777,,trữ tình,6,Âm nhạc,trữ tình,5,Âm nhạc,No,Unchanged,Unchanged,,,,,,,,,
42145336,,về miền tây,2,Khác,phim,2,Khác,Yes,Unchanged,Unchanged,,,,,,,,,
42148348,,king of kings,2,Khác,ahihi,4,Khác,Yes,Unchanged,Unchanged,,,,,,,,,
42157240,,lac mat nguon coi,2,Khác,megalodon,5,Khác,Yes,Unchanged,Unchanged,,,,,,,,,
42167026,,cuộc chiến thượng lưu,3,Phim Hàn Quốc,cuộc chiến,6,Khác,Yes,Changed,Phim Hàn Quốc -> Khác,,,,,,,,,
42185052,,quỷ dữ,8,Khác,quỷ dữ,2,Khác,No,Unchanged,Unchanged,,,,,,,,,
42199799,,liên minh công lý phiên bản của zack snyder,5,phiên bản của zack snyder : Phim chiếu rạp / Siêu anh hùng,liên minh công lý phiên bản của zack snyder,2,phiên bản của zack snyder : Phim chiếu rạp / Siêu anh hùng,No,Unchanged,Unchanged,,,,,,,,,
42221795,,m countdown,2,Khác,hướng dương,2,Khác,Yes,Unchanged,Unchanged,,,,,,,,,
42226432,,ca nhạc,2,Âm nhạc,một con vịt,2,Âm nhạc thiếu nhi,Yes,Changed,Âm nhạc -> Âm nhạc thiếu nhi,,,,,,,,,
42245739,,haru,2,Khác,thiên long bát bộ,2,Khác,Yes,Unchanged,Unchanged,,,,,,,,,
42246134,,ma búp bê,2,Tâm linh,doraemon,2,Anime,Yes,Changed,Tâm linh -> Anime,,,,,,,,,
42253654,,cậu bé mất tích,2,Phim truyền hình / Viễn tưởng (Stranger Things),trữ tình,6,Âm nhạc,Yes,Changed,Phim truyền hình / Viễn tưởng (Stranger Things) -> Âm nhạc,,,,,,,,,
42257079,,hai phượng,5,Khác,một con vịt,5,Âm nhạc thiếu nhi,Yes,Changed,Khác -> Âm nhạc thiếu nhi,,,,,,,,,
42283423,,baby shark,3,Âm nhạc thiếu nhi,baby shark,3,Âm nhạc thiếu nhi,No,Unchanged,Unchanged,,,,,,,,,
42292345,,em bé trong bụng mẹ,3,Khác,cẩu máy múc,11,Khác,Yes,Unchanged,Unchanged,,,,,,,,,
42296789,,ha no yashahime,2,Khác,hồi kí vanitas,2,Anime,Yes,Changed,Khác -> Anime,,,,,,,,,
42330618,,trở lại tuổi 18,5,Phim Hàn Quốc,sao băng,4,Khác,Yes,Changed,Phim Hàn Quốc -> Khác,,,,,,,,,
42334235,,người đẹp tóc mây,19,Phim hoạt hình,naruto,33,Anime,Yes,Changed,Phim hoạt hình -> Anime,,,,,,,,,
42342336,,lk bolero,15,Âm nhạc,cai ghe luc lac,2,Khác,Yes,Changed,Âm nhạc -> Khác,,,,,,,,,
42347682,,doraemon,2,Anime,doraemon,3,Anime,No,Unchanged,Unchanged,,,,,,,,,
42352888,,trò chơi tình ái,3,Khác,mặt nạ thủy tinh,2,Khác,Yes,Unchanged,Unchanged,,,,,,,,,
42385625,,penthouse 3,2,Phim Hàn Quốc,sao băng,7,Khác,Yes,Changed,Phim Hàn Quốc -> Khác,,,,,,,,,
42385770,,thế giới động vật,5,Tìm kiếm chung / Tài liệu,american wrestler the wizard,4,the wizard : Phim chiếu rạp,Yes,Changed,Tìm kiếm chung / Tài liệu -> the wizard : Phim chiếu rạp,,,,,,,,,
42402545,,love,7,Khác,love,3,Khác,No,Unchanged,Unchanged,,,,,,,,,
42403594,,na tra ma đồng giáng thế,2,ma đồng giáng thế : Phim hoạt hình,vườn sao băng,2,Khác,Yes,Changed,ma đồng giáng thế : Phim hoạt hình -> Khác,,,,,,,,,
42408199,,siêu nhân,18,Phim hoạt hình,siêu nhân,22,Phim hoạt hình,No,Unchanged,Unchanged,,,,,,,,,
42415193,,sao băng,4,Khác,cháu yêu cô chú công nhân,3,Khác,Yes,Unchanged,Unchanged,,,,,,,,,
42447652,,em là duy nhất trên thế giới,3,Khác,true beauty,2,Phim Hàn Quốc,Yes,Changed,Khác -> Phim Hàn Quốc,,,,,,,,,
42447834,,ghibli,4,Anime,mối tình đầu,6,Phim Hàn Quốc,Yes,Changed,Anime -> Phim Hàn Quốc,,,,,,,,,
42454488,,những người thừa kế,15,Phim Hàn Quốc,hoa du ký,6,Phim Hàn Quốc,Yes,Unchanged,Unchanged,,,,,,,,,
42503322,,liên minh công lý phiên bản của zack snyder,2,phiên bản của zack snyder : Phim chiếu rạp / Siêu anh hùng,phim chiến tranh,2,Khác,Yes,Changed,phiên bản của zack snyder : Phim chiếu rạp / Siêu anh hùng -> Khác,,,,,,,,,
42513822,,âm dương sư tình nhã tập,2,Khác,điệp vụ báo hồng,2,Khác,Yes,Unchanged,Unchanged,,,,,,,,,
42553853,,những người thừa kế,4,Phim Hàn Quốc,naruto,6,Anime,Yes,Changed,Phim Hàn Quốc -> Anime,,,,,,,,,
42564975,,sến 24,5,Âm nhạc,liên khúc,4,Âm nhạc,Yes,Unchanged,Unchanged,,,,,,,,,
42597532,,minh khoa,7,Khác,minh khoa,2,Khác,No,Unchanged,Unchanged,,,,,,,,,
42600163,,thanh g,4,Khác,spid,3,Khác,Yes,Unchanged,Unchanged,,,,,,,,,
42608782,,tam quốc,2,Khác,phỏng vấn độc quyền đặng văn lâm và những câu chuyện xung quanh trận thái lan,2,Khác,Yes,Unchanged,Unchanged,,,,,,,,,
42647801,,liên minh công lý phiên bản của zack snyder,4,phiên bản của zack snyder : Phim chiếu rạp / Siêu anh hùng,liên minh công lý phiên bản của zack snyder,3,phiên bản của zack snyder : Phim chiếu rạp / Siêu anh hùng,No,Unchanged,Unchanged,,,,,,,,,
42792168,,aquaman,6,Phim chiếu rạp / Siêu anh hùng,kẻ trộm mặt trăng minions,2,minions : Phim hoạt hình,Yes,Changed,Phim chiếu rạp / Siêu anh hùng -> minions : Phim hoạt hình,,,,,,,,,
42801464,,vẫn mãi tuổi 17,2,Khác,hiệp thám giản bất tri,3,Khác,Yes,Unchanged,Unchanged,,,,,,,,,
42825354,,cuộc chiến thượng lưu,2,Phim Hàn Quốc,naruto,4,Anime,Yes,Changed,Phim Hàn Quốc -> Anime,,,,,,,,,
42848863,,one piece phim,2,phim : Anime,lửa chiến,3,Khác,Yes,Changed,phim : Anime -> Khác,,,,,,,,,
42896209,,cuộc chiến thượng lưu,2,Phim Hàn Quốc,vô tình nhặt được tổng tài,2,Phim Trung Quốc,Yes,Changed,Phim Hàn Quốc -> Phim Trung Quốc,,,,,,,,,
42903408,,tinh thần biến,3,Khác,tinh thần biến,5,Khác,No,Unchanged,Unchanged,,,,,,,,,
42941411,,con gái miền tây,3,Khác,doraemon,2,Anime,Yes,Changed,Khác -> Anime,,,,,,,,,
42973297,,anh là hiệp di,2,Khác,cá mực hầm mật,4,Phim Trung Quốc,Yes,Changed,Khác -> Phim Trung Quốc,,,,,,,,,
42986020,,trực tiếp truyền hình,2,Khác,vtv6,3,Kênh truyền hình,Yes,Changed,Khác -> Kênh truyền hình,,,,,,,,,
42988027,,vct7,9,Khác,vct7,6,Khác,No,Unchanged,Unchanged,,,,,,,,,
43022728,,bất động sản trừ tà,2,Phim Hàn Quốc,tại sao lại là oh soo jae,2,Phim Hàn Quốc,Yes,Unchanged,Unchanged,,,,,,,,,
43079325,,shooting stars,2,Phim Hàn Quốc,cô nàng cử tạ kim bok soo,2,Khác,Yes,Changed,Phim Hàn Quốc -> Khác,,,,,,,,,
43217043,,khiee,2,Khác,boruto,4,naruto the movie : Anime,Yes,Changed,Khác -> naruto the movie : Anime,,,,,,,,,
43353995,,hương vị tình thân,2,Khác,lửa tình,4,Khác,Yes,Unchanged,Unchanged,,,,,,,,,
43377205,,karaoke,6,Âm nhạc,ca nhac,5,Âm nhạc,Yes,Unchanged,Unchanged,,,,,,,,,
43413499,,tây du ký,7,Phim Trung Quốc,tây du ký,11,Phim Trung Quốc,No,Unchanged,Unchanged,,,,,,,,,
43431184,,atta,4,Khác,cho cuu,2,Khác,Yes,Unchanged,Unchanged,,,,,,,,,
43456173,,con tim,2,Khác,liên minh công lý phiên bản của zack snyder,2,phiên bản của zack snyder : Phim chiếu rạp / Siêu anh hùng,Yes,Changed,Khác -> phiên bản của zack snyder : Phim chiếu rạp / Siêu anh hùng,,,,,,,,,
43488670,,vtv1,27,Kênh truyền hình,vtv1,45,Kênh truyền hình,No,Unchanged,Unchanged,,,,,,,,,
43535327,,đao kiếm thần vực phần 4,4,Anime,đao kiếm thần vực phần 4,2,Anime,No,Unchanged,Unchanged,,,,,,,,,
43673751,,thiên trường địa cửu,2,Khác,taxi em tên gì,2,Phim Việt Nam,Yes,Changed,Khác -> Phim Việt Nam,,,,,,,,,
4378630,,bước đường cùng,2,Phim Trung Quốc,huynh hieu minh,2,Khác,Yes,Changed,Phim Trung Quốc -> Khác,,,,,,,,,
43828101,,thiếu nhi,3,Tìm kiếm chung,thiếu nhi,4,Tìm kiếm chung,No,Unchanged,Unchanged,,,,,,,,,
43894965,,số đỏ,2,Khác,số đỏ,2,Khác,No,Unchanged,Unchanged,,,,,,,,,
43911181,,cuộc chiến thượng lưu,2,Phim Hàn Quốc,cạo râu xong tôi nhặt gái về nhà,2,Khác,Yes,Changed,Phim Hàn Quốc -> Khác,,,,,,,,,
43938287,,đội bay siêu đẳng,3,Khác,bolero,2,Âm nhạc,Yes,Changed,Khác -> Âm nhạc,,,,,,,,,
43940853,,cuộc chiến thượng lưu 3,2,Phim Hàn Quốc,tìm kiếm bằng giọng nói,2,Tìm kiếm chung / Chức năng,Yes,Changed,Phim Hàn Quốc -> Tìm kiếm chung / Chức năng,,,,,,,,,
44086944,,eve,2,Phim Hàn Quốc,cô nàng mạnh mẽ,2,Khác,Yes,Changed,Phim Hàn Quốc -> Khác,,,,,,,,,
44111929,,the k2,2,Khác,chuyện đời bác sỉ,2,Y khoa,Yes,Changed,Khác -> Y khoa,,,,,,,,,
4418680,,thiếu nhi,11,Tìm kiếm chung,thiếu nhi,4,Tìm kiếm chung,No,Unchanged,Unchanged,,,,,,,,,
44253353,,có bạn gái lại thêm bạn gái,2,Khác,điên thì có sao,2,Phim Hàn Quốc,Yes,Changed,Khác -> Phim Hàn Quốc,,,,,,,,,
44262555,,miễn bầu trời còn có mặt trời,2,Phim Thái Lan,u19,3,Khác,Yes,Changed,Phim Thái Lan -> Khác,,,,,,,,,
44276685,,hội pháp sư,2,Anime,hội pháp sư,4,Anime,No,Unchanged,Unchanged,,,,,,,,,
44327777,,thời sự,3,Tìm kiếm chung / Tin tức,thời sự,6,Tìm kiếm chung / Tin tức,No,Unchanged,Unchanged,,,,,,,,,
44336923,,trữ tình,2,Âm nhạc,bảo yến,2,Âm nhạc,Yes,Unchanged,Unchanged,,,,,,,,,
44384615,,true beauty,2,Phim Hàn Quốc,học viện anh h,2,Khác,Yes,Changed,Phim Hàn Quốc -> Khác,,,,,,,,,
44402261,,cô nàng trong trắng oh woo ri,4,Phim Hàn Quốc,minh châu rực rỡ,4,Phim Thái Lan,Yes,Changed,Phim Hàn Quốc -> Phim Thái Lan,,,,,,,,,
44415151,,ngược dòng thờ,2,Khác,oh h,3,Khác,Yes,Unchanged,Unchanged,,,,,,,,,
44458679,,học châu phu nhân,2,Khác,võ tắc thiên,2,Phim Trung Quốc,Yes,Changed,Khác -> Phim Trung Quốc,,,,,,,,,
44503406,,hoa tuyết điểm,2,Khác,cuộc chiến thượng lưu 4,5,Phim Hàn Quốc,Yes,Changed,Khác -> Phim Hàn Quốc,,,,,,,,,
44510836,,danh y vượt thời gian,2,Khác,cuộc sống thượng lưu,2,Phim Hàn Quốc,Yes,Changed,Khác -> Phim Hàn Quốc,,,,,,,,,
44536887,,tôi thấy hoa vàng trên cỏ xanh,2,Phim Việt Nam,tôi thấy hoa vàng trên cỏ xanh,2,Phim Việt Nam,No,Unchanged,Unchanged,,,,,,,,,
44555068,,cô bé masha và chú gấu xiếc,7,Phim hoạt hình,heo peppa,4,Phim hoạt hình,Yes,Unchanged,Unchanged,,,,,,,,,
4456557,,bac si,3,Y khoa,truong an nhu co,2,Khác,Yes,Changed,Y khoa -> Khác,,,,,,,,,
44576091,,luu l,3,Khác,chuong bao,2,Khác,Yes,Unchanged,Unchanged,,,,,,,,,
44589174,,một con vịt,4,Âm nhạc thiếu nhi,chú vịt con,2,Âm nhạc thiếu nhi,Yes,Unchanged,Unchanged,,,,,,,,,
44594501,,cung thủ siêu phàm,2,Khác,thành long,3,Khác,Yes,Unchanged,Unchanged,,,,,,,,,
44595809,,nguoi hung cua toi,2,Khác,romang,2,Khác,Yes,Unchanged,Unchanged,,,,,,,,,
44619176,,ca nhạc,2,Âm nhạc,ca nhạc,6,Âm nhạc,No,Unchanged,Unchanged,,,,,,,,,
44642965,,liên minh công lý phiên bản của zack snyder,2,phiên bản của zack snyder : Phim chiếu rạp / Siêu anh hùng,liên minh công lý phiên bản của zack snyder,2,phiên bản của zack snyder : Phim chiếu rạp / Siêu anh hùng,No,Unchanged,Unchanged,,,,,,,,,
4466305,,thiếu nhi,2,Tìm kiếm chung,pig,3,Động vật,Yes,Changed,Tìm kiếm chung -> Động vật,,,,,,,,,
44666938,,maika,6,Phim Việt Nam,penthouse 2,2,Phim Hàn Quốc,Yes,Changed,Phim Việt Nam -> Phim Hàn Quốc,,,,,,,,,
44697853,,lai la em oh he yuong,2,Khác,phù thủy tòa án,2,Khác,Yes,Unchanged,Unchanged,,,,,,,,,
44787468,,kim tịch hà tịch,3,Phim Trung Quốc,hoa gian tân nương,3,Phim Trung Quốc,Yes,Unchanged,Unchanged,,,,,,,,,
44836414,,gặp nhau giữa rừng mơ,6,Khác,gặp nhau giữa rừng mơ,2,Khác,No,Unchanged,Unchanged,,,,,,,,,
44846258,,sao băng,2,Khác,sao băng,5,Khác,No,Unchanged,Unchanged,,,,,,,,,
44863316,,bolero,5,Âm nhạc,máy bay,2,Khác,Yes,Changed,Âm nhạc -> Khác,,,,,,,,,
44898128,,tìm kiếm bằng giọng nói,2,Tìm kiếm chung / Chức năng,tiểu sử chàng nokdu,2,Khác,Yes,Changed,Tìm kiếm chung / Chức năng -> Khác,,,,,,,,,
44913938,,kết hôn rồi bắt đầu yêu,7,Phim Trung Quốc,ca the,10,Khác,Yes,Changed,Phim Trung Quốc -> Khác,,,,,,,,,
44928271,,người ấy là ai,2,Chương trình truyền hình,yêu em từ cái nhìn đầu tiên,4,Phim Trung Quốc,Yes,Changed,Chương trình truyền hình -> Phim Trung Quốc,,,,,,,,,
44932852,,chú vịt con,6,Âm nhạc thiếu nhi,bống bống bang bang,2,Âm nhạc thiếu nhi,Yes,Unchanged,Unchanged,,,,,,,,,
44961302,,fairy tail,3,Anime,horimiya,2,Anime,Yes,Unchanged,Unchanged,,,,,,,,,
44966659,,lửa chiến,2,Khác,siêu nhân,8,Phim hoạt hình,Yes,Changed,Khác -> Phim hoạt hình,,,,,,,,,
45007722,,true,10,Khác,khách sạn diệu kỳ,2,Khác,Yes,Unchanged,Unchanged,,,,,,,,,
45012053,,bad papa,2,Khác,queendom,8,Chương trình Hàn Quốc,Yes,Changed,Khác -> Chương trình Hàn Quốc,,,,,,,,,
45061985,,phim công chúa aurora,2,Khác,siêunhân,2,Khác,Yes,Unchanged,Unchanged,,,,,,,,,
45072323,,alic,5,Khác,cô nàng đẹp trai,5,Khác,Yes,Unchanged,Unchanged,,,,,,,,,
45077878,,lấy danh nghĩa người nhà,2,Phim Trung Quốc,khi ác quỷ gọi tên,2,Khác,Yes,Changed,Phim Trung Quốc -> Khác,,,,,,,,,
45206164,,cô nàng mạnh mẽ do bong soon,3,Khác,luu l,2,Khác,Yes,Unchanged,Unchanged,,,,,,,,,
45273862,,pinochio,2,Phim Hàn Quốc,goblin,3,Phim Hàn Quốc,Yes,Unchanged,Unchanged,,,,,,,,,
45350948,,heri pooter,2,Khác,tai sa,2,Khác,Yes,Unchanged,Unchanged,,,,,,,,,
45439975,,thien nga,6,Khác,tìm kiếm bằng giọng nói,7,Tìm kiếm chung / Chức năng,Yes,Changed,Khác -> Tìm kiếm chung / Chức năng,,,,,,,,,
45444746,,huế thương,4,Khác,sống,3,Khác,Yes,Unchanged,Unchanged,,,,,,,,,
45659859,,khát khao dối trá,4,Khác,loài hoa dành vọng,2,Khác,Yes,Unchanged,Unchanged,,,,,,,,,
45704268,,little,2,Khác,lucy,2,Phim chiếu rạp / Hành động,Yes,Changed,Khác -> Phim chiếu rạp / Hành động,,,,,,,,,
45706963,,hóa ra anh vẫn ở đây,2,Khác,bên nhau,2,Khác,Yes,Unchanged,Unchanged,,,,,,,,,
45798132,,thử thách thần chết giữa hai thế giới,2,giữa hai thế giới : Phim chiếu rạp / Giả tưởng,hoa du ký,2,Phim Hàn Quốc,Yes,Changed,giữa hai thế giới : Phim chiếu rạp / Giả tưởng -> Phim Hàn Quốc,,,,,,,,,
45929206,,nàng vệ sĩ của tôi,2,Khác,hậu duệ mặt trời,2,Phim Hàn Quốc,Yes,Changed,Khác -> Phim Hàn Quốc,,,,,,,,,
45939336,,sao băng,2,Khác,yêu tinh,7,Phim Hàn Quốc,Yes,Changed,Khác -> Phim Hàn Quốc,,,,,,,,,
46017320,,one punch man,2,Anime,lạp tội đồ giám,2,Phim Trung Quốc,Yes,Changed,Anime -> Phim Trung Quốc,,,,,,,,,
46052055,,penthouse 1,2,Phim Hàn Quốc,phia,15,Khác,Yes,Changed,Phim Hàn Quốc -> Khác,,,,,,,,,
46062258,,quan s,2,Khác,luu l,6,Khác,Yes,Unchanged,Unchanged,,,,,,,,,
46063866,,vô tình nhặt được tổng tài,2,Phim Trung Quốc,bên a sống ở cạnh nhà tôi,2,Phim Trung Quốc,Yes,Unchanged,Unchanged,,,,,,,,,
46108376,,paw patrol,10,Phim hoạt hình,robocar poli,4,Khác,Yes,Changed,Phim hoạt hình -> Khác,,,,,,,,,
46136601,,nỗi vương vấn của hạ tiên sinh,3,Phim Trung Quốc,tam thiên nha sát,3,Phim Trung Quốc,Yes,Unchanged,Unchanged,,,,,,,,,
46255280,,lấy danh nghĩa người nhà,7,Phim Trung Quốc,mây họa ánh trăng,2,Phim Hàn Quốc,Yes,Changed,Phim Trung Quốc -> Phim Hàn Quốc,,,,,,,,,
46463849,,sao băng,2,Khác,your name,2,Khác,Yes,Unchanged,Unchanged,,,,,,,,,
46514166,,penthouse 2,2,Phim Hàn Quốc,the act,2,Khác,Yes,Changed,Phim Hàn Quốc -> Khác,,,,,,,,,
46533821,,conan,2,Anime,paw p,6,Khác,Yes,Changed,Anime -> Khác,,,,,,,,,
46731164,,sofar,8,Khác,anh sao va bau troi,2,Khác,Yes,Unchanged,Unchanged,,,,,,,,,
4675904,,cô nàng trong trắng oh woo ri,2,Phim Hàn Quốc,thiên nga bóng đêm,2,Phim Hàn Quốc,Yes,Unchanged,Unchanged,,,,,,,,,
46788995,,lạp tội đồ giám,7,Phim Trung Quốc,lương sinh liệu đôi ta có thể ngừng đau thương,8,Khác,Yes,Changed,Phim Trung Quốc -> Khác,,,,,,,,,
46820880,,komi,4,Anime,pri pra,2,Khác,Yes,Changed,Anime -> Khác,,,,,,,,,
46853233,,minh lan truyện,6,Phim Trung Quốc,the world of the married,7,Khác,Yes,Changed,Phim Trung Quốc -> Khác,,,,,,,,,
46887787,,tái sinh báo thù,2,Phim ảnh,phù dao hoàng hậu,2,Phim Trung Quốc,Yes,Changed,Phim ảnh -> Phim Trung Quốc,,,,,,,,,
46888084,,tiên kiếm kỳ hiệp,3,Khác,tiên kiếm kỳ hiệp,2,Khác,No,Unchanged,Unchanged,,,,,,,,,
46906143,,tiểu nương tử nhà tướng quân,4,Phim Trung Quốc,thanh thanh tử khâm,2,Phim Trung Quốc,Yes,Unchanged,Unchanged,,,,,,,,,
46910732,,overlord iii,2,Anime,conan,3,Anime,Yes,Unchanged,Unchanged,,,,,,,,,
47115908,,em là thành trì doanh lũy của anh,4,Phim Trung Quốc,cá mực hầm mật,2,Phim Trung Quốc,Yes,Unchanged,Unchanged,,,,,,,,,
47134795,,cô gái nhím của,2,Khác,nhất kiến khuynh tâm,3,Phim Trung Quốc,Yes,Changed,Khác -> Phim Trung Quốc,,,,,,,,,
47152898,,phim lẻ,7,Khác,phim lẻ,5,Khác,No,Unchanged,Unchanged,,,,,,,,,
47195731,,hãy gọi tôi là tổng giám đốc thuyết minh,2,Khác,phim hàn quốc giám đốc bí mật,2,Khác,Yes,Unchanged,Unchanged,,,,,,,,,
47227399,,penthouse,3,Phim Hàn Quốc,nguoi y duc 2,2,Khác,Yes,Changed,Phim Hàn Quốc -> Khác,,,,,,,,,
47261401,,thiếu niên ninja rùa đột biến,2,Phim hoạt hình,người đẹp tóc mây,2,Phim hoạt hình,Yes,Unchanged,Unchanged,,,,,,,,,
47288976,,thiếu nhi,2,Tìm kiếm chung,thiếu nhi,7,Tìm kiếm chung,No,Unchanged,Unchanged,,,,,,,,,
47327838,,fairy tail,4,Anime,fairy tail,6,Anime,No,Unchanged,Unchanged,,,,,,,,,
47388256,,yêu thầm anh xã,4,Phim Thái Lan,u19,18,Khác,Yes,Changed,Phim Thái Lan -> Khác,,,,,,,,,
47438321,,liên minh công lý phiên bản của zack snyder,2,phiên bản của zack snyder : Phim chiếu rạp / Siêu anh hùng,komi,2,Anime,Yes,Changed,phiên bản của zack snyder : Phim chiếu rạp / Siêu anh hùng -> Anime,,,,,,,,,
47503209,,phim kiếm hiệp,7,Khác,2012 năm đại họa,3,Khác,Yes,Unchanged,Unchanged,,,,,,,,,
47573496,,cổ tích việt nam,3,Khác,phim kinh dị có thuyết minh,2,Thể loại phim,Yes,Changed,Khác -> Thể loại phim,,,,,,,,,
47634814,,bleack,3,Khác,bleack,2,Khác,No,Unchanged,Unchanged,,,,,,,,,
4767513,,sao băng,3,Khác,thanh thanh tử khâm,2,Phim Trung Quốc,Yes,Changed,Khác -> Phim Trung Quốc,,,,,,,,,
47701147,,ban t,2,Khác,kẻ trộm mặt trăng minions,2,minions : Phim hoạt hình,Yes,Changed,Khác -> minions : Phim hoạt hình,,,,,,,,,
47778267,,bạn trai tôi là hồ ly,5,Phim Hàn Quốc,minio,2,Khác,Yes,Changed,Phim Hàn Quốc -> Khác,,,,,,,,,
47787671,,nữ thanh tra tài ba,3,Phim Hàn Quốc,mặt trăng ôm mặt trời,6,Phim Hàn Quốc,Yes,Unchanged,Unchanged,,,,,,,,,
47804252,,chú thuật hồi chiến,3,Anime,học viện anh hùng phần 2,2,Anime,Yes,Unchanged,Unchanged,,,,,,,,,
4781692,,sword art online alicization,2,alicization : Anime,willy wonka,7,Khác,Yes,Changed,alicization : Anime -> Khác,,,,,,,,,
4783009,,mị nguyệt truyện,5,Phim Trung Quốc,mị nguyệt truyện,5,Phim Trung Quốc,No,Unchanged,Unchanged,,,,,,,,,
47962848,,coolie,3,Khác,đấu phá thương khung,2,Khác,Yes,Unchanged,Unchanged,,,,,,,,,
47968340,,cô nàng trong trắng oh woo ri,2,Phim Hàn Quốc,cô nàng cử tạ,2,Khác,Yes,Changed,Phim Hàn Quốc -> Khác,,,,,,,,,
4797575,,nhân sinh nếu như lần đầu gặp gỡ,5,Khác,lấy danh nghĩa người nhà,24,Phim Trung Quốc,Yes,Changed,Khác -> Phim Trung Quốc,,,,,,,,,
48018033,,jutsukáien,2,Khác,tokyo goul,2,Khác,Yes,Unchanged,Unchanged,,,,,,,,,
48025106,,báo thù,2,Khác,hạ cánh noi anh,2,Phim Hàn Quốc,Yes,Changed,Khác -> Phim Hàn Quốc,,,,,,,,,
48113409,,avatar the last airbender,4,Khác,ấu trùng tinh nghịch,2,Phim hoạt hình,Yes,Changed,Khác -> Phim hoạt hình,,,,,,,,,
48276350,,sao băng,2,Khác,cuộc chiến thượng lưu,4,Phim Hàn Quốc,Yes,Changed,Khác -> Phim Hàn Quốc,,,,,,,,,
48392777,,cô nàng trong trắng oh woo ri,2,Phim Hàn Quốc,mr queen,2,Phim Hàn Quốc,Yes,Unchanged,Unchanged,,,,,,,,,
48414206,,doraemon,5,Anime,youtube,3,Nền tảng,Yes,Changed,Anime -> Nền tảng,,,,,,,,,
48471842,,đấu trường âm nhạc,2,Chương trình truyền hình,đấu trường âm nhạc,5,Chương trình truyền hình,No,Unchanged,Unchanged,,,,,,,,,
48473558,,công chúa orona,2,Khác,sam sam tới rồi,6,Khác,Yes,Unchanged,Unchanged,,,,,,,,,
48506905,,được gặp em tại ngục tối liệu có sai phần 1,3,Khác,nỗi vương vấn của hạ tiêm sinh,2,Khác,Yes,Unchanged,Unchanged,,,,,,,,,
48565922,,yêu tinh,4,Phim Hàn Quốc,thanh thanh tử khâm,4,Phim Trung Quốc,Yes,Changed,Phim Hàn Quốc -> Phim Trung Quốc,,,,,,,,,
48592108,,nguoi hung,2,Khác,mê cung huyền,2,Khác,Yes,Unchanged,Unchanged,,,,,,,,,
48607829,,inu,3,Khác,nisekoi,8,Khác,Yes,Unchanged,Unchanged,,,,,,,,,
48782051,,bảo yến,4,Âm nhạc,ca nhạc,2,Âm nhạc,Yes,Unchanged,Unchanged,,,,,,,,,
48799491,,thiếu nhi,2,Tìm kiếm chung,thiếu nhi,7,Tìm kiếm chung,No,Unchanged,Unchanged,,,,,,,,,
48870777,,vân tịch truyện,2,Phim Trung Quốc,code geass,2,Khác,Yes,Changed,Phim Trung Quốc -> Khác,,,,,,,,,
48909543,,tiểu ma đầu lộ tẩy rồi,2,Tâm linh,gate,2,Khác,Yes,Changed,Tâm linh -> Khác,,,,,,,,,
48913751,,siêu nhân,2,Phim hoạt hình,mở con bò,2,Khác,Yes,Changed,Phim hoạt hình -> Khác,,,,,,,,,
48927714,,boruto,2,naruto the movie : Anime,hội pháp sư,3,Anime,Yes,Changed,naruto the movie : Anime -> Anime,,,,,,,,,
49002925,,thanh gươm diệt quỷ chuyến tàu vô tận,3,Anime,tìm kiếm bằng giọng nói,5,Tìm kiếm chung / Chức năng,Yes,Changed,Anime -> Tìm kiếm chung / Chức năng,,,,,,,,,
49010284,,sao băng,3,Khác,sao băng,2,Khác,No,Unchanged,Unchanged,,,,,,,,,
49024440,,ban trai,2,Khác,nguoi,2,Khác,Yes,Unchanged,Unchanged,,,,,,,,,
49032361,,lấy danh nghĩa người nhà,2,Phim Trung Quốc,ca m,9,Khác,Yes,Changed,Phim Trung Quốc -> Khác,,,,,,,,,
49043014,,sống quan họ bắc ninh,2,Khác,sống quan họ bắc ninh,2,Khác,No,Unchanged,Unchanged,,,,,,,,,
49047951,,cuộc chiến thượng lưu,2,Phim Hàn Quốc,luật sư,2,Khác,Yes,Changed,Phim Hàn Quốc -> Khác,,,,,,,,,
49048971,,dog,2,Động vật,dog,4,Động vật,No,Unchanged,Unchanged,,,,,,,,,
49054406,,nhím sonic 2,4,Phim hoạt hình,one piece phim,3,phim : Anime,Yes,Changed,Phim hoạt hình -> phim : Anime,,,,,,,,,
49091607,,hai chàng ngốc,6,Khác,hai chàng ngốc,13,Khác,No,Unchanged,Unchanged,,,,,,,,,
49097038,,boruto naruto the movie,8,Anime,boruto naruto the movie,6,Anime,No,Unchanged,Unchanged,,,,,,,,,
49107474,,thiên long bát bộ,2,Khác,one punch man,2,Anime,Yes,Changed,Khác -> Anime,,,,,,,,,
49128928,,baki,6,Anime,nguyen l,13,Khác,Yes,Changed,Anime -> Khác,,,,,,,,,
49154046,,cuộc chiến thượng lưu,2,Phim Hàn Quốc,cuộc chiến thượng lưu p3,2,Phim Hàn Quốc,Yes,Unchanged,Unchanged,,,,,,,,,
49162486,,hội pháp sư,26,Anime,hội pháp sư phần cuối,11,Anime,Yes,Unchanged,Unchanged,,,,,,,,,
49174200,,chàng hậu,15,Phim Hàn Quốc,kết hôn rồi bắt đầu yêu,4,Phim Trung Quốc,Yes,Changed,Phim Hàn Quốc -> Phim Trung Quốc,,,,,,,,,
49189707,,tiểu nương tử nhà tướng quân,2,Phim Trung Quốc,cả thế giới đều không bằng em,2,Phim Trung Quốc,Yes,Unchanged,Unchanged,,,,,,,,,
49189789,,sống chung với mẹ chồng,6,Khác,thời sự,6,Tìm kiếm chung / Tin tức,Yes,Changed,Khác -> Tìm kiếm chung / Tin tức,,,,,,,,,
49196646,,cuoc so,13,Khác,harry,2,Khác,Yes,Unchanged,Unchanged,,,,,,,,,
49204100,,reply,2,Khác,jujutsu kaisen,3,Anime,Yes,Changed,Khác -> Anime,,,,,,,,,
49218270,,fairy tail,3,Anime,fairy tail,5,Anime,No,Unchanged,Unchanged,,,,,,,,,
49219637,,zinba,2,Khác,siêu nhân,2,Phim hoạt hình,Yes,Changed,Khác -> Phim hoạt hình,,,,,,,,,
49228059,,cuoc so,5,Khác,chi em,2,Khác,Yes,Unchanged,Unchanged,,,,,,,,,
49232836,,hotel,7,Khác,yêu tinh,7,Phim Hàn Quốc,Yes,Changed,Khác -> Phim Hàn Quốc,,,,,,,,,
49238850,,penthouse 2,3,Phim Hàn Quốc,cuop bien vung caribe,2,Khác,Yes,Changed,Phim Hàn Quốc -> Khác,,,,,,,,,
49241906,,nỗi vương vấn của hạ tiên sinh,10,Phim Trung Quốc,yêu thầm anh xã,11,Phim Thái Lan,Yes,Changed,Phim Trung Quốc -> Phim Thái Lan,,,,,,,,,
49256377,,cháu trai,2,Khác,gia đình bất hạnh,3,Khác,Yes,Unchanged,Unchanged,,,,,,,,,
49265406,,thiếu nhi,4,Tìm kiếm chung,thiếu nhi,2,Tìm kiếm chung,No,Unchanged,Unchanged,,,,,,,,,
49278128,,phim tvb,2,Khác,hoạt hình,2,Khác,Yes,Unchanged,Unchanged,,,,,,,,,
49311133,,chú thuật hồi chiến,10,Anime,bung,2,Khác,Yes,Changed,Anime -> Khác,,,,,,,,,
49319291,,khách sạn ma quái,2,Phim Hàn Quốc,bất động sản trừ tà,3,Phim Hàn Quốc,Yes,Unchanged,Unchanged,,,,,,,,,
49338767,,lk nhac tru tinh,4,Âm nhạc,thuong em,2,Khác,Yes,Changed,Âm nhạc -> Khác,,,,,,,,,
49339968,,liên minh công lý phiên bản của zack snyder,5,phiên bản của zack snyder : Phim chiếu rạp / Siêu anh hùng,liên minh công lý phiên bản của zack snyder,3,phiên bản của zack snyder : Phim chiếu rạp / Siêu anh hùng,No,Unchanged,Unchanged,,,,,,,,,
49353022,,những người thừa kế,8,Phim Hàn Quốc,thien nga bong dem,3,Khác,Yes,Changed,Phim Hàn Quốc -> Khác,,,,,,,,,
49354781,,thế giới động vật,6,Tìm kiếm chung / Tài liệu,thế giới động vật,7,Tìm kiếm chung / Tài liệu,No,Unchanged,Unchanged,,,,,,,,,
49355240,,lạp tội đồ giám,2,Phim Trung Quốc,em đẹp nhất là khi mỉm cười,2,Phim Trung Quốc,Yes,Unchanged,Unchanged,,,,,,,,,
49361889,,siêu nhân,4,Phim hoạt hình,siêu nhân,2,Phim hoạt hình,No,Unchanged,Unchanged,,,,,,,,,
49370452,,hát về cây lúa hôm nay,3,Khác,siêu nhân,2,Phim hoạt hình,Yes,Changed,Khác -> Phim hoạt hình,,,,,,,,,
49374105,,yêu tinh,4,Phim Hàn Quốc,bạn trai tôi là hồ ly,5,Phim Hàn Quốc,Yes,Unchanged,Unchanged,,,,,,,,,
49375248,,ly nhân tâm thượng,15,Phim Trung Quốc,hoa gian tân nương,3,Phim Trung Quốc,Yes,Unchanged,Unchanged,,,,,,,,,
49375386,,hai tac mu rom,2,Khác,sửu phi giá đáo,94,Phim Trung Quốc,Yes,Changed,Khác -> Phim Trung Quốc,,,,,,,,,
49384410,,mối tình đầu của tôi,2,Phim Việt Nam,san san đến rồi,2,Khác,Yes,Changed,Phim Việt Nam -> Khác,,,,,,,,,
49406639,,tuyển tập phim ngắn việt nam,2,phim ngắn việt nam : Phim Việt Nam,baby shark,2,Âm nhạc thiếu nhi,Yes,Changed,phim ngắn việt nam : Phim Việt Nam -> Âm nhạc thiếu nhi,,,,,,,,,
49442307,,trữ tình,2,Âm nhạc,hòa tấu,5,Khác,Yes,Changed,Âm nhạc -> Khác,,,,,,,,,
49446079,,nếu em được chọn lựa,3,Khác,nếu em được chọn lựa,2,Khác,No,Unchanged,Unchanged,,,,,,,,,
49505450,,mở bài hát,6,Khác,cảnh sát hình sự,2,Phim Việt Nam,Yes,Changed,Khác -> Phim Việt Nam,,,,,,,,,
49514164,,prime provider,2,Khác,thien truong dia cuu gin tuan kiet,2,Khác,Yes,Unchanged,Unchanged,,,,,,,,,
49516461,,fairy tail,2,Anime,fairy tail,2,Anime,No,Unchanged,Unchanged,,,,,,,,,
49525386,,blackclover,2,Khác,lạc vào thế giới game,3,Khác,Yes,Unchanged,Unchanged,,,,,,,,,
49529635,,người thầy y đức,5,Phim Hàn Quốc,sao băng,10,Khác,Yes,Changed,Phim Hàn Quốc -> Khác,,,,,,,,,
49532262,,trữ tình,7,Âm nhạc,một con vịt,6,Âm nhạc thiếu nhi,Yes,Changed,Âm nhạc -> Âm nhạc thiếu nhi,,,,,,,,,
49546765,,phim siêu nhân,4,Phim hoạt hình,lửa chiến,4,Khác,Yes,Changed,Phim hoạt hình -> Khác,,,,,,,,,
49551507,,mở mầm chồi lá,2,Khác,cô bé masha và chú gấu xiếc,3,Phim hoạt hình,Yes,Changed,Khác -> Phim hoạt hình,,,,,,,,,
49563924,,siêu nhân,2,Phim hoạt hình,loạn,5,Khác,Yes,Changed,Phim hoạt hình -> Khác,,,,,,,,,
49563999,,chàng hậu,2,Phim Hàn Quốc,lưu ly mỹ nhân sát,2,Phim Trung Quốc,Yes,Changed,Phim Hàn Quốc -> Phim Trung Quốc,,,,,,,,,
49609809,,thử thách thần tượng,3,Chương trình truyền hình,thanh thanh tử khâm,4,Phim Trung Quốc,Yes,Changed,Chương trình truyền hình -> Phim Trung Quốc,,,,,,,,,
49612090,,bác sĩ yo han,7,Phim Hàn Quốc,lê hấp đường phèn,2,Phim Trung Quốc,Yes,Changed,Phim Hàn Quốc -> Phim Trung Quốc,,,,,,,,,
49644858,,thế giới động vật,3,Tìm kiếm chung / Tài liệu,thế giới động vật,3,Tìm kiếm chung / Tài liệu,No,Unchanged,Unchanged,,,,,,,,,
49662818,,bolero,7,Âm nhạc,bolero,3,Âm nhạc,No,Unchanged,Unchanged,,,,,,,,,
49666629,,ấu trùng tinh nghịch,2,Phim hoạt hình,nàng bạch tuyết và bảy chú lùn,8,Phim hoạt hình,Yes,Unchanged,Unchanged,,,,,,,,,
49694588,,chuyến tàu sinh tử,2,Khác,cuộc chiến thượng lưu,4,Phim Hàn Quốc,Yes,Changed,Khác -> Phim Hàn Quốc,,,,,,,,,
49699336,,lời nguyền ma lai,2,Phim Thái Lan,chuyện chàng vệ sĩ và nàng siêu sao,4,Khác,Yes,Changed,Phim Thái Lan -> Khác,,,,,,,,,
49710535,,lay d,2,Khác,tiểu nương tử nhà tướng quân,2,Phim Trung Quốc,Yes,Changed,Khác -> Phim Trung Quốc,,,,,,,,,
49738758,,hạnh phúc trong tầm tay,2,Phim Trung Quốc,pent,3,Khác,Yes,Changed,Phim Trung Quốc -> Khác,,,,,,,,,
49746850,,khủng long,2,Động vật,siêu nhân,3,Phim hoạt hình,Yes,Changed,Động vật -> Phim hoạt hình,,,,,,,,,
49789619,,trọn đời trọn kiếp,2,Khác,gay tv,5,Khác,Yes,Unchanged,Unchanged,,,,,,,,,
49793827,,trữ tình,2,Âm nhạc,trữ tình,2,Âm nhạc,No,Unchanged,Unchanged,,,,,,,,,
49796324,,naruto,11,Anime,tien vu,5,Khác,Yes,Changed,Anime -> Khác,,,,,,,,,
49800435,,lưỡi gươm diệt quỷ,2,Anime,reply 1998,2,Khác,Yes,Changed,Anime -> Khác,,,,,,,,,
49873007,,sao băng,4,Khác,yêu tinh,15,Phim Hàn Quốc,Yes,Changed,Khác -> Phim Hàn Quốc,,,,,,,,,
49880245,,thiếu nhi,2,Tìm kiếm chung,thiếu nhi,3,Tìm kiếm chung,No,Unchanged,Unchanged,,,,,,,,,
49881332,,bac si,2,Y khoa,phim tội phạm,7,Khác,Yes,Changed,Y khoa -> Khác,,,,,,,,,
49906110,,trữ tình,6,Âm nhạc,trữ tình,10,Âm nhạc,No,Unchanged,Unchanged,,,,,,,,,
49921778,,luu l,5,Khác,cùng em đi đến tận cùng thế giới,3,Phim Trung Quốc,Yes,Changed,Khác -> Phim Trung Quốc,,,,,,,,,
49924700,,attack on titan shingeki no kyojin,20,Anime,jujutsu kaisen,2,Anime,Yes,Unchanged,Unchanged,,,,,,,,,
49932575,,mở hoạt hình,9,Khác,tây du ký,2,Phim Trung Quốc,Yes,Changed,Khác -> Phim Trung Quốc,,,,,,,,,
49953727,,chú thuật hồi chiến,2,Anime,chú thuật hồi chiến,5,Anime,No,Unchanged,Unchanged,,,,,,,,,
49971288,,fairy tail,3,Anime,fairy tail,2,Anime,No,Unchanged,Unchanged,,,,,,,,,
49983335,,ân oán hiệp sĩ thần kiếm giang hồ,2,Khác,trực tiếp bóng đá,2,Khác,Yes,Unchanged,Unchanged,,,,,,,,,
5087348,,tube,4,Khác,mở 60 giây htv7,2,Khác,Yes,Unchanged,Unchanged,,,,,,,,,
5232998,,gửi thời thanh xuân ngây thơ tươi đẹp,2,Phim Trung Quốc,dưới lớp vỏ bọc,2,Khác,Yes,Changed,Phim Trung Quốc -> Khác,,,,,,,,,
5247919,,hải thượng phồn hoa,2,Khác,thiên nga bóng đêm,2,Phim Hàn Quốc,Yes,Changed,Khác -> Phim Hàn Quốc,,,,,,,,,
5559482,,mẹ ma,5,Phim chiếu rạp / Kinh dị,mẹ ma,4,Phim chiếu rạp / Kinh dị,No,Unchanged,Unchanged,,,,,,,,,
5644124,,borutoo,3,naruto the movie : Anime,giải cứu nhà trắng,2,Khác,Yes,Changed,naruto the movie : Anime -> Khác,,,,,,,,,
5662339,,tom jerry quậy tung new york,3,Khác,tom jerry quậy tung new york,2,Khác,No,Unchanged,Unchanged,,,,,,,,,
5963654,,jujutsu kaisen,3,Anime,học viện anh hùng phần 2,2,Anime,Yes,Unchanged,Unchanged,,,,,,,,,
7090772,,attack on titan part 1,2,Anime,ngôi sao khoai tây,2,Phim Hàn Quốc,Yes,Changed,Anime -> Phim Hàn Quốc,,,,,,,,,
7242393,,cá mập con,6,Khác,cá mập con,4,Khác,No,Unchanged,Unchanged,,,,,,,,,
7294273,,chiến,2,Khác,men in black,3,Khác,Yes,Unchanged,Unchanged,,,,,,,,,
7305859,,jurassicpark,2,Khác,captain america,2,Khác,Yes,Unchanged,Unchanged,,,,,,,,,
7313578,,neodaubenque,4,Khác,liên minh công lý phiên bản của zack snyder,3,phiên bản của zack snyder : Phim chiếu rạp / Siêu anh hùng,Yes,Changed,Khác -> phiên bản của zack snyder : Phim chiếu rạp / Siêu anh hùng,,,,,,,,,
7350153,,be mbitious,2,Chương trình Hàn Quốc,những chàng trai tham vọng be mbitious,4,Phim Thái Lan,Yes,Changed,Chương trình Hàn Quốc -> Phim Thái Lan,,,,,,,,,
7423661,,liên minh công lý phiên bản của zack snyder,2,phiên bản của zack snyder : Phim chiếu rạp / Siêu anh hùng,liên minh công lý phiên bản của zack snyder,2,phiên bản của zack snyder : Phim chiếu rạp / Siêu anh hùng,No,Unchanged,Unchanged,,,,,,,,,
7431161,,lấy danh nghĩa người nhà,4,Phim Trung Quốc,sao băng,2,Khác,Yes,Changed,Phim Trung Quốc -> Khác,,,,,,,,,
7476738,,bà thám tử tài ba,2,Khác,disney,7,Khác,Yes,Unchanged,Unchanged,,,,,,,,,
7520435,,hoi p,4,Khác,hội pháp sư,4,Anime,Yes,Changed,Khác -> Anime,,,,,,,,,
7838373,,youtube,2,Nền tảng,siêu nhân,2,Phim hoạt hình,Yes,Changed,Nền tảng -> Phim hoạt hình,,,,,,,,,
786973,,liên minh công lý phiên bản của zack snyder,3,phiên bản của zack snyder : Phim chiếu rạp / Siêu anh hùng,liên minh công lý phiên bản của zack snyder,5,phiên bản của zack snyder : Phim chiếu rạp / Siêu anh hùng,No,Unchanged,Unchanged,,,,,,,,,
7873448,,attack,3,Khác,attack,2,Khác,No,Unchanged,Unchanged,,,,,,,,,
8038316,,danh sách mua sắm của kẻ sát nhân,2,Phim Hàn Quốc,tại sao lại là oh soo jae,2,Phim Hàn Quốc,Yes,Unchanged,Unchanged,,,,,,,,,
8255752,,bingo,2,Khác,tấm cám chuyện chưa kể,2,chuyện chưa kể : Phim Việt Nam,Yes,Changed,Khác -> chuyện chưa kể : Phim Việt Nam,,,,,,,,,
8390474,,fargo,4,Khác,godzilla,2,Phim chiếu rạp,Yes,Changed,Khác -> Phim chiếu rạp,,,,,,,,,
8527448,,guitar,4,Khác,minio,2,Khác,Yes,Unchanged,Unchanged,,,,,,,,,
8568641,,co dau bi ban,2,Khác,sans,10,Khác,Yes,Unchanged,Unchanged,,,,,,,,,
8691316,,ánh dương lòng tôi,2,Khác,yêu thầm anh xã,2,Phim Thái Lan,Yes,Changed,Khác -> Phim Thái Lan,,,,,,,,,
8760391,,paw patrol,2,Phim hoạt hình,paw patrol,2,Phim hoạt hình,No,Unchanged,Unchanged,,,,,,,,,
8771759,,bạn muốn hẹn hò,2,Chương trình truyền hình,karaoke mưa rừng tone nữ,5,Âm nhạc,Yes,Changed,Chương trình truyền hình -> Âm nhạc,,,,,,,,,
8881301,,cháu lên ba,3,Khác,cháu lên ba,6,Khác,No,Unchanged,Unchanged,,,,,,,,,
8970807,,the invasion,3,Khác,the pacific,7,Khác,Yes,Unchanged,Unchanged,,,,,,,,,
8992962,,bí mật không thể yêu đương,3,Khác,em là thành trì doanh lũy của anh,2,Phim Trung Quốc,Yes,Changed,Khác -> Phim Trung Quốc,,,,,,,,,
90004638,,attack on titan season 2 shingeki no kyojin,4,Anime,vua bong chuyen,3,Khác,Yes,Changed,Anime -> Khác,,,,,,,,,
90034671,,shokugeki no souma shin no sara,5,Khác,shokugeki no souma shin no sara,3,Khác,No,Unchanged,Unchanged,,,,,,,,,
90048646,,bằng chứng thép 3,2,Phim Hồng Kông,hồ sơ trinh sát,2,Phim Hồng Kông,Yes,Unchanged,Unchanged,,,,,,,,,
9005739,,trò chơi vương quyền,2,Khác,hạ cánh nơi anh,2,Phim Hàn Quốc,Yes,Changed,Khác -> Phim Hàn Quốc,,,,,,,,,
90171381,,school 2020,5,Khác,truong du hi,2,Khác,Yes,Unchanged,Unchanged,,,,,,,,,
90241905,,cô nàng trong trắng oh woo ri,2,Phim Hàn Quốc,running man,2,Chương trình truyền hình,Yes,Changed,Phim Hàn Quốc -> Chương trình truyền hình,,,,,,,,,
90279953,,tình yêu màu trắng,2,Khác,tharntype,2,Khác,Yes,Unchanged,Unchanged,,,,,,,,,
90280074,,hội pháp sư,12,Anime,khie,2,Khác,Yes,Changed,Anime -> Khác,,,,,,,,,
90398084,,hustle,3,Khác,dear m,3,Khác,Yes,Unchanged,Unchanged,,,,,,,,,
90461721,,king kong,3,Phim chiếu rạp,king kong,2,Phim chiếu rạp,No,Unchanged,Unchanged,,,,,,,,,
90537449,,lưu ly mỹ nhân sát,2,Phim Trung Quốc,bên nhau trọn đời,2,Phim Trung Quốc,Yes,Unchanged,Unchanged,,,,,,,,,
90610729,,giữa thanh xuân,2,Phim Trung Quốc,cô gái có thể nhìn thấy chúng,2,Khác,Yes,Changed,Phim Trung Quốc -> Khác,,,,,,,,,
90632568,,học viện anh hùng phần 3,6,Anime,học viện anh hùng phần 4,5,Anime,Yes,Unchanged,Unchanged,,,,,,,,,
90742568,,trữ tình,8,Âm nhạc,trữ tình,2,Âm nhạc,No,Unchanged,Unchanged,,,,,,,,,
90786665,,nàng bạch tuyết và bảy chú lùn,3,Phim hoạt hình,nàng bạch tuyết và bảy chú lùn,2,Phim hoạt hình,No,Unchanged,Unchanged,,,,,,,,,
90819802,,phim kinh dị,3,Thể loại phim,phim eun dong tình yêu của tôi,3,Khác,Yes,Changed,Thể loại phim -> Khác,,,,,,,,,
91005431,,dream,2,Khác,chuyện cổ tích của cô gái thời,2,Khác,Yes,Unchanged,Unchanged,,,,,,,,,
91083927,,bắt ma quỷ,2,Tâm linh,trữ tình,2,Âm nhạc,Yes,Changed,Tâm linh -> Âm nhạc,,,,,,,,,
91137349,,trữ tình,7,Âm nhạc,lý tiểu long và tôi,6,Phim ảnh,Yes,Changed,Âm nhạc -> Phim ảnh,,,,,,,,,
912388,,đấu trường âm nhạc,5,Chương trình truyền hình,đấu trường âm nhạc,8,Chương trình truyền hình,No,Unchanged,Unchanged,,,,,,,,,
91257349,,hải tặc,3,Khác,thiên nga bóng đêm eve,2,Phim Hàn Quốc,Yes,Changed,Khác -> Phim Hàn Quốc,,,,,,,,,
91293937,,cùng em đi đến đỉnh vinh quang,2,Khác,con ruột con riêng,2,Phim Hàn Quốc,Yes,Changed,Khác -> Phim Hàn Quốc,,,,,,,,,
9133410,,siêu nhân,5,Phim hoạt hình,siêu nhân,2,Phim hoạt hình,No,Unchanged,Unchanged,,,,,,,,,
91390770,,s9 doraemon tập 428 biến thành người khác quà sinh nhật cho shizuka hoạt hình tiếng việt,4,Anime,kẻ trộm mặt trăng minions,3,minions : Phim hoạt hình,Yes,Changed,Anime -> minions : Phim hoạt hình,,,,,,,,,
91493011,,công đức sinh thành,2,Khác,chế linh cười,4,Khác,Yes,Unchanged,Unchanged,,,,,,,,,
91519933,,tìm kiếm bằng giọng nói,13,Tìm kiếm chung / Chức năng,tìm kiếm bằng giọng nói,2,Tìm kiếm chung / Chức năng,No,Unchanged,Unchanged,,,,,,,,,
91628412,,cảnh đẹp ngày vui biết bao giờ love in flames of war,2,Phim Trung Quốc,tìm lại chính mình,2,Phim Hàn Quốc,Yes,Changed,Phim Trung Quốc -> Phim Hàn Quốc,,,,,,,,,
91689081,,ma dong seok,5,Tâm linh,minio,14,Khác,Yes,Changed,Tâm linh -> Khác,,,,,,,,,
9171375,,bắt ma phá án,9,Phim Hàn Quốc,sống hay chết,5,Khác,Yes,Changed,Phim Hàn Quốc -> Khác,,,,,,,,,
9174331,,quyết định,2,Khác,quý ông góc bếp,4,Khác,Yes,Unchanged,Unchanged,,,,,,,,,
91858733,,spy family,2,Khác,kẻ trộm mặt trăng minions,2,minions : Phim hoạt hình,Yes,Changed,Khác -> minions : Phim hoạt hình,,,,,,,,,
91978578,,tuyển tập chiếc rương biết bay,2,phim ngắn việt nam : Phim Việt Nam,con tim sắt đá,2,Phim Thái Lan,Yes,Changed,phim ngắn việt nam : Phim Việt Nam -> Phim Thái Lan,,,,,,,,,
91999043,,fbi s2,3,Khác,fbi s3,3,Khác,Yes,Unchanged,Unchanged,,,,,,,,,
92092745,,mr bean,2,Khác,tom jerry quậy tung new york,7,Khác,Yes,Unchanged,Unchanged,,,,,,,,,
92128464,,kime,2,Anime,titan,2,Anime,Yes,Unchanged,Unchanged,,,,,,,,,
92143904,,vườn sao băng,3,Khác,con tàu y đức,2,Khác,Yes,Unchanged,Unchanged,,,,,,,,,
92209511,,minh lan truyện,18,Phim Trung Quốc,minh lan truyện,3,Phim Trung Quốc,No,Unchanged,Unchanged,,,,,,,,,
92212486,,khách sạn ma quái,3,Phim Hàn Quốc,định mệnh anh yêu em,2,Phim Đài Loan,Yes,Changed,Phim Hàn Quốc -> Phim Đài Loan,,,,,,,,,
92312067,,bạn trai tôi là hồ ly,3,Phim Hàn Quốc,penthouse 2,2,Phim Hàn Quốc,Yes,Unchanged,Unchanged,,,,,,,,,
92389922,,ngôi sao tình yêu,2,Phim Hàn Quốc,ngôi sao tình yêu,2,Phim Hàn Quốc,No,Unchanged,Unchanged,,,,,,,,,
92404587,,nhat ki thuo,2,Khác,hắc bạch vô song phần 1,2,Khác,Yes,Unchanged,Unchanged,,,,,,,,,
92435956,,cả thế giới đều không bằng em,2,Phim Trung Quốc,ngôi sao khoai tây,3,Phim Hàn Quốc,Yes,Changed,Phim Trung Quốc -> Phim Hàn Quốc,,,,,,,,,
92522918,,cô nàng trong trắng oh woo ri,2,Phim Hàn Quốc,nỗi vương vấn của hạ tiên sinh,2,Phim Trung Quốc,Yes,Changed,Phim Hàn Quốc -> Phim Trung Quốc,,,,,,,,,
92541999,,one p,6,Khác,liên minh công lý phiên bản của zack snyder,2,phiên bản của zack snyder : Phim chiếu rạp / Siêu anh hùng,Yes,Changed,Khác -> phiên bản của zack snyder : Phim chiếu rạp / Siêu anh hùng,,,,,,,,,
92580771,,dog,2,Động vật,đấu trường âm nhạc,3,Chương trình truyền hình,Yes,Changed,Động vật -> Chương trình truyền hình,,,,,,,,,
92601791,,nhật bản vs úc,2,Khác,uc vs nhat ban,2,Khác,Yes,Unchanged,Unchanged,,,,,,,,,
92612440,,thế giới hôn nhân,2,Phim Hàn Quốc,thiên nga bóng đêm,2,Phim Hàn Quốc,Yes,Unchanged,Unchanged,,,,,,,,,
92751387,,sống,4,Khác,sống,5,Khác,No,Unchanged,Unchanged,,,,,,,,,
92759547,,hikaru,8,Khác,pripara,2,Khác,Yes,Unchanged,Unchanged,,,,,,,,,
92832871,,nhìn mây vẽ người,4,Khác,cú đấm máu,4,Khác,Yes,Unchanged,Unchanged,,,,,,,,,
92896787,,cô nàng trong trắng,2,Phim Hàn Quốc,ở rể,2,Khác,Yes,Changed,Phim Hàn Quốc -> Khác,,,,,,,,,
92952146,,shikimori,3,Khác,goku,2,Khác,Yes,Unchanged,Unchanged,,,,,,,,,
92979177,,em là niềm kiêu hãnh của anh,2,Khác,thiên cổ quyết trần,2,Phim Trung Quốc,Yes,Changed,Khác -> Phim Trung Quốc,,,,,,,,,
93005260,,boruto,3,naruto the movie : Anime,sherlock holmes,2,Khác,Yes,Changed,naruto the movie : Anime -> Khác,,,,,,,,,
9316181,,siêu nhân,4,Phim hoạt hình,siêu nhân,2,Phim hoạt hình,No,Unchanged,Unchanged,,,,,,,,,
93208258,,bolero,5,Âm nhạc,bolero,5,Âm nhạc,No,Unchanged,Unchanged,,,,,,,,,
93345289,,tr,2,Khác,hồ yêu tiểu hồng nương,3,Khác,Yes,Unchanged,Unchanged,,,,,,,,,
93345568,,bạn trai tôi là hồ ly,5,Phim Hàn Quốc,ca mu,2,Khác,Yes,Changed,Phim Hàn Quốc -> Khác,,,,,,,,,
93436385,,thực thần,2,Khác,yêu tinh,7,Phim Hàn Quốc,Yes,Changed,Khác -> Phim Hàn Quốc,,,,,,,,,
93439959,,trữ tình,9,Âm nhạc,trữ tình,12,Âm nhạc,No,Unchanged,Unchanged,,,,,,,,,
93454333,,dương ngọc thái,2,Khác,trữ tình,3,Âm nhạc,Yes,Changed,Khác -> Âm nhạc,,,,,,,,,
93618996,,kimetsu no yaiba,4,Anime,eisa,3,Khác,Yes,Changed,Anime -> Khác,,,,,,,,,
93648527,,prime provider,3,Khác,prime provider,2,Khác,No,Unchanged,Unchanged,,,,,,,,,
93707994,,fnf,7,Khác,dac a,2,Khác,Yes,Unchanged,Unchanged,,,,,,,,,
93711708,,phim thái,2,Khác,ngọn lửa hờn ghen,2,Khác,Yes,Unchanged,Unchanged,,,,,,,,,
93738248,,cuộc chiến thượng lưu 2,5,Phim Hàn Quốc,lộc đỉnh ký,2,Khác,Yes,Changed,Phim Hàn Quốc -> Khác,,,,,,,,,
93756872,,nữ thanh tra tài ba,2,Phim Hàn Quốc,true,6,Khác,Yes,Changed,Phim Hàn Quốc -> Khác,,,,,,,,,
93781838,,hoi p,2,Khác,co gai t,2,Khác,Yes,Unchanged,Unchanged,,,,,,,,,
93823769,,tom and jerry,5,Khác,mahou,2,Khác,Yes,Unchanged,Unchanged,,,,,,,,,
93922488,,dr stone,5,Anime,dr stone,2,Anime,No,Unchanged,Unchanged,,,,,,,,,
94005667,,masa,2,Khác,minio,2,Khác,Yes,Unchanged,Unchanged,,,,,,,,,
94160125,,one punch man,17,Anime,kimetsu no yaiba,2,Anime,Yes,Unchanged,Unchanged,,,,,,,,,
94218024,,naruto,3,Anime,ve d,5,Khác,Yes,Changed,Anime -> Khác,,,,,,,,,
94281714,,nhất dạ tân nương,3,Phim Trung Quốc,mây họa ánh trăng,2,Phim Hàn Quốc,Yes,Changed,Phim Trung Quốc -> Phim Hàn Quốc,,,,,,,,,
94285647,,f4,2,Giải trí,minh châu rực rỡ,4,Phim Thái Lan,Yes,Changed,Giải trí -> Phim Thái Lan,,,,,,,,,
9428778,,hiep,6,Khác,motherl,4,Khác,Yes,Unchanged,Unchanged,,,,,,,,,
94323210,,baby shark,2,Âm nhạc thiếu nhi,baby shark,3,Âm nhạc thiếu nhi,No,Unchanged,Unchanged,,,,,,,,,
94395823,,alice,2,Phim Hàn Quốc,chuyện tình bác sĩ,2,Phim Hàn Quốc,Yes,Unchanged,Unchanged,,,,,,,,,
94408092,,bunn,4,Khác,chalotte,9,Khác,Yes,Unchanged,Unchanged,,,,,,,,,
94476178,,cải lương,5,Khác,thế giới động vật,2,Tìm kiếm chung / Tài liệu,Yes,Changed,Khác -> Tìm kiếm chung / Tài liệu,,,,,,,,,
94497119,,siêu nhân,2,Phim hoạt hình,siêu nhân,3,Phim hoạt hình,No,Unchanged,Unchanged,,,,,,,,,
94579877,,cardcaptor sakura,2,Anime,su tr,2,Khác,Yes,Changed,Anime -> Khác,,,,,,,,,
94717486,,shoo,5,Khác,shoo,4,Khác,No,Unchanged,Unchanged,,,,,,,,,
94792819,,baby shark,9,Âm nhạc thiếu nhi,baby shark,9,Âm nhạc thiếu nhi,No,Unchanged,Unchanged,,,,,,,,,
94803881,,plunderer,2,Khác,bành tiểu nhiễm,2,Khác,Yes,Unchanged,Unchanged,,,,,,,,,
94805555,,trữ tình,2,Âm nhạc,trữ tình,2,Âm nhạc,No,Unchanged,Unchanged,,,,,,,,,
94830400,,hoc,2,Khác,2 ngay 1 dem,2,Khác,Yes,Unchanged,Unchanged,,,,,,,,,
94843969,,nguyen l,2,Khác,isekai meikyuu de dorei harem wo,2,Khác,Yes,Unchanged,Unchanged,,,,,,,,,
94881807,,bắt ma phá án,2,Phim Hàn Quốc,ký ức sát nhân,2,Khác,Yes,Changed,Phim Hàn Quốc -> Khác,,,,,,,,,
9499414,,running man,2,Chương trình truyền hình,running man,2,Chương trình truyền hình,No,Unchanged,Unchanged,,,,,,,,,
95114628,,bắt ma phá án,2,Phim Hàn Quốc,bạn trai tôi là hồ ly,4,Phim Hàn Quốc,Yes,Unchanged,Unchanged,,,,,,,,,
95253298,,hậu duệ mặt trời,8,Phim Hàn Quốc,oggy,6,Phim hoạt hình,Yes,Changed,Phim Hàn Quốc -> Phim hoạt hình,,,,,,,,,
95257632,,ngự giao kí,2,Khác,lục trinh truyền kì,2,Khác,Yes,Unchanged,Unchanged,,,,,,,,,
95384688,,reply 1988,2,Phim Hàn Quốc,điên thì có sao,2,Phim Hàn Quốc,Yes,Unchanged,Unchanged,,,,,,,,,
95461836,,người nhện không còn nhà,2,không còn nhà : Phim chiếu rạp / Siêu anh hùng,có căn nhà nằm nghe nắng mưa,5,Khác,Yes,Changed,không còn nhà : Phim chiếu rạp / Siêu anh hùng -> Khác,,,,,,,,,
95675725,,sự trỗi dậy của khiên hiệp sĩ,3,Anime,hoi k,3,Khác,Yes,Changed,Anime -> Khác,,,,,,,,,
95698657,,bài tập múa ba lê,2,Khác,mở bài hát,5,Khác,Yes,Unchanged,Unchanged,,,,,,,,,
95704940,,xem phim co anh khong yeu em,2,Khác,xem phim lý huệ trân xinh đẹp,2,Khác,Yes,Unchanged,Unchanged,,,,,,,,,
95803346,,hội pháp sư,2,Anime,u19 việt nam u19 malaysia xem lại trận đấu u19 đông nam á,13,Khác,Yes,Changed,Anime -> Khác,,,,,,,,,
95811823,,saiki,4,Anime,am duong su,6,Khác,Yes,Changed,Anime -> Khác,,,,,,,,,
95815118,,bống bống bang bang,7,Âm nhạc thiếu nhi,bống bống bang bang,5,Âm nhạc thiếu nhi,No,Unchanged,Unchanged,,,,,,,,,
95917342,,penthouse 3,14,Phim Hàn Quốc,hau d,2,Khác,Yes,Changed,Phim Hàn Quốc -> Khác,,,,,,,,,
95987315,,học viện anh hùng phần 3,2,Anime,học viện anh hùng phần 2,4,Anime,Yes,Unchanged,Unchanged,,,,,,,,,
96176321,,trữ tình,8,Âm nhạc,trữ tình,2,Âm nhạc,No,Unchanged,Unchanged,,,,,,,,,
96223958,,thiên nga bóng đêm,3,Phim Hàn Quốc,thiên nga bóng đêm,2,Phim Hàn Quốc,No,Unchanged,Unchanged,,,,,,,,,
96263563,,ca nhạc,2,Âm nhạc,thiếu nhi,4,Tìm kiếm chung,Yes,Changed,Âm nhạc -> Tìm kiếm chung,,,,,,,,,
9631093,,yêu tinh,4,Phim Hàn Quốc,hành vi phạm tội,2,Khác,Yes,Changed,Phim Hàn Quốc -> Khác,,,,,,,,,
96371787,,thiên quan tứ phúc,2,Khác,chú chim cánh cụt pororo,2,Khác,Yes,Unchanged,Unchanged,,,,,,,,,
96384659,,biệt đội siêu anh hùng,4,Phim chiếu rạp / Siêu anh hùng,thế giới khủng long,3,Phim chiếu rạp,Yes,Changed,Phim chiếu rạp / Siêu anh hùng -> Phim chiếu rạp,,,,,,,,,
96393353,,đại đường minh nguyệt,9,Phim Trung Quốc,võ tắc thiên,17,Phim Trung Quốc,Yes,Unchanged,Unchanged,,,,,,,,,
96618631,,hài hoài linh,3,Tìm kiếm chung,giot le ben song,3,Khác,Yes,Changed,Tìm kiếm chung -> Khác,,,,,,,,,
96689032,,bạn trai tôi là hồ ly,2,Phim Hàn Quốc,running man,2,Chương trình truyền hình,Yes,Changed,Phim Hàn Quốc -> Chương trình truyền hình,,,,,,,,,
96739378,,liên minh công lý phiên bản của zack snyder,2,phiên bản của zack snyder : Phim chiếu rạp / Siêu anh hùng,voice,4,Phim Hàn Quốc,Yes,Changed,phiên bản của zack snyder : Phim chiếu rạp / Siêu anh hùng -> Phim Hàn Quốc,,,,,,,,,
96752330,,kiểm tra cước phí,3,Khác,gia han fpt,2,Khác,Yes,Unchanged,Unchanged,,,,,,,,,
96791786,,hắc bạch vô song phần 2,4,Khác,hắc bạch vô song phần 3,3,Khác,Yes,Unchanged,Unchanged,,,,,,,,,
96899091,,shawshank,3,Khác,prime provider,2,Khác,Yes,Unchanged,Unchanged,,,,,,,,,
96950111,,lưu ly mỹ nhân sát,4,Phim Trung Quốc,nhất kiến khuynh tâm,4,Phim Trung Quốc,Yes,Unchanged,Unchanged,,,,,,,,,
97012931,,gui e,2,Khác,no game no life,4,Khác,Yes,Unchanged,Unchanged,,,,,,,,,
97013749,,truyền thông indonesia hài lòng về 1 điểm trước tuyển việt nam,9,Khác,truyền thông indonesia hài lòng về 1 điểm trước tuyển việt nam,10,Khác,No,Unchanged,Unchanged,,,,,,,,,
97028823,,thương ngày nắng về,13,Phim Việt Nam,thương ngày nắng về,13,Phim Việt Nam,No,Unchanged,Unchanged,,,,,,,,,
97031329,,bằng chứng thép,2,Phim Hồng Kông,tái sinh báo thù,3,Phim ảnh,Yes,Changed,Phim Hồng Kông -> Phim ảnh,,,,,,,,,
97138193,,học viện cảnh sát,3,Phim Hàn Quốc,lưỡi gươm diệt quỷ,2,Anime,Yes,Changed,Phim Hàn Quốc -> Anime,,,,,,,,,
9719077,,gia đình là số 1 phần 2,6,Phim Hàn Quốc,ferocious dog,2,Động vật,Yes,Changed,Phim Hàn Quốc -> Động vật,,,,,,,,,
97279508,,penthouse 2,3,Phim Hàn Quốc,fairy tail,2,Anime,Yes,Changed,Phim Hàn Quốc -> Anime,,,,,,,,,
97299362,,gia,2,Khác,tokyo,3,Khác,Yes,Unchanged,Unchanged,,,,,,,,,
97487409,,shigatsu wa kimi no uso your lie in april,2,Khác,kimetsu no yaiba,2,Anime,Yes,Changed,Khác -> Anime,,,,,,,,,
97586384,,siêu nhân,3,Phim hoạt hình,siêu nhân,5,Phim hoạt hình,No,Unchanged,Unchanged,,,,,,,,,
97627890,,akame ga kill,2,Anime,hồi kí vanitas,2,Anime,Yes,Unchanged,Unchanged,,,,,,,,,
9763050,,baby shark,3,Âm nhạc thiếu nhi,baby shark,4,Âm nhạc thiếu nhi,No,Unchanged,Unchanged,,,,,,,,,
97639139,,hậu cung chân hoàn truyện,4,Khác,kỳ án nhà thanh,3,Khác,Yes,Unchanged,Unchanged,,,,,,,,,
97698725,,one p,2,Khác,toky,4,Khác,Yes,Unchanged,Unchanged,,,,,,,,,
97715935,,cô nàng trong trắng oh woo ri,2,Phim Hàn Quốc,tình yêu hệ nhị phân,2,Khác,Yes,Changed,Phim Hàn Quốc -> Khác,,,,,,,,,
9780837,,thế giới động vật,2,Tìm kiếm chung / Tài liệu,thế giới động vật,3,Tìm kiếm chung / Tài liệu,No,Unchanged,Unchanged,,,,,,,,,
97969149,,song kính,2,Khác,nhất kiến khuynh tâm,2,Phim Trung Quốc,Yes,Changed,Khác -> Phim Trung Quốc,,,,,,,,,
98201883,,sexgay,19,Khác,mck,3,Khác,Yes,Unchanged,Unchanged,,,,,,,,,
98204896,,yêu tinh,2,Phim Hàn Quốc,vinzenzo,2,Khác,Yes,Changed,Phim Hàn Quốc -> Khác,,,,,,,,,
98290998,,liên minh công lý phiên bản của zack snyder,2,phiên bản của zack snyder : Phim chiếu rạp / Siêu anh hùng,liên minh công lý phiên bản của zack snyder,2,phiên bản của zack snyder : Phim chiếu rạp / Siêu anh hùng,No,Unchanged,Unchanged,,,,,,,,,
98293884,,love death and robot,2,Khác,sống hay chết,2,Khác,Yes,Unchanged,Unchanged,,,,,,,,,
98321389,,chien na,2,Khác,gintama,12,Anime,Yes,Changed,Khác -> Anime,,,,,,,,,
98361676,,kimetsu no yaiba,5,Anime,kimetsu no yaiba,2,Anime,No,Unchanged,Unchanged,,,,,,,,,
98441072,,heo peppa,5,Phim hoạt hình,cậu bé mất tích,2,Phim truyền hình / Viễn tưởng (Stranger Things),Yes,Changed,Phim hoạt hình -> Phim truyền hình / Viễn tưởng (Stranger Things),,,,,,,,,
98444392,,đài truyền hình vĩnh long,23,Khác,đài truyền hình vĩnh long,4,Khác,No,Unchanged,Unchanged,,,,,,,,,
98486764,,fairy tail,11,Anime,luoi,6,Khác,Yes,Changed,Anime -> Khác,,,,,,,,,
98496234,,trữ tình,16,Âm nhạc,trữ tình,16,Âm nhạc,No,Unchanged,Unchanged,,,,,,,,,
98525507,,ve de,39,Khác,nu thanh,2,Khác,Yes,Unchanged,Unchanged,,,,,,,,,
98626022,,thần tượng,3,Khác,chàng hậu,2,Phim Hàn Quốc,Yes,Changed,Khác -> Phim Hàn Quốc,,,,,,,,,
98719008,,minh châu rực rỡ,2,Phim Thái Lan,con tim sắt đá,2,Phim Thái Lan,Yes,Unchanged,Unchanged,,,,,,,,,
9882185,,thiên nga bóng đêm eve,2,Phim Hàn Quốc,pachinko,2,Khác,Yes,Changed,Phim Hàn Quốc -> Khác,,,,,,,,,
98925275,,tìm lại chính mình,2,Phim Hàn Quốc,tìm lại chính mình,2,Phim Hàn Quốc,No,Unchanged,Unchanged,,,,,,,,,
98931956,,bằng chứng thép 4,3,Phim Hồng Kông,fairy tail,6,Anime,Yes,Changed,Phim Hồng Kông -> Anime,,,,,,,,,
99002025,,naruto,3,Anime,kirito,5,Khác,Yes,Changed,Anime -> Khác,,,,,,,,,
99118829,,bungo,5,Khác,blacl ciover,2,Khác,Yes,Unchanged,Unchanged,,,,,,,,,
99128230,,pham n,6,Khác,pham n,2,Khác,No,Unchanged,Unchanged,,,,,,,,,
99244922,,nụ hôn của giác quan thứ 6,2,Khác,chú ơi,2,Khác,Yes,Unchanged,Unchanged,,,,,,,,,
9931611,,one punch man,3,Anime,học viện anh hùng,3,Khác,Yes,Changed,Anime -> Khác,,,,,,,,,
99447318,,shin,2,Khác,bac si ma thuyet minh,2,Phim Hàn Quốc,Yes,Changed,Khác -> Phim Hàn Quốc,,,,,,,,,
99535408,,học viện anh hùng phần 3,5,Anime,cá mực hầm mật,3,Phim Trung Quốc,Yes,Changed,Anime -> Phim Trung Quốc,,,,,,,,,
99607559,,hội săn hồ ly,18,Khác,thử thách thần tượng,7,Chương trình truyền hình,Yes,Changed,Khác -> Chương trình truyền hình,,,,,,,,,
99788521,,minh lan truyện,2,Phim Trung Quốc,mong hoa luc,2,Phim ảnh,Yes,Changed,Phim Trung Quốc -> Phim ảnh,,,,,,,,,
99866559,,vì chúng ta là một đôi,2,Khác,cuộc chiến,4,Khác,Yes,Unchanged,Unchanged,,,,,,,,,
99884790,,mùa xuân đó có anh,11,Khác,hoàng hôn màu tím,5,Khác,Yes,Unchanged,Unchanged,,,,,,,,,
99897822,,vi,2,Khác,u19 việt nam u19 myanmar xem lại trận đấu u19 đông nam á,4,Khác,Yes,Unchanged,Unchanged,,,,,,,,,
99994501,,thế giới động vật,2,Tìm kiếm chung / Tài liệu,thế giới động vật,2,Tìm kiếm chung / Tài liệu,No,Unchanged,Unchanged,,,,,,,,,
0232333,,học viện anh hùng phần 5,3,Anime,overlord ii,2,Anime,Yes,Unchanged,Unchanged,,,,,,,,,
0501341,,bắt ma phá án,2,Phim Hàn Quốc,khi màn đêm gợn sóng,2,Phim Trung Quốc,Yes,Changed,Phim Hàn Quốc -> Phim Trung Quốc,,,,,,,,,
0589053,,rong t,35,Khác,than,27,Khác,Yes,Unchanged,Unchanged,,,,,,,,,
06001554,,bạn gái bạn trai,5,Khác,thư ký kim sao thế,4,Phim Hàn Quốc,Yes,Changed,Khác -> Phim Hàn Quốc,,,,,,,,,
06003889,,tội phạm,2,Khác,chú thuật hồi chiến,2,Anime,Yes,Changed,Khác -> Anime,,,,,,,,,
06004054,,cardcaptor sakura,3,Anime,cardcaptor sakura,2,Anime,No,Unchanged,Unchanged,,,,,,,,,
06009585,,người thầy y đức,8,Phim Hàn Quốc,cuộc chiến nội cung,2,Phim ảnh,Yes,Changed,Phim Hàn Quốc -> Phim ảnh,,,,,,,,,
06009600,,kênh vtv3,2,Kênh truyền hình,fpt play sở hữu bản quyền u19 đông nam á 2022 bản tin bóng đá việt 01 07,2,Khác,Yes,Changed,Kênh truyền hình -> Khác,,,,,,,,,
06011440,,vẻ đẹp đích thực,11,Phim Hàn Quốc,chàng hậu,9,Phim Hàn Quốc,Yes,Unchanged,Unchanged,,,,,,,,,
06016046,,super lovers,2,Khác,jujutsu kaisen,3,Anime,Yes,Changed,Khác -> Anime,,,,,,,,,
06022534,,siêu nhân,2,Phim hoạt hình,tây sơn hào kiệt,2,Khác,Yes,Changed,Phim hoạt hình -> Khác,,,,,,,,,
06028708,,oán thù tiền khiếp,2,Khác,minh châu rực rỡ,2,Phim Thái Lan,Yes,Changed,Khác -> Phim Thái Lan,,,,,,,,,
06033685,,sqiud game,2,Khác,thanh thanh tử khâm,4,Phim Trung Quốc,Yes,Changed,Khác -> Phim Trung Quốc,,,,,,,,,
06044709,,dr stone,9,Anime,dr stone,7,Anime,No,Unchanged,Unchanged,,,,,,,,,
06048523,,phim thái lan,2,Phim Thái Lan,phim con gái của mẹ,3,Khác,Yes,Changed,Phim Thái Lan -> Khác,,,,,,,,,
06069138,,penthouse 2,12,Phim Hàn Quốc,penthouse 3,3,Phim Hàn Quốc,Yes,Unchanged,Unchanged,,,,,,,,,
06070462,,siêu nhân,2,Phim hoạt hình,siêu nhân,3,Phim hoạt hình,No,Unchanged,Unchanged,,,,,,,,,
06080877,,nữ thanh tra tài ba,4,Phim Hàn Quốc,đẳng cấp thượng lưu,5,Phim Hàn Quốc,Yes,Unchanged,Unchanged,,,,,,,,,
06085872,,vẻ đẹp đích thực,3,Phim Hàn Quốc,tinh ha xan lan,2,Phim Trung Quốc,Yes,Changed,Phim Hàn Quốc -> Phim Trung Quốc,,,,,,,,,
06093149,,truy tìm bằng chứng,2,Khác,hồ sơ trinh sát,3,Phim Hồng Kông,Yes,Changed,Khác -> Phim Hồng Kông,,,,,,,,,
0634750,,xi,3,Khác,xi,2,Khác,No,Unchanged,Unchanged,,,,,,,,,
06400675,,tai sao boss muon cuoi toi,2,Khác,van ti,2,Khác,Yes,Unchanged,Unchanged,,,,,,,,,
06410034,,phim hoạt hình doremon,5,Anime,lý ngựa ô,2,Khác,Yes,Changed,Anime -> Khác,,,,,,,,,
06415558,,shin cậu bé bút chì,2,Khác,doremon,2,Anime,Yes,Changed,Khác -> Anime,,,,,,,,,
06419245,,nữ thanh tra tài ba,2,Phim Hàn Quốc,minh châu rực rỡ,2,Phim Thái Lan,Yes,Changed,Phim Hàn Quốc -> Phim Thái Lan,,,,,,,,,
0642913,,htv7,2,Khác,u19 việt nam sẵn sàng cho trận đấu gặp u19 indonesia bản tin bóng đá việt 02 07,2,Khác,Yes,Unchanged,Unchanged,,,,,,,,,
06437913,,bird box,2,Khác,em bé,3,Khác,Yes,Unchanged,Unchanged,,,,,,,,,
06439787,,pent,76,Khác,boys over flowers,2,Khác,Yes,Unchanged,Unchanged,,,,,,,,,
06440357,,lưỡi gươm diệt quỷ,7,Anime,chú thuật hồi chiến,6,Anime,Yes,Unchanged,Unchanged,,,,,,,,,
06451974,,bi mat k,12,Khác,manh phi giá đáo,4,Khác,Yes,Unchanged,Unchanged,,,,,,,,,
06484383,,fair,21,Khác,fair,27,Khác,No,Unchanged,Unchanged,,,,,,,,,
06865240,,7 viên ngọc rông,3,Khác,lạc vào thế giới game,2,Khác,Yes,Unchanged,Unchanged,,,,,,,,,
0838116,,yến vân đài,4,Khác,bạch phát vương phi,2,Phim Trung Quốc,Yes,Changed,Khác -> Phim Trung Quốc,,,,,,,,,
0858869,,nhất kiến khuynh tâm,2,Phim Trung Quốc,khi màn đêm gợn sóng,2,Phim Trung Quốc,Yes,Unchanged,Unchanged,,,,,,,,,
0874547,,hero,2,Khác,the pianist,3,Khác,Yes,Unchanged,Unchanged,,,,,,,,,
0899339,,dam cuoi nha,2,Khác,doremon,2,Anime,Yes,Changed,Khác -> Anime,,,,,,,,,
0977148,,youtube,2,Nền tảng,c1,2,Khác,Yes,Changed,Nền tảng -> Khác,,,,,,,,,
1023500,,jujutsu kaisen,11,Anime,boku no hero academia season 2,18,Anime,Yes,Unchanged,Unchanged,,,,,,,,,
1152060,,khách sạn ma quái,6,Phim Hàn Quốc,kim cương huyền bí,2,Khác,Yes,Changed,Phim Hàn Quốc -> Khác,,,,,,,,,
1155610,,vuong g,2,Khác,vuong g,4,Khác,No,Unchanged,Unchanged,,,,,,,,,
1215745,,một con vịt,2,Âm nhạc thiếu nhi,review phim,3,Khác,Yes,Changed,Âm nhạc thiếu nhi -> Khác,,,,,,,,,
1251567,,học viện anh hùng phần 5,5,Anime,học viện anh hùng phần 5,2,Anime,No,Unchanged,Unchanged,,,,,,,,,
1268857,,sing,2,Khác,despicable me,2,Phim hoạt hình,Yes,Changed,Khác -> Phim hoạt hình,,,,,,,,,
1285865,,hồng duy tuấn anh được chăm sóc đặc biệt riêng xuân trường lẻ loi,2,Khác,tuyệt đỉnh song ca nhí,3,Khác,Yes,Unchanged,Unchanged,,,,,,,,,
1311513,,tìm kiếm bằng giọng nói,7,Tìm kiếm chung / Chức năng,tìm kiếm bằng giọng nói,2,Tìm kiếm chung / Chức năng,No,Unchanged,Unchanged,,,,,,,,,
1463822,,quân trang thân yêu,2,Khác,anh không thích thế giới,2,Khác,Yes,Unchanged,Unchanged,,,,,,,,,
1763277,,one,3,Khác,overlord iii,2,Anime,Yes,Changed,Khác -> Anime,,,,,,,,,
1832379,,ông thầy vi diệu,2,Khác,thất hình đại tội,3,Khác,Yes,Unchanged,Unchanged,,,,,,,,,
1950180,,cô nàng trong trắng oh woo ri,2,Phim Hàn Quốc,minio,2,Khác,Yes,Changed,Phim Hàn Quốc -> Khác,,,,,,,,,
1975326,,tiếng chày trên sóc bom bo,13,Khác,karaoke gõ cửa trái,3,Âm nhạc,Yes,Changed,Khác -> Âm nhạc,,,,,,,,,
2109335,,haikyuu,4,Anime,fairy,2,Khác,Yes,Changed,Anime -> Khác,,,,,,,,,
2285233,,chung kết cúp c1 2014,2,Khác,chung kết c1 2017,3,Khác,Yes,Unchanged,Unchanged,,,,,,,,,
2308992,,mặt trăng ôm mặt trời,3,Phim Hàn Quốc,con tàu y đức,2,Khác,Yes,Changed,Phim Hàn Quốc -> Khác,,,,,,,,,
232993,,nhạc thiếu nhi,11,Tìm kiếm chung,nhạc thiếu nhi,23,Tìm kiếm chung,No,Unchanged,Unchanged,,,,,,,,,
2396516,,vườn sao băng bản thái,2,Khác,chú ơi em yêu anh,2,Khác,Yes,Unchanged,Unchanged,,,,,,,,,
2560213,,sao băng,3,Khác,liên kết ăn yêu chết,2,Khác,Yes,Unchanged,Unchanged,,,,,,,,,
2623838,,tay du,2,Khác,nguoi nhen,3,không còn nhà : Phim chiếu rạp / Siêu anh hùng,Yes,Changed,Khác -> không còn nhà : Phim chiếu rạp / Siêu anh hùng,,,,,,,,,
2695621,,chuyện tình biển xanh,7,Khác,thước vải ma mị,6,Phim Thái Lan,Yes,Changed,Khác -> Phim Thái Lan,,,,,,,,,
2695625,,nhảy đường phố,5,Khác,ơn giời cậu đây rồi,4,Khác,Yes,Unchanged,Unchanged,,,,,,,,,
2719170,,bolero,19,Âm nhạc,bolero,13,Âm nhạc,No,Unchanged,Unchanged,,,,,,,,,
2743118,,tay súng hàng đầu,3,Khác,phim kinh dị,3,Thể loại phim,Yes,Changed,Khác -> Thể loại phim,,,,,,,,,
3403813,,cậu bé karate,3,Khác,nhạc thiếu nhi hay và ý nghĩa,2,Tìm kiếm chung,Yes,Changed,Khác -> Tìm kiếm chung,,,,,,,,,
3661347,,công trường rộn tiếng ca,3,Khác,thắng tình thua,2,Khác,Yes,Unchanged,Unchanged,,,,,,,,,
40024471,,lần theo dấu vết,2,Khác,siêu nhân,2,Phim hoạt hình,Yes,Changed,Khác -> Phim hoạt hình,,,,,,,,,
40135114,,mắt xích han thù,2,Phim Thái Lan,đối tác đang ngo,2,Khác,Yes,Changed,Phim Thái Lan -> Khác,,,,,,,,,
40277277,,siêu nhân,3,Phim hoạt hình,tôi thấy hoa vàng trên cỏ xanh,2,Phim Việt Nam,Yes,Changed,Phim hoạt hình -> Phim Việt Nam,,,,,,,,,
40342707,,sự trở về của các đế vương,3,Khác,lam diễm đột kích,2,Khác,Yes,Unchanged,Unchanged,,,,,,,,,
40362208,,cuộc chiến,18,Khác,tiên nữ cử tạ kim bok joo,2,Phim Hàn Quốc,Yes,Changed,Khác -> Phim Hàn Quốc,,,,,,,,,
40420480,,pháp y tần minh,2,người đọc tâm : Phim Trung Quốc,hunter,2,Khác,Yes,Changed,người đọc tâm : Phim Trung Quốc -> Khác,,,,,,,,,
40448866,,indonesia da ngay 1 6 2022,2,Khác,lao da voi malaysia u19,2,Khác,Yes,Unchanged,Unchanged,,,,,,,,,
40460174,,vô tình nhặt được tổng tài,2,Phim Trung Quốc,em đẹp nhất là khi mỉm cười,10,Phim Trung Quốc,Yes,Unchanged,Unchanged,,,,,,,,,
40588168,,chú chó cuy ho,2,Khác,ly nhân tâm thượng,2,Phim Trung Quốc,Yes,Changed,Khác -> Phim Trung Quốc,,,,,,,,,
40589879,,mở ca nhạc,2,Âm nhạc,sở kiều truyện,5,Khác,Yes,Changed,Âm nhạc -> Khác,,,,,,,,,
40609278,,taxi,2,Khác,châu tấn,2,Khác,Yes,Unchanged,Unchanged,,,,,,,,,
40677351,,hovj viện anh hùng,2,Khác,vô tình nhặt được tổng tài,2,Phim Trung Quốc,Yes,Changed,Khác -> Phim Trung Quốc,,,,,,,,,
40728623,,trữ tình,5,Âm nhạc,trữ tình,8,Âm nhạc,No,Unchanged,Unchanged,,,,,,,,,
40820976,,cuộc đổ bộ bí ẩn,2,Khác,inception,2,Khác,Yes,Unchanged,Unchanged,,,,,,,,,
40821636,,cuộc chiến giữa người và thần,2,Khác,hội đuôi tiên,3,Khác,Yes,Unchanged,Unchanged,,,,,,,,,
40870149,,tình đất,3,Khác,dân ca nghệ tĩnh,3,Khác,Yes,Unchanged,Unchanged,,,,,,,,,
40946559,,dưới bóng mộc miên,2,Khác,bác sĩ khoa cấp cứu,4,Y khoa,Yes,Changed,Khác -> Y khoa,,,,,,,,,
4099163,,chú nhím thần tốc sonic,2,Khác,cbeebies,2,Khác,Yes,Unchanged,Unchanged,,,,,,,,,
41015124,,vô tình nhặt được tổng tài,3,Phim Trung Quốc,con tim sắt đá,3,Phim Thái Lan,Yes,Changed,Phim Trung Quốc -> Phim Thái Lan,,,,,,,,,
41034107,,trữ tình,2,Âm nhạc,trữ tình,3,Âm nhạc,No,Unchanged,Unchanged,,,,,,,,,
41067823,,trữ tình,2,Âm nhạc,trữ tình,2,Âm nhạc,No,Unchanged,Unchanged,,,,,,,,,
41088874,,f4,2,Giải trí,thu k,2,Khác,Yes,Changed,Giải trí -> Khác,,,,,,,,,
41090678,,chuyện tình biển xanh,27,Khác,sao băng,4,Khác,Yes,Unchanged,Unchanged,,,,,,,,,
41139297,,chí khí bay cao,2,Khác,cam y,4,Khác,Yes,Unchanged,Unchanged,,,,,,,,,
41221143,,thiếu niên ninja rùa đột biến,2,Phim hoạt hình,thiếu niên ninja rùa đột biến,2,Phim hoạt hình,No,Unchanged,Unchanged,,,,,,,,,
41221879,,siêu nhân,4,Phim hoạt hình,siêu nhân,2,Phim hoạt hình,No,Unchanged,Unchanged,,,,,,,,,
41235239,,yêu từ dạ dày,2,Khác,cẩm y chi hạ,2,Phim Trung Quốc,Yes,Changed,Khác -> Phim Trung Quốc,,,,,,,,,
41243600,,bé tập thể thao,5,Khác,gieo quẻ hoàng thùy linh,2,Khác,Yes,Unchanged,Unchanged,,,,,,,,,
41265044,,thương ngày nắng về,2,Phim Việt Nam,thương ngày nắng về,2,Phim Việt Nam,No,Unchanged,Unchanged,,,,,,,,,
41266786,,10 năm 3 tháng 30 ngày,2,Phim Trung Quốc,nhất kiến khuynh tâm,2,Phim Trung Quốc,Yes,Unchanged,Unchanged,,,,,,,,,
41282323,,pent,3,Khác,mama,6,Khác,Yes,Unchanged,Unchanged,,,,,,,,,
41310046,,true beauty,5,Phim Hàn Quốc,true beauty,2,Phim Hàn Quốc,No,Unchanged,Unchanged,,,,,,,,,
41340923,,vn vs afganistan,2,Khác,yêu từng centimet,4,Phim Trung Quốc,Yes,Changed,Khác -> Phim Trung Quốc,,,,,,,,,
41349383,,cuộc chiến thượng lưu,6,Phim Hàn Quốc,prime provider,3,Khác,Yes,Changed,Phim Hàn Quốc -> Khác,,,,,,,,,
41415976,,siêu nhân,2,Phim hoạt hình,siêu nhân,2,Phim hoạt hình,No,Unchanged,Unchanged,,,,,,,,,
41443249,,bolero,2,Âm nhạc,bolero,2,Âm nhạc,No,Unchanged,Unchanged,,,,,,,,,
41494613,,con heo đất,10,Âm nhạc thiếu nhi,con heo đất,6,Âm nhạc thiếu nhi,No,Unchanged,Unchanged,,,,,,,,,
41562700,,thuyền hoa,6,Khác,trữ tình,4,Âm nhạc,Yes,Changed,Khác -> Âm nhạc,,,,,,,,,
41578991,,bắt ma phá án,2,Phim Hàn Quốc,despi,2,Khác,Yes,Changed,Phim Hàn Quốc -> Khác,,,,,,,,,
41588116,,attack on titan season 3 shingeki no kyojin,6,Anime,street woman fi,2,Khác,Yes,Changed,Anime -> Khác,,,,,,,,,
41604786,,chú voi con,15,Khác,chú voi con,7,Khác,No,Unchanged,Unchanged,,,,,,,,,
41622792,,tình yêu và tham vọng,4,Khác,thương ngày nắng về,2,Phim Việt Nam,Yes,Changed,Khác -> Phim Việt Nam,,,,,,,,,
41632583,,nhat da,13,Khác,vuon,2,Khác,Yes,Unchanged,Unchanged,,,,,,,,,
41735038,,siêu nhân,4,Phim hoạt hình,khmer,3,Văn hóa / Dân tộc,Yes,Changed,Phim hoạt hình -> Văn hóa / Dân tộc,,,,,,,,,
41746364,,vinahao,5,Khác,nhac hat ve ha tinh,2,Khác,Yes,Unchanged,Unchanged,,,,,,,,,
41777830,,con tim sắt đá,2,Phim Thái Lan,vườn sao băng,2,Khác,Yes,Changed,Phim Thái Lan -> Khác,,,,,,,,,
41778663,,phù dao hoàng hậu,8,Phim Trung Quốc,chang h,5,Khác,Yes,Changed,Phim Trung Quốc -> Khác,,,,,,,,,
41783468,,ca nhạc,4,Âm nhạc,ca nhạc,6,Âm nhạc,No,Unchanged,Unchanged,,,,,,,,,
4182841,,sao băng,5,Khác,penthouse 2,16,Phim Hàn Quốc,Yes,Changed,Khác -> Phim Hàn Quốc,,,,,,,,,
41832442,,bien thanh lang tu,2,Khác,sieu,2,Khác,Yes,Unchanged,Unchanged,,,,,,,,,
41845561,,ca m,2,Khác,tram t,2,Khác,Yes,Unchanged,Unchanged,,,,,,,,,
4186857,,final,2,Khác,aff u19,2,Khác,Yes,Unchanged,Unchanged,,,,,,,,,
41868835,,saiki kusou,21,Anime,khi bố là phụ nữ,2,Khác,Yes,Changed,Anime -> Khác,,,,,,,,,
41873111,,the sopranos s1,9,Khác,naruto,3,Anime,Yes,Changed,Khác -> Anime,,,,,,,,,
41878927,,ly nhân tâm thượng,2,Phim Trung Quốc,ly nhân tâm thượng,2,Phim Trung Quốc,No,Unchanged,Unchanged,,,,,,,,,
41899427,,cuộc chiến thượng lưu,2,Phim Hàn Quốc,bong ro,2,Khác,Yes,Changed,Phim Hàn Quốc -> Khác,,,,,,,,,
41914864,,bolero,4,Âm nhạc,bolero,2,Âm nhạc,No,Unchanged,Unchanged,,,,,,,,,
41925733,,cô nàng đầu bếp của tôi,15,Phim Thái Lan,minh châu rực rỡ,7,Phim Thái Lan,Yes,Unchanged,Unchanged,,,,,,,,,
41929726,,pham n,2,Khác,pham n,2,Khác,No,Unchanged,Unchanged,,,,,,,,,
41953422,,quang lập,8,Khác,cá mập con,5,Khác,Yes,Unchanged,Unchanged,,,,,,,,,
41959827,,làm sao boss lại làm sao nữa,2,Phim Trung Quốc,vô tình nhặt được tổng tài,2,Phim Trung Quốc,Yes,Unchanged,Unchanged,,,,,,,,,
41984492,,siêu nhân,6,Phim hoạt hình,lửa chiến,3,Khác,Yes,Changed,Phim hoạt hình -> Khác,,,,,,,,,
41997688,,diên hy công lược,5,Phim Trung Quốc,bạch phát vương phi,5,Phim Trung Quốc,Yes,Unchanged,Unchanged,,,,,,,,,
42002315,,hậu cung như ý truyện,2,Phim Trung Quốc,vô tình nhặt được tổng tài,2,Phim Trung Quốc,Yes,Unchanged,Unchanged,,,,,,,,,
42011821,,thế giới động vật,3,Tìm kiếm chung / Tài liệu,thế giới động vật,4,Tìm kiếm chung / Tài liệu,No,Unchanged,Unchanged,,,,,,,,,
42015158,,chú thuật hồi chiến,2,Anime,lưỡi gươm diệt quỷ,2,Anime,Yes,Unchanged,Unchanged,,,,,,,,,
42038660,,liên minh công lý phiên bản của zack snyder,3,phiên bản của zack snyder : Phim chiếu rạp / Siêu anh hùng,liên minh công lý phiên bản của zack snyder,2,phiên bản của zack snyder : Phim chiếu rạp / Siêu anh hùng,No,Unchanged,Unchanged,,,,,,,,,
42111401,,kênh vtv1,4,Kênh truyền hình,kênh vtv1,7,Kênh truyền hình,No,Unchanged,Unchanged,,,,,,,,,
42115706,,dịch vụ giao hàng của phù thủy kiki,8,Khác,dog,2,Động vật,Yes,Changed,Khác -> Động vật,,,,,,,,,
42139540,,trở lại tuổi 18,10,Phim Hàn Quốc,snowdrop,2,Khác,Yes,Changed,Phim Hàn Quốc -> Khác,,,,,,,,,
42147729,,happi,4,Khác,eve,3,Phim Hàn Quốc,Yes,Changed,Khác -> Phim Hàn Quốc,,,,,,,,,
42154653,,dog,2,Động vật,pig,2,Động vật,Yes,Unchanged,Unchanged,,,,,,,,,
42210074,,cuoc chi,3,Khác,sao băng,12,Khác,Yes,Unchanged,Unchanged,,,,,,,,,
42248565,,khương tử nha,3,Khác,quỷ dữ,3,Khác,Yes,Unchanged,Unchanged,,,,,,,,,
42253680,,siêu nhân,4,Phim hoạt hình,siêu nhân,2,Phim hoạt hình,No,Unchanged,Unchanged,,,,,,,,,
42271547,,tình yêu lại đến,2,Khác,u19 viet nam va,2,Khác,Yes,Unchanged,Unchanged,,,,,,,,,
42298789,,boku no hero academia season 2,2,Anime,kimetsu no yaiba,3,Anime,Yes,Unchanged,Unchanged,,,,,,,,,
42306505,,dr stone,5,Anime,junji,4,Khác,Yes,Changed,Anime -> Khác,,,,,,,,,
42331557,,lưu ly mỹ nhân sát,2,Phim Trung Quốc,cô bé quàng khăn đỏ,2,Khác,Yes,Changed,Phim Trung Quốc -> Khác,,,,,,,,,
42336717,,long châu truyền kỳ,3,Khác,người ấy là ai,6,Chương trình truyền hình,Yes,Changed,Khác -> Chương trình truyền hình,,,,,,,,,
42396459,,siêu nhân,10,Phim hoạt hình,lucy,2,Phim chiếu rạp / Hành động,Yes,Changed,Phim hoạt hình -> Phim chiếu rạp / Hành động,,,,,,,,,
42398459,,hải thượng phồn hoa,2,Khác,sakura thủ lĩnh thẻ bài,3,Anime,Yes,Changed,Khác -> Anime,,,,,,,,,
42400576,,mbititious,2,Khác,street man fight,3,Khác,Yes,Unchanged,Unchanged,,,,,,,,,
42402709,,thư ký kim sao thế,2,Phim Hàn Quốc,cô vợ bắt buộc,2,Phim Thái Lan,Yes,Changed,Phim Hàn Quốc -> Phim Thái Lan,,,,,,,,,
42462852,,dr stone season 2,9,Anime,yêu tinh,8,Phim Hàn Quốc,Yes,Changed,Anime -> Phim Hàn Quốc,,,,,,,,,
42494133,,li ca hành,2,Khác,vừa lúc em toả sáng,3,Khác,Yes,Unchanged,Unchanged,,,,,,,,,
42504617,,attack on titan part 1,3,Anime,học viện anh hùng phần 4,9,Anime,Yes,Unchanged,Unchanged,,,,,,,,,
42587800,,chàng hậu,2,Phim Hàn Quốc,chàng hậu,2,Phim Hàn Quốc,No,Unchanged,Unchanged,,,,,,,,,
42599162,,thuat su,2,Khác,dao kiem,2,Khác,Yes,Unchanged,Unchanged,,,,,,,,,
42644306,,dac a,4,Khác,attack on titan season 3 shingeki no kyojin,2,Anime,Yes,Changed,Khác -> Anime,,,,,,,,,
42656713,,vườn sao băng f4,3,Giải trí,chàng hậu,4,Phim Hàn Quốc,Yes,Changed,Giải trí -> Phim Hàn Quốc,,,,,,,,,
42657670,,ho ly,6,Khác,the bat guy,2,Khác,Yes,Unchanged,Unchanged,,,,,,,,,
42666670,,jujutsu kaisen,2,Anime,penthouse 3,2,Phim Hàn Quốc,Yes,Changed,Anime -> Phim Hàn Quốc,,,,,,,,,
42692407,,shoo,3,Khác,seki,9,Khác,Yes,Unchanged,Unchanged,,,,,,,,,
42695351,,tokyo ghoul re,2,re : Anime,sự trỗi dậy của khiên hiệp sĩ,2,Anime,Yes,Changed,re : Anime -> Anime,,,,,,,,,
42727602,,kinh di,3,Khác,kinh di,2,Khác,No,Unchanged,Unchanged,,,,,,,,,
42738708,,tấm cám chuyện chưa kể,2,chuyện chưa kể : Phim Việt Nam,em về với người,2,Khác,Yes,Changed,chuyện chưa kể : Phim Việt Nam -> Khác,,,,,,,,,
42792163,,trữ tình,4,Âm nhạc,trữ tình,3,Âm nhạc,No,Unchanged,Unchanged,,,,,,,,,
42794233,,today,2,Khác,người ấy là ai,3,Chương trình truyền hình,Yes,Changed,Khác -> Chương trình truyền hình,,,,,,,,,
42795477,,siêu nhân,2,Phim hoạt hình,siêu nhân,2,Phim hoạt hình,No,Unchanged,Unchanged,,,,,,,,,
42830043,,liên khúc bolero,5,Âm nhạc,liên khúc bolero,3,Âm nhạc,No,Unchanged,Unchanged,,,,,,,,,
42860343,,hoàng tử ếch,2,Khác,ve d,5,Khác,Yes,Unchanged,Unchanged,,,,,,,,,
42874358,,hoàng tử ếch,2,Khác,dương tử,3,Khác,Yes,Unchanged,Unchanged,,,,,,,,,
42881704,,bác sĩ yo han,3,Phim Hàn Quốc,học viện âm nhạc,2,Khác,Yes,Changed,Phim Hàn Quốc -> Khác,,,,,,,,,
42901854,,hội pháp sư,3,Anime,hội pháp sư phần cuối,3,Anime,Yes,Unchanged,Unchanged,,,,,,,,,
42915504,,taxi driver,4,Phim Hàn Quốc,thử thách thần tượng,3,Chương trình truyền hình,Yes,Changed,Phim Hàn Quốc -> Chương trình truyền hình,,,,,,,,,
42942308,,gg,6,Khác,liên minh công lý phiên bản của zack snyder,3,phiên bản của zack snyder : Phim chiếu rạp / Siêu anh hùng,Yes,Changed,Khác -> phiên bản của zack snyder : Phim chiếu rạp / Siêu anh hùng,,,,,,,,,
42954978,,một con vịt,3,Âm nhạc thiếu nhi,một con vịt,2,Âm nhạc thiếu nhi,No,Unchanged,Unchanged,,,,,,,,,
42968347,,hồi kí vanitas phần 2,2,Anime,fairy tail,3,Anime,Yes,Unchanged,Unchanged,,,,,,,,,
42992471,,dai duong vinh dieu,4,Khác,trai nhay phim,3,Khác,Yes,Unchanged,Unchanged,,,,,,,,,
43028568,,siêu nhân,13,Phim hoạt hình,siêu nhân,4,Phim hoạt hình,No,Unchanged,Unchanged,,,,,,,,,
43072009,,pháp y tần minh,2,người đọc tâm : Phim Trung Quốc,con tim sắt đá,2,Phim Thái Lan,Yes,Changed,người đọc tâm : Phim Trung Quốc -> Phim Thái Lan,,,,,,,,,
43126248,,yêu nhầm chị dâu,16,Phim Thái Lan,v league 2022,2,Khác,Yes,Changed,Phim Thái Lan -> Khác,,,,,,,,,
43134432,,thiếu nhi,7,Tìm kiếm chung,thiếu nhi,6,Tìm kiếm chung,No,Unchanged,Unchanged,,,,,,,,,
43149113,,thoo,2,Khác,vanitas no karte,2,Khác,Yes,Unchanged,Unchanged,,,,,,,,,
43149648,,thử thách thần chết giữa hai thế giới,2,giữa hai thế giới : Phim chiếu rạp / Giả tưởng,thử thách thần chết giữa hai thế giới,9,giữa hai thế giới : Phim chiếu rạp / Giả tưởng,No,Unchanged,Unchanged,,,,,,,,,
4316072,,cá mực hầm mật,2,Phim Trung Quốc,em là niềm kiêu hãnh của anh,2,Khác,Yes,Changed,Phim Trung Quốc -> Khác,,,,,,,,,
43211238,,cuộc chiến tỏ tình,2,Khác,thu k,2,Khác,Yes,Unchanged,Unchanged,,,,,,,,,
43222644,,nhím sonic 2,2,Phim hoạt hình,godzilla,2,Phim chiếu rạp,Yes,Changed,Phim hoạt hình -> Phim chiếu rạp,,,,,,,,,
43288606,,cuộc chiến thượng lưu,3,Phim Hàn Quốc,cuộc chiến thượng lưu,2,Phim Hàn Quốc,No,Unchanged,Unchanged,,,,,,,,,
43289607,,thế giới động vật,2,Tìm kiếm chung / Tài liệu,prime provider,3,Khác,Yes,Changed,Tìm kiếm chung / Tài liệu -> Khác,,,,,,,,,
43354510,,cúc tịnh y,4,Khác,cá mực hầm mật,2,Phim Trung Quốc,Yes,Changed,Khác -> Phim Trung Quốc,,,,,,,,,
43372879,,co tay,2,Khác,tìm kiếm bằng giọng nói,2,Tìm kiếm chung / Chức năng,Yes,Changed,Khác -> Tìm kiếm chung / Chức năng,,,,,,,,,
43441840,,nàng carol,2,Khác,robocop,3,Khác,Yes,Unchanged,Unchanged,,,,,,,,,
43527007,,châu tinh trì phủ nhận yêu người đẹp kém 42 tuổi,2,Tìm kiếm chung / Tin tức giải trí,avengers hồi kết,3,Khác,Yes,Changed,Tìm kiếm chung / Tin tức giải trí -> Khác,,,,,,,,,
43534294,,sincerity,2,Khác,cá mập 3 đầu,2,Khác,Yes,Unchanged,Unchanged,,,,,,,,,
43569416,,bác sĩ khoa cấp cứu,2,Y khoa,bác sĩ khoa cấp cứu,6,Y khoa,No,Unchanged,Unchanged,,,,,,,,,
43585240,,cung tâm kế,2,Khác,cổ tay áo màu đỏ,2,Phim Hàn Quốc,Yes,Changed,Khác -> Phim Hàn Quốc,,,,,,,,,
4367902,,thor,3,Khác,lights out,2,Khác,Yes,Unchanged,Unchanged,,,,,,,,,
43731730,,kimetsu no yaiba,2,Anime,boku no hero academia season 1,2,Anime,Yes,Unchanged,Unchanged,,,,,,,,,
43755228,,thiết giáp chi thành,4,Khác,soma,2,Anime,Yes,Changed,Khác -> Anime,,,,,,,,,
43925698,,khmer,11,Văn hóa / Dân tộc,khmer,11,Văn hóa / Dân tộc,No,Unchanged,Unchanged,,,,,,,,,
43950991,,overlord ii,10,Anime,overlord ii,3,Anime,No,Unchanged,Unchanged,,,,,,,,,
44005116,,quý ông hoàn hảo và cô nàng tạm được,2,Phim Trung Quốc,học viện quân sự,8,Khác,Yes,Changed,Phim Trung Quốc -> Khác,,,,,,,,,
44052494,,lời nguyền,3,Khác,lời nguyền,3,Khác,No,Unchanged,Unchanged,,,,,,,,,
44059971,,mị nguyệt truyện,2,Phim Trung Quốc,mị nguyệt truyện,2,Phim Trung Quốc,No,Unchanged,Unchanged,,,,,,,,,
44084407,,your name,2,Khác,black bullet,4,Khác,Yes,Unchanged,Unchanged,,,,,,,,,
44114026,,nhạc remix,2,Khác,thiếu nhi,3,Tìm kiếm chung,Yes,Changed,Khác -> Tìm kiếm chung,,,,,,,,,
44117543,,sh,2,Khác,huyền thoại biển xanh,7,Phim Hàn Quốc,Yes,Changed,Khác -> Phim Hàn Quốc,,,,,,,,,
44124380,,penthouse,2,Phim Hàn Quốc,sera,2,Khác,Yes,Changed,Phim Hàn Quốc -> Khác,,,,,,,,,
44189392,,bạn trai tôi là hồ ly,2,Phim Hàn Quốc,oan gia phòng cấp cứu,2,Khác,Yes,Changed,Phim Hàn Quốc -> Khác,,,,,,,,,
44190507,,kênh vtv6,9,Kênh truyền hình,kênh vtv6,2,Kênh truyền hình,No,Unchanged,Unchanged,,,,,,,,,
44191145,,mở nhạc sống,4,Khác,mở nhạc sống,2,Khác,No,Unchanged,Unchanged,,,,,,,,,
44276090,,bạn muốn hẹn hò,6,Chương trình truyền hình,thách thức danh hài,2,Chương trình truyền hình,Yes,Unchanged,Unchanged,,,,,,,,,
44277312,,bleach,7,Anime,toán lớp 2 chương trình cũ,2,Tìm kiếm chung / Học tập,Yes,Changed,Anime -> Tìm kiếm chung / Học tập,,,,,,,,,
44287528,,học viện anh hùng,2,Khác,mu vs liverpool,2,Khác,Yes,Unchanged,Unchanged,,,,,,,,,
44323472,,minh châu rực rỡ,2,Phim Thái Lan,minh châu rực rỡ,4,Phim Thái Lan,No,Unchanged,Unchanged,,,,,,,,,
44329183,,nhất dạ tân nương,4,Phim Trung Quốc,yêu tinh,2,Phim Hàn Quốc,Yes,Changed,Phim Trung Quốc -> Phim Hàn Quốc,,,,,,,,,
44355245,,siêu nhân nhẫn giả,2,Phim hoạt hình,nhiệt huyết thân,2,Khác,Yes,Changed,Phim hoạt hình -> Khác,,,,,,,,,
44457927,,na tra ma đồng giáng thế,3,ma đồng giáng thế : Phim hoạt hình,na tra ma đồng giáng thế,8,ma đồng giáng thế : Phim hoạt hình,No,Unchanged,Unchanged,,,,,,,,,
44497632,,cặp đôi trái ngược,4,Phim Hàn Quốc,sao băng,4,Khác,Yes,Changed,Phim Hàn Quốc -> Khác,,,,,,,,,
44518693,,true,4,Khác,đêm tối tokyo phần 1,2,Khác,Yes,Unchanged,Unchanged,,,,,,,,,
44542812,,mở xe tăng,3,Khác,mở xe tăng,2,Khác,No,Unchanged,Unchanged,,,,,,,,,
44561984,,yeu n,2,Khác,định mệnh anh yêu em,2,Phim Đài Loan,Yes,Changed,Khác -> Phim Đài Loan,,,,,,,,,
44651726,,hoa của quỷ,3,Phim Hàn Quốc,tai si,4,Khác,Yes,Changed,Phim Hàn Quốc -> Khác,,,,,,,,,
44655210,,pokemon,3,Anime,học viện anh hùng phần 1,7,Anime,Yes,Unchanged,Unchanged,,,,,,,,,
44656642,,sao băng,2,Khác,thử thách thần tượng,4,Chương trình truyền hình,Yes,Changed,Khác -> Chương trình truyền hình,,,,,,,,,
44657671,,hau d,2,Khác,one p,2,Khác,Yes,Unchanged,Unchanged,,,,,,,,,
44682418,,học viện công binh,3,Khác,alie,2,Khác,Yes,Unchanged,Unchanged,,,,,,,,,
44696367,,vào ma giới rồi đấy iruma kun,6,Tâm linh,học viện quân sự liệt hỏa,2,Phim Trung Quốc,Yes,Changed,Tâm linh -> Phim Trung Quốc,,,,,,,,,
44745326,,shooting stars,2,Phim Hàn Quốc,vườn sao băng,3,Khác,Yes,Changed,Phim Hàn Quốc -> Khác,,,,,,,,,
44752300,,đẹp trai là số một,2,Phim Trung Quốc,phim em là định mệnh của anh,2,Phim Đài Loan,Yes,Changed,Phim Trung Quốc -> Phim Đài Loan,,,,,,,,,
44759179,,con tim sắt đá,4,Phim Thái Lan,ký sự thanh xuân,2,Khác,Yes,Changed,Phim Thái Lan -> Khác,,,,,,,,,
44803355,,prime provider,2,Khác,thanh guom,5,Khác,Yes,Unchanged,Unchanged,,,,,,,,,
44817718,,liên minh công lý phiên bản của zack snyder,2,phiên bản của zack snyder : Phim chiếu rạp / Siêu anh hùng,liên minh công lý phiên bản của zack snyder,4,phiên bản của zack snyder : Phim chiếu rạp / Siêu anh hùng,No,Unchanged,Unchanged,,,,,,,,,
44838808,,yeu dùm cô chủ,3,Khác,nỗi vương vấn của hạ tiên sinh,2,Phim Trung Quốc,Yes,Changed,Khác -> Phim Trung Quốc,,,,,,,,,
44896424,,wwwtiso,6,Khác,chien co tich,2,Khác,Yes,Unchanged,Unchanged,,,,,,,,,
44902499,,na tra ma đồng giáng thế,3,ma đồng giáng thế : Phim hoạt hình,siêu nhân,4,Phim hoạt hình,Yes,Changed,ma đồng giáng thế : Phim hoạt hình -> Phim hoạt hình,,,,,,,,,
44924083,,chẳng phải định mệnh của nhau,3,Khác,hai thế giới,2,Phim Hàn Quốc,Yes,Changed,Khác -> Phim Hàn Quốc,,,,,,,,,
44940050,,sao băng,2,Khác,tình bạn tuổi xế chiều,3,Khác,Yes,Unchanged,Unchanged,,,,,,,,,
44950672,,thế giới động vật,4,Tìm kiếm chung / Tài liệu,thế giới động vật,2,Tìm kiếm chung / Tài liệu,No,Unchanged,Unchanged,,,,,,,,,
44962446,,mẹ ma,2,Phim chiếu rạp / Kinh dị,cuộc sống trái ngược trên phim của thiên nga hương vị tình thân,2,Khác,Yes,Changed,Phim chiếu rạp / Kinh dị -> Khác,,,,,,,,,
44978895,,phim hoạt hình,2,Khác,the invisible man,3,Khác,Yes,Unchanged,Unchanged,,,,,,,,,
44987921,,tìm kiếm bằng giọng nói,9,Tìm kiếm chung / Chức năng,tìm kiếm bằng giọng nói,6,Tìm kiếm chung / Chức năng,No,Unchanged,Unchanged,,,,,,,,,
45025377,,doctor john,2,Khác,độc nữ vương vị kiến,2,Khác,Yes,Unchanged,Unchanged,,,,,,,,,
45036919,,chú thuật hồi chiến,2,Anime,yu oh seong,2,Khác,Yes,Changed,Anime -> Khác,,,,,,,,,
45059668,,cuộc chiến,3,Khác,vo tinh tim thay,2,Khác,Yes,Unchanged,Unchanged,,,,,,,,,
45061076,,phim phẩm chất quý cô,2,Khác,phim hàn quốc tạm biệt quá khứ thuyết minh,2,Khác,Yes,Unchanged,Unchanged,,,,,,,,,
4508430,,kẻ lừa đảo,2,Khác,em là thành trì doanh lũy của anh,2,Phim Trung Quốc,Yes,Changed,Khác -> Phim Trung Quốc,,,,,,,,,
45113772,,nhật ký thường ngày của tiên vương phần 2,4,Phim hoạt hình 3D Trung Quốc,na tra ma đồng giáng thế,2,ma đồng giáng thế : Phim hoạt hình,Yes,Changed,Phim hoạt hình 3D Trung Quốc -> ma đồng giáng thế : Phim hoạt hình,,,,,,,,,
45145135,,fairy tail,10,Anime,fairy tail,5,Anime,No,Unchanged,Unchanged,,,,,,,,,
45303684,,luat su vo phap,2,Khác,chien,5,Khác,Yes,Unchanged,Unchanged,,,,,,,,,
45304777,,ve d,3,Khác,gấu đỏ biến hình,3,Khác,Yes,Unchanged,Unchanged,,,,,,,,,
45314524,,sakura thủ lĩnh thẻ bài,8,Anime,one punch man,3,Anime,Yes,Unchanged,Unchanged,,,,,,,,,
45340675,,siêu nhân tiga,2,Phim hoạt hình,conan,2,Anime,Yes,Changed,Phim hoạt hình -> Anime,,,,,,,,,
45465700,,mouse,4,Phim Hàn Quốc,thien ng,2,Khác,Yes,Changed,Phim Hàn Quốc -> Khác,,,,,,,,,
45465787,,black clover,3,Anime,blue perios,2,Khác,Yes,Changed,Anime -> Khác,,,,,,,,,
45574960,,fairy tail,3,Anime,demon sl,3,Khác,Yes,Changed,Anime -> Khác,,,,,,,,,
45635271,,người thầy y đức,2,Phim Hàn Quốc,hậu duệ mặt trời,4,Phim Hàn Quốc,Yes,Unchanged,Unchanged,,,,,,,,,
45800557,,hau,3,Khác,tôi bị mất lực hãy giúp bạn tôi,2,Khác,Yes,Unchanged,Unchanged,,,,,,,,,
4581213,,avengers,2,Khác,người sắt,3,Khác,Yes,Unchanged,Unchanged,,,,,,,,,
45858775,,besiktas vs borussia dortmund,2,Khác,atletico,3,Khác,Yes,Unchanged,Unchanged,,,,,,,,,
45880519,,bleach,3,Anime,phantom world ep11,2,Khác,Yes,Changed,Anime -> Khác,,,,,,,,,
45896830,,học viện anh hùng,3,Khác,đại chiến người khổng lồ,2,Anime,Yes,Changed,Khác -> Anime,,,,,,,,,
45964783,,đông cung,2,Phim Trung Quốc,yêu nhầm chị dâu,2,Phim Thái Lan,Yes,Changed,Phim Trung Quốc -> Phim Thái Lan,,,,,,,,,
45971958,,fairy tail,2,Anime,thanh thanh tử khâm,2,Phim Trung Quốc,Yes,Changed,Anime -> Phim Trung Quốc,,,,,,,,,
46189586,,yugioh,2,Anime,thanh gương diệt quỷ,3,Khác,Yes,Changed,Anime -> Khác,,,,,,,,,
46265179,,yêu từng centimet,5,Phim Trung Quốc,hôn nhân không hẹn hò,3,Phim Hàn Quốc,Yes,Changed,Phim Trung Quốc -> Phim Hàn Quốc,,,,,,,,,
46285985,,penthouse 2,4,Phim Hàn Quốc,cô nàng cử tạ kim book joo,2,Khác,Yes,Changed,Phim Hàn Quốc -> Khác,,,,,,,,,
46319922,,prime provider,5,Khác,prime provider,3,Khác,No,Unchanged,Unchanged,,,,,,,,,
46324650,,gửi lời thanh xuân ngây thơ tươi đẹp,2,Khác,my father is strange,2,Khác,Yes,Unchanged,Unchanged,,,,,,,,,
46375989,,kênh vtv1,5,Kênh truyền hình,kênh vtv1,3,Kênh truyền hình,No,Unchanged,Unchanged,,,,,,,,,
46378058,,bolero,2,Âm nhạc,ca nhạc,2,Âm nhạc,Yes,Unchanged,Unchanged,,,,,,,,,
46488699,,cảnh đẹp ngày vui biết bao giờ,2,Phim Trung Quốc,nhất dạ tân nương,2,Phim Trung Quốc,Yes,Unchanged,Unchanged,,,,,,,,,
4664745,,thôn tới không tơ,2,Khác,spyx,2,Khác,Yes,Unchanged,Unchanged,,,,,,,,,
4667114,,nắm giữ sinh mệnh,13,Phim ảnh,thử thách thần tượng running man,2,Chương trình truyền hình,Yes,Changed,Phim ảnh -> Chương trình truyền hình,,,,,,,,,
46719588,,fairy tail,2,Anime,lưỡi gươm diệt quỷ,3,Anime,Yes,Unchanged,Unchanged,,,,,,,,,
46730109,,gửi thời thanh,2,Khác,chú ơi em yêu anh,2,Khác,Yes,Unchanged,Unchanged,,,,,,,,,
46778810,,saiki,3,Anime,prime provider,5,Khác,Yes,Changed,Anime -> Khác,,,,,,,,,
46793365,,fairy tail,7,Anime,khát vọng thần tượng,2,Khác,Yes,Changed,Anime -> Khác,,,,,,,,,
46814032,,why her,2,Phim Hàn Quốc,train to busan,2,Khác,Yes,Changed,Phim Hàn Quốc -> Khác,,,,,,,,,
46903311,,giáo phận xuân lộc lần chuỗi thương xót,2,Khác,giáo phận xuân lộc lần chuỗi thương xót,2,Khác,No,Unchanged,Unchanged,,,,,,,,,
46904201,,em bé,5,Khác,phi nhung,3,Âm nhạc,Yes,Changed,Khác -> Âm nhạc,,,,,,,,,
46904974,,keep rungnin,2,Khác,nữ luật sư tài ba,2,Khác,Yes,Unchanged,Unchanged,,,,,,,,,
4697054,,arpo the robot for all kids,4,Khác,arpo the robot for all kids,2,Khác,No,Unchanged,Unchanged,,,,,,,,,
47062158,,be m,2,Khác,street man fighter,2,Chương trình Hàn Quốc,Yes,Changed,Khác -> Chương trình Hàn Quốc,,,,,,,,,
47083190,,em đẹp nhất là khi mỉm cười,8,Phim Trung Quốc,kết hôn rồi bắt đầu yêu,4,Phim Trung Quốc,Yes,Unchanged,Unchanged,,,,,,,,,
47125298,,tham cung noi chien,2,Khác,u19vn vs thai,2,Khác,Yes,Unchanged,Unchanged,,,,,,,,,
47180722,,kẻ truyền thừa,2,Phim chiếu rạp,minh lan truyện,2,Phim Trung Quốc,Yes,Changed,Phim chiếu rạp -> Phim Trung Quốc,,,,,,,,,
47212458,,miền đất hứa,2,Anime,mặt trăng ôm mặt trời,2,Phim Hàn Quốc,Yes,Changed,Anime -> Phim Hàn Quốc,,,,,,,,,
47215984,,sống miền tây,2,Khác,sống miền tây,2,Khác,No,Unchanged,Unchanged,,,,,,,,,
47248988,,nhật ký thường ngày của tiên vương,4,Phim hoạt hình 3D Trung Quốc,bloom in to you,2,Khác,Yes,Changed,Phim hoạt hình 3D Trung Quốc -> Khác,,,,,,,,,
47284248,,siêu nhân,6,Phim hoạt hình,siêu nhân,9,Phim hoạt hình,No,Unchanged,Unchanged,,,,,,,,,
47311631,,fairy tail,2,Anime,yêu không kiểm soát,2,Phim Hàn Quốc,Yes,Changed,Anime -> Phim Hàn Quốc,,,,,,,,,
47375284,,gangster movie,2,Khác,s w a t,69,Khác,Yes,Unchanged,Unchanged,,,,,,,,,
47402024,,giong hat viet 2018,2,Khác,học viện quân sự liệt hỏa,10,Phim Trung Quốc,Yes,Changed,Khác -> Phim Trung Quốc,,,,,,,,,
47441915,,bắt ma phá án,4,Phim Hàn Quốc,hồ sơ trinh sát,3,Phim Hồng Kông,Yes,Changed,Phim Hàn Quốc -> Phim Hồng Kông,,,,,,,,,
47513737,,kakegurui,4,Anime,gintama,3,Anime,Yes,Unchanged,Unchanged,,,,,,,,,
4756807,,bong da,2,Khác,malaysia va tìm kiếm,3,Khác,Yes,Unchanged,Unchanged,,,,,,,,,
47596749,,ca nhạc,10,Âm nhạc,ca nhạc,11,Âm nhạc,No,Unchanged,Unchanged,,,,,,,,,
47619577,,luoi,2,Khác,akame ga kill,5,Anime,Yes,Changed,Khác -> Anime,,,,,,,,,
47661594,,bembitious,2,Khác,street man fighter,2,Chương trình Hàn Quốc,Yes,Changed,Khác -> Chương trình Hàn Quốc,,,,,,,,,
47680858,,karaoke,4,Âm nhạc,hát nữa đi em ca với nghệ sĩ,2,Khác,Yes,Changed,Âm nhạc -> Khác,,,,,,,,,
47701473,,những chàng trai tham,2,Khác,nhu,2,Khác,Yes,Unchanged,Unchanged,,,,,,,,,
47795715,,ác quỷ ma sơ,2,Tâm linh,thế giới động vật,5,Tìm kiếm chung / Tài liệu,Yes,Changed,Tâm linh -> Tìm kiếm chung / Tài liệu,,,,,,,,,
47800899,,karaoke nhạc trẻ,2,Âm nhạc,từ mộng khiết,2,Khác,Yes,Changed,Âm nhạc -> Khác,,,,,,,,,
47961862,,độc xà,2,Khác,lời nguyền ma lai,2,Phim Thái Lan,Yes,Changed,Khác -> Phim Thái Lan,,,,,,,,,
48052810,,liên minh công lý phiên bản của zack snyder,2,phiên bản của zack snyder : Phim chiếu rạp / Siêu anh hùng,phong bạo vũ,3,Khác,Yes,Changed,phiên bản của zack snyder : Phim chiếu rạp / Siêu anh hùng -> Khác,,,,,,,,,
48087829,,hậu duệ mặt trời,2,Phim Hàn Quốc,huyền thoại biển xanh,2,Phim Hàn Quốc,Yes,Unchanged,Unchanged,,,,,,,,,
48102558,,spx x family,2,Khác,tokyo revengers,4,Anime,Yes,Changed,Khác -> Anime,,,,,,,,,
48171638,,chu thuat,2,Khác,chú thuật,3,Khác,Yes,Unchanged,Unchanged,,,,,,,,,
48218848,,horimiya,2,Anime,minion,2,Phim hoạt hình,Yes,Changed,Anime -> Phim hoạt hình,,,,,,,,,
48270206,,fate,2,Khác,overlord,3,Anime,Yes,Changed,Khác -> Anime,,,,,,,,,
48448038,,nhạt nắng nn ngọc sơn,2,Khác,conan tập 1,2,Anime,Yes,Changed,Khác -> Anime,,,,,,,,,
48468939,,overlord ii,3,Anime,dac a,2,Khác,Yes,Changed,Anime -> Khác,,,,,,,,,
48576952,,thương ngày nắng về,4,Phim Việt Nam,bạn muốn hẹn hò,2,Chương trình truyền hình,Yes,Changed,Phim Việt Nam -> Chương trình truyền hình,,,,,,,,,
48600147,,bí mật ngọt ngào,2,Khác,hậu duệ mặt trời,2,Phim Hàn Quốc,Yes,Changed,Khác -> Phim Hàn Quốc,,,,,,,,,
48608761,,thử thách thần tượng,2,Chương trình truyền hình,your name,2,Khác,Yes,Changed,Chương trình truyền hình -> Khác,,,,,,,,,
4875332,,cẩm tú duyên hoa lệ mạo hiểm,8,Khác,nhat k,2,Khác,Yes,Unchanged,Unchanged,,,,,,,,,
48780291,,nàng bạch tuyết và bảy chú lùn,2,Phim hoạt hình,siêu nhân,2,Phim hoạt hình,Yes,Unchanged,Unchanged,,,,,,,,,
48811319,,mistress,3,Khác,bạch phát vương phi,2,Phim Trung Quốc,Yes,Changed,Khác -> Phim Trung Quốc,,,,,,,,,
48866033,,bolero,2,Âm nhạc,bolero,4,Âm nhạc,No,Unchanged,Unchanged,,,,,,,,,
48905236,,saekano,3,Khác,index,2,Khác,Yes,Unchanged,Unchanged,,,,,,,,,
48911198,,hoa của quỷ,2,Phim Hàn Quốc,lê hấp đường phèn,3,Phim Trung Quốc,Yes,Changed,Phim Hàn Quốc -> Phim Trung Quốc,,,,,,,,,
49004235,,coan,4,Khác,naruto,2,Anime,Yes,Changed,Khác -> Anime,,,,,,,,,
49019295,,tìm kiếm bằng giọng nói,3,Tìm kiếm chung / Chức năng,tìm kiếm bằng giọng nói,23,Tìm kiếm chung / Chức năng,No,Unchanged,Unchanged,,,,,,,,,
49034041,,bao thanh thien,2,Phim Đài Loan,liên minh công lý phiên bản của zack snyder,2,phiên bản của zack snyder : Phim chiếu rạp / Siêu anh hùng,Yes,Changed,Phim Đài Loan -> phiên bản của zack snyder : Phim chiếu rạp / Siêu anh hùng,,,,,,,,,
49050231,,sao băng,2,Khác,danh nghĩa người nhà,2,Khác,Yes,Unchanged,Unchanged,,,,,,,,,
49066866,,john wick,2,Phim chiếu rạp / Hành động,thiên tài lang băm,2,Phim Hàn Quốc,Yes,Changed,Phim chiếu rạp / Hành động -> Phim Hàn Quốc,,,,,,,,,
49083269,,bộ phim về hiphop,2,Thể loại phim,cảnh sát hình sự,2,Phim Việt Nam,Yes,Changed,Thể loại phim -> Phim Việt Nam,,,,,,,,,
49101287,,coffee kareem,2,Khác,christopher nolan,2,Khác,Yes,Unchanged,Unchanged,,,,,,,,,
49103414,,prime provider,25,Khác,prime provider,200,Khác,No,Unchanged,Unchanged,,,,,,,,,
49113636,,cổ tay áo màu đỏ,2,Phim Hàn Quốc,em là định mệnh của anh,3,Phim Đài Loan,Yes,Changed,Phim Hàn Quốc -> Phim Đài Loan,,,,,,,,,
49122921,,kết hôn rồi bắt đầu yêu,9,Phim Trung Quốc,co be masha va,2,Khác,Yes,Changed,Phim Trung Quốc -> Khác,,,,,,,,,
49123559,,mặt trăng ôm mặt trời,3,Phim Hàn Quốc,cô nàng trong trắng oh woo ri,2,Phim Hàn Quốc,Yes,Unchanged,Unchanged,,,,,,,,,
49124086,,avata,6,Khác,thế giới các loài vật,2,Khác,Yes,Unchanged,Unchanged,,,,,,,,,
49135272,,jingle bells,2,Khác,thân phận,2,Khác,Yes,Unchanged,Unchanged,,,,,,,,,
49141717,,dd,2,Khác,búp bê chibi,3,Khác,Yes,Unchanged,Unchanged,,,,,,,,,
49159810,,chế linh,8,Khác,siêu nhân,3,Phim hoạt hình,Yes,Changed,Khác -> Phim hoạt hình,,,,,,,,,
49164772,,jujutsu kaisen,2,Anime,hanako,5,Khác,Yes,Changed,Anime -> Khác,,,,,,,,,
49182294,,thế giới động vật,16,Tìm kiếm chung / Tài liệu,thế giới động vật,7,Tìm kiếm chung / Tài liệu,No,Unchanged,Unchanged,,,,,,,,,
49190836,,tìm kiếm bằng giọng nói,4,Tìm kiếm chung / Chức năng,tìm kiếm bằng giọng nói,6,Tìm kiếm chung / Chức năng,No,Unchanged,Unchanged,,,,,,,,,
49191276,,hoc vien a,2,Khác,attack on titan part 1,12,Anime,Yes,Changed,Khác -> Anime,,,,,,,,,
49193613,,hoi p,4,Khác,tìm kiếm bằng giọng nói,2,Tìm kiếm chung / Chức năng,Yes,Changed,Khác -> Tìm kiếm chung / Chức năng,,,,,,,,,
49201945,,em đẹp nhất là khi mỉm cười,22,Phim Trung Quốc,yêu tinh,3,Phim Hàn Quốc,Yes,Changed,Phim Trung Quốc -> Phim Hàn Quốc,,,,,,,,,
49202451,,tai si,18,Khác,chien n,6,Khác,Yes,Unchanged,Unchanged,,,,,,,,,
49224369,,conan,2,Anime,fairy tail,2,Anime,Yes,Unchanged,Unchanged,,,,,,,,,
49232875,,one punch man,2,Anime,sword art online alicization,2,alicization : Anime,Yes,Changed,Anime -> alicization : Anime,,,,,,,,,
49246813,,demon slayer mugen train arc,3,mugen train arc : Anime,kekkai sensen,17,Khác,Yes,Changed,mugen train arc : Anime -> Khác,,,,,,,,,
49257559,,sao băng,2,Khác,true beauty,4,Phim Hàn Quốc,Yes,Changed,Khác -> Phim Hàn Quốc,,,,,,,,,
49270229,,cardcaptor sakura,5,Anime,plunderer,2,Khác,Yes,Changed,Anime -> Khác,,,,,,,,,
49289018,,hoa của quỷ,2,Phim Hàn Quốc,cùng em đi đến tận cùng thế giới,2,Phim Trung Quốc,Yes,Changed,Phim Hàn Quốc -> Phim Trung Quốc,,,,,,,,,
49291544,,trữ tình,2,Âm nhạc,nhảy,2,Khác,Yes,Changed,Âm nhạc -> Khác,,,,,,,,,
49309789,,cơn thịnh nộ chết người,2,Khác,jumanji the next level,4,Khác,Yes,Unchanged,Unchanged,,,,,,,,,
49310917,,thư ký kim sao thế,2,Phim Hàn Quốc,peopib,2,Khác,Yes,Changed,Phim Hàn Quốc -> Khác,,,,,,,,,
49318772,,nỗi vương vấn của hạ tiên sinh,2,Phim Trung Quốc,mật thất vây cá lội,3,Khác,Yes,Changed,Phim Trung Quốc -> Khác,,,,,,,,,
49322751,,nàng bạch tuyết và bảy chú lùn,2,Phim hoạt hình,nàng bạch tuyết và bảy chú lùn,2,Phim hoạt hình,No,Unchanged,Unchanged,,,,,,,,,
49333789,,trữ tình,2,Âm nhạc,trữ tình,3,Âm nhạc,No,Unchanged,Unchanged,,,,,,,,,
49340470,,kimetsu no yaiba,2,Anime,thâm kế độc tình,2,Phim Thái Lan,Yes,Changed,Anime -> Phim Thái Lan,,,,,,,,,
49346397,,phim truyện trung quốc,9,Khác,phim truyện thái lan,5,Khác,Yes,Unchanged,Unchanged,,,,,,,,,
49350043,,thế giới động vật,2,Tìm kiếm chung / Tài liệu,mở con vịt,2,Khác,Yes,Changed,Tìm kiếm chung / Tài liệu -> Khác,,,,,,,,,
49369675,,cuộc chiến nội cung,4,Phim ảnh,hoang ha,2,Khác,Yes,Changed,Phim ảnh -> Khác,,,,,,,,,
49383382,,hồ sơ trinh sát,3,Phim Hồng Kông,johnny dep,2,Khác,Yes,Changed,Phim Hồng Kông -> Khác,,,,,,,,,
49399005,,tôi độc thân dựa vào thực lực,2,Phim Trung Quốc,vô tình nhặt được tổng tài,2,Phim Trung Quốc,Yes,Unchanged,Unchanged,,,,,,,,,
49436367,,ca nhạc,2,Âm nhạc,thaifight,3,Khác,Yes,Changed,Âm nhạc -> Khác,,,,,,,,,
49442273,,boruto,8,naruto the movie : Anime,kẻ trộm mặt trăng minions,3,minions : Phim hoạt hình,Yes,Changed,naruto the movie : Anime -> minions : Phim hoạt hình,,,,,,,,,
49443524,,siêu nhân,7,Phim hoạt hình,siêu nhân,10,Phim hoạt hình,No,Unchanged,Unchanged,,,,,,,,,
49449474,,naruto cuộc phiêu lưu gió xoáy,3,Anime,đảo hải tặc,6,Khác,Yes,Changed,Anime -> Khác,,,,,,,,,
49465946,,ngô thụy miên,2,Khác,ngô thụy miên,2,Khác,No,Unchanged,Unchanged,,,,,,,,,
49509625,,định mệnh trái ngang,2,Khác,mắc xích hận thù,2,Khác,Yes,Unchanged,Unchanged,,,,,,,,,
49511965,,cuộc chiến,12,Khác,cuộc chiến,9,Khác,No,Unchanged,Unchanged,,,,,,,,,
49514875,,nhạc ngờ thái ngan,2,Khác,kênh truyền hình bạc liêu,3,Khác,Yes,Unchanged,Unchanged,,,,,,,,,
49540855,,titan a e,2,Anime,chuyen s,3,Khác,Yes,Changed,Anime -> Khác,,,,,,,,,
49574942,,mở cá,4,Khác,mở cá,3,Khác,No,Unchanged,Unchanged,,,,,,,,,
49608778,,đại đường minh nguyệt,2,Phim Trung Quốc,thanh thanh tử khâm,3,Phim Trung Quốc,Yes,Unchanged,Unchanged,,,,,,,,,
49620002,,khie,2,Khác,khie,11,Khác,No,Unchanged,Unchanged,,,,,,,,,
49634264,,mytv,5,Khác,mytv,2,Khác,No,Unchanged,Unchanged,,,,,,,,,
49640940,,fairy tail,2,Anime,hiro,2,Khác,Yes,Changed,Anime -> Khác,,,,,,,,,
49665609,,hồng kông kỳ án,2,Phim Hồng Kông,hồng kông kỳ án,3,Phim Hồng Kông,No,Unchanged,Unchanged,,,,,,,,,
49674500,,lưu ly mỹ nhân sát,3,Phim Trung Quốc,làm sao boss lại làm sao nữa,2,Phim Trung Quốc,Yes,Unchanged,Unchanged,,,,,,,,,
49682605,,pokémon,2,Anime,pokémon,2,Anime,No,Unchanged,Unchanged,,,,,,,,,
49694953,,baby shark,8,Âm nhạc thiếu nhi,baby shark,6,Âm nhạc thiếu nhi,No,Unchanged,Unchanged,,,,,,,,,
49714263,,phim thái lan yêu nhầm chị dâu tập 21,2,Phim Thái Lan,yêu nhầm chị dâu,2,Phim Thái Lan,Yes,Unchanged,Unchanged,,,,,,,,,
49759201,,bí mật không thể yêu đương,3,Khác,mùa hè của hồ ly,2,Phim Trung Quốc,Yes,Changed,Khác -> Phim Trung Quốc,,,,,,,,,
49789414,,liên minh công lý phiên bản của zack snyder,2,phiên bản của zack snyder : Phim chiếu rạp / Siêu anh hùng,liên minh công lý phiên bản của zack snyder,2,phiên bản của zack snyder : Phim chiếu rạp / Siêu anh hùng,No,Unchanged,Unchanged,,,,,,,,,
49789675,,thử thách thần tượng,11,Chương trình truyền hình,thử thách thần tượng,11,Chương trình truyền hình,No,Unchanged,Unchanged,,,,,,,,,
49796288,,siêu nhân,15,Phim hoạt hình,siêu nhân,2,Phim hoạt hình,No,Unchanged,Unchanged,,,,,,,,,
49806800,,chiến tranh giữa các vì sao tập ii sự xâm lăng của người vô tính,2,Khác,siêu nhân,2,Phim hoạt hình,Yes,Changed,Khác -> Phim hoạt hình,,,,,,,,,
49841674,,về quê anh thơ,11,Khác,về quê anh thơ,38,Khác,No,Unchanged,Unchanged,,,,,,,,,
49846553,,demon slayer,6,mugen train arc : Anime,luoi guom diet quy,4,Anime,Yes,Changed,mugen train arc : Anime -> Anime,,,,,,,,,
49866869,,punderer,4,Khác,chú thuật hồi chiến,2,Anime,Yes,Changed,Khác -> Anime,,,,,,,,,
49873380,,cuộc sống thượng lưu,4,Phim Hàn Quốc,chị đẹp làm sát thủ,2,Khác,Yes,Changed,Phim Hàn Quốc -> Khác,,,,,,,,,
49905170,,hội pháp sư2,6,Anime,hội pháp sư2,2,Anime,No,Unchanged,Unchanged,,,,,,,,,
49909890,,hậu duệ mặt trời,3,Phim Hàn Quốc,vô tình nhặt được tổng tài,4,Phim Trung Quốc,Yes,Changed,Phim Hàn Quốc -> Phim Trung Quốc,,,,,,,,,
49920419,,eve,2,Phim Hàn Quốc,anna,2,Phim Hàn Quốc,Yes,Unchanged,Unchanged,,,,,,,,,
49928594,,fairy tail,21,Anime,chú thuật hồi chiến,2,Anime,Yes,Unchanged,Unchanged,,,,,,,,,
49939759,,pinochio,9,Phim Hàn Quốc,yeu,3,Khác,Yes,Changed,Phim Hàn Quốc -> Khác,,,,,,,,,
49944177,,law school,2,Khác,kẻ cắp mặt trăng,2,Phim hoạt hình,Yes,Changed,Khác -> Phim hoạt hình,,,,,,,,,
49951907,,one piece,3,phim : Anime,minions,2,Phim hoạt hình,Yes,Changed,phim : Anime -> Phim hoạt hình,,,,,,,,,
49954096,,penthouse,3,Phim Hàn Quốc,sao băng,30,Khác,Yes,Changed,Phim Hàn Quốc -> Khác,,,,,,,,,
49970378,,nàng bạch tuyết và bảy chú lùn,17,Phim hoạt hình,lucy,12,Phim chiếu rạp / Hành động,Yes,Changed,Phim hoạt hình -> Phim chiếu rạp / Hành động,,,,,,,,,
49976728,,thiên nga bóng đêm,3,Phim Hàn Quốc,thư ký kim sao thế,2,Phim Hàn Quốc,Yes,Unchanged,Unchanged,,,,,,,,,
49980175,,luu l,10,Khác,luu l,18,Khác,No,Unchanged,Unchanged,,,,,,,,,
49989513,,cô nàng xinh đẹp,2,Phim Hàn Quốc,vi s,2,Khác,Yes,Changed,Phim Hàn Quốc -> Khác,,,,,,,,,
49991269,,chuyển sinh thành slime,2,Anime,thiên tài lang băm,2,Phim Hàn Quốc,Yes,Changed,Anime -> Phim Hàn Quốc,,,,,,,,,
5105490,,đứng lại hoa tiểu thư,4,Khác,thanh xuân tu tảo vi,10,Khác,Yes,Unchanged,Unchanged,,,,,,,,,
5228155,,choc tuc vo yeu phan 2,2,Khác,u19 lào đông timor,3,Khác,Yes,Unchanged,Unchanged,,,,,,,,,
5252680,,thế giới khủng long,2,Phim chiếu rạp,bán đảo peninsula,2,Khác,Yes,Changed,Phim chiếu rạp -> Khác,,,,,,,,,
5302330,,prime provider,2,Khác,hai thế giới,3,Phim Hàn Quốc,Yes,Changed,Khác -> Phim Hàn Quốc,,,,,,,,,
5309663,,cuộc chiến thượng lưu,2,Phim Hàn Quốc,penthouse 3,13,Phim Hàn Quốc,Yes,Unchanged,Unchanged,,,,,,,,,
5313165,,true,6,Khác,youth of may,2,Khác,Yes,Unchanged,Unchanged,,,,,,,,,
5393055,,30 chưa phải là hết,4,Phim Trung Quốc,mong hoa luc,2,Phim ảnh,Yes,Changed,Phim Trung Quốc -> Phim ảnh,,,,,,,,,
5419864,,cảnh đẹp ngày vui biết bao giờ,2,Phim Trung Quốc,tú bà cuối cùng s1,2,Khác,Yes,Changed,Phim Trung Quốc -> Khác,,,,,,,,,
5517949,,the avengers,2,Phim chiếu rạp / Siêu anh hùng,kẻ trộm mặt trăng minions,3,minions : Phim hoạt hình,Yes,Changed,Phim chiếu rạp / Siêu anh hùng -> minions : Phim hoạt hình,,,,,,,,,
563930,,muốn gặp anh,2,Khác,gia tài bất đắc dĩ,2,Khác,Yes,Unchanged,Unchanged,,,,,,,,,
5679642,,vùng đất quỷ dữ,2,Khác,mặt trăng ôm mặt trời,2,Phim Hàn Quốc,Yes,Changed,Khác -> Phim Hàn Quốc,,,,,,,,,
5692958,,bắt ma phá án,2,Phim Hàn Quốc,hoàn hồn,2,Phim Hàn Quốc,Yes,Unchanged,Unchanged,,,,,,,,,
5800505,,siêu nhân,2,Phim hoạt hình,siêu nhân,2,Phim hoạt hình,No,Unchanged,Unchanged,,,,,,,,,
5886999,,mouse,2,Phim Hàn Quốc,vẻ đẹp đích thực,4,Phim Hàn Quốc,Yes,Unchanged,Unchanged,,,,,,,,,
5954629,,cho cuu,2,Khác,nguoi phan xu,4,Khác,Yes,Unchanged,Unchanged,,,,,,,,,
718237,,thiên nga bóng đêm,5,Phim Hàn Quốc,thiên nga bóng đêm eve,3,Phim Hàn Quốc,Yes,Unchanged,Unchanged,,,,,,,,,
718789,,baby shark,6,Âm nhạc thiếu nhi,baby shark doo doo,8,Âm nhạc thiếu nhi,Yes,Unchanged,Unchanged,,,,,,,,,
7483653,,oddbods season 1,13,Khác,siêu nhân thần kiếm và biệt đội siêu nhân cơ động,9,Phim hoạt hình,Yes,Changed,Khác -> Phim hoạt hình,,,,,,,,,
7512553,,naruto,2,Anime,boruto,2,naruto the movie : Anime,Yes,Changed,Anime -> naruto the movie : Anime,,,,,,,,,
7515400,,nhu y,2,Khác,ca m,5,Khác,Yes,Unchanged,Unchanged,,,,,,,,,
7576016,,sixth sense,2,Khác,eve,2,Phim Hàn Quốc,Yes,Changed,Khác -> Phim Hàn Quốc,,,,,,,,,
7929692,,jujutsu kaisen,2,Anime,attack on titan final season,3,Anime,Yes,Unchanged,Unchanged,,,,,,,,,
809587,,bắt ma phá án tập 1,5,Phim Hàn Quốc,truy tìm kẻ sát nhân 2,2,Khác,Yes,Changed,Phim Hàn Quốc -> Khác,,,,,,,,,
8102932,,boruto,2,naruto the movie : Anime,bleach,5,Anime,Yes,Changed,naruto the movie : Anime -> Anime,,,,,,,,,
8151261,,may h,4,Khác,true,2,Khác,Yes,Unchanged,Unchanged,,,,,,,,,
8580648,,kênh truyền hình todaytv,15,Khác,kênh truyền hình todaytv,4,Khác,No,Unchanged,Unchanged,,,,,,,,,
8915297,,read,5,Khác,black wate,2,Khác,Yes,Unchanged,Unchanged,,,,,,,,,
8962813,,mở võ thuật,2,Khác,hát mãi ước mơ,2,Khác,Yes,Unchanged,Unchanged,,,,,,,,,
90124126,,cổ tay áo màu đỏ,2,Phim Hàn Quốc,ca m,2,Khác,Yes,Changed,Phim Hàn Quốc -> Khác,,,,,,,,,
90154810,,titanic,4,Anime,doraemon,3,Anime,Yes,Unchanged,Unchanged,,,,,,,,,
90165452,,nhật ký ma cà rồng phần 1,5,Tâm linh,cuộc chiến thượng lưu 2,2,Phim Hàn Quốc,Yes,Changed,Tâm linh -> Phim Hàn Quốc,,,,,,,,,
90170863,,mình vật nhau đi,2,Khác,thước vải ma mị,2,Phim Thái Lan,Yes,Changed,Khác -> Phim Thái Lan,,,,,,,,,
90258608,,baby shark,2,Âm nhạc thiếu nhi,baby shark,3,Âm nhạc thiếu nhi,No,Unchanged,Unchanged,,,,,,,,,
90401516,,bắt ma phá án,2,Phim Hàn Quốc,đối tác đa,2,Khác,Yes,Changed,Phim Hàn Quốc -> Khác,,,,,,,,,
90413343,,em se khong de anh co don,2,Khác,cuoc,6,Khác,Yes,Unchanged,Unchanged,,,,,,,,,
90452257,,bilibili,4,Khác,doraemon,2,Anime,Yes,Changed,Khác -> Anime,,,,,,,,,
90536717,,produce,3,Chương trình Hàn Quốc,reply 1988,2,Phim Hàn Quốc,Yes,Changed,Chương trình Hàn Quốc -> Phim Hàn Quốc,,,,,,,,,
90615938,,nỗi vương vấn của hạ tiên sinh,3,Phim Trung Quốc,cá mực hầm mật,3,Phim Trung Quốc,Yes,Unchanged,Unchanged,,,,,,,,,
90879299,,hội pháp sư,12,Anime,hội pháp sư,15,Anime,No,Unchanged,Unchanged,,,,,,,,,
90993815,,anohana,3,Khác,spy x family,2,Khác,Yes,Unchanged,Unchanged,,,,,,,,,
91057005,,ong co tao,2,Khác,robot trai cay,3,Khác,Yes,Unchanged,Unchanged,,,,,,,,,
91062243,,chàng trai năm ấy tôi từng nhớ,2,Khác,true beauty,2,Phim Hàn Quốc,Yes,Changed,Khác -> Phim Hàn Quốc,,,,,,,,,
91089336,,rồi tới luôn nal mv audio lyric official,8,Khác,lối nhỏ vào đời tập 16,2,Khác,Yes,Unchanged,Unchanged,,,,,,,,,
91111752,,huong ma,2,Tâm linh,bi mat noi goc toi,2,Khác,Yes,Changed,Tâm linh -> Khác,,,,,,,,,
91111914,,thu thac,5,Khác,thu thac,6,Khác,No,Unchanged,Unchanged,,,,,,,,,
91215292,,hậu cung như ý truyện,3,Phim Trung Quốc,canh de,2,Khác,Yes,Changed,Phim Trung Quốc -> Khác,,,,,,,,,
91218500,,vuong nhat bac,2,Khác,thai tu khon,2,Khác,Yes,Unchanged,Unchanged,,,,,,,,,
91263342,,atta,5,Khác,hentai,4,Nhạy cảm,Yes,Changed,Khác -> Nhạy cảm,,,,,,,,,
91360856,,bí kíp luyện rồng,2,Khác,taxi em tên gì,2,Phim Việt Nam,Yes,Changed,Khác -> Phim Việt Nam,,,,,,,,,
91469866,,thanh xuân vật vã,2,Phim Hàn Quốc,cô nàng mạnh mẽ,2,Khác,Yes,Changed,Phim Hàn Quốc -> Khác,,,,,,,,,
91524984,,fairy tail,3,Anime,sao,3,Khác,Yes,Changed,Anime -> Khác,,,,,,,,,
91634810,,yêu tinh,2,Phim Hàn Quốc,tư đằng,2,Phim Trung Quốc,Yes,Changed,Phim Hàn Quốc -> Phim Trung Quốc,,,,,,,,,
91724543,,yêu trong đau thương,2,Khác,sứ mệnh và con tim,2,Khác,Yes,Unchanged,Unchanged,,,,,,,,,
91727700,,vân tịch truyện,2,Phim Trung Quốc,ly nhân tâm thượng,2,Phim Trung Quốc,Yes,Unchanged,Unchanged,,,,,,,,,
91783775,,đại mà vương anos,2,Tâm linh,black clover,2,Anime,Yes,Changed,Tâm linh -> Anime,,,,,,,,,
91801581,,cuộc chiến,2,Khác,hậu duệ mặt trời,2,Phim Hàn Quốc,Yes,Changed,Khác -> Phim Hàn Quốc,,,,,,,,,
91999427,,cô nàng đầu bếp của tôi,2,Phim Thái Lan,về nhà đi conphim,2,Khác,Yes,Changed,Phim Thái Lan -> Khác,,,,,,,,,
91999727,,nar,2,Khác,2 x family,2,Khác,Yes,Unchanged,Unchanged,,,,,,,,,
92013809,,huyền thoại biển xanh,2,Phim Hàn Quốc,khu vườn bí mật,2,Phim Hàn Quốc,Yes,Unchanged,Unchanged,,,,,,,,,
92041897,,yêu nhầm chị dâu,4,Phim Thái Lan,gửi thời thanh xuân ngây thơ tươi đẹp,4,Phim Trung Quốc,Yes,Changed,Phim Thái Lan -> Phim Trung Quốc,,,,,,,,,
92061930,,vô tình nhặt được tổng tài,2,Phim Trung Quốc,bạn gái 99 điểm,3,Khác,Yes,Changed,Phim Trung Quốc -> Khác,,,,,,,,,
92134319,,giải cứu nhà trắng,5,Khác,100 người thử nghiệm phần 5,3,Khác,Yes,Unchanged,Unchanged,,,,,,,,,
92176064,,huyền thoại biển xanh,2,Phim Hàn Quốc,định mệnh anh yêu em,2,Phim Đài Loan,Yes,Changed,Phim Hàn Quốc -> Phim Đài Loan,,,,,,,,,
92197860,,mắt xích hận thù,2,Phim Thái Lan,minh châu rực rỡ,4,Phim Thái Lan,Yes,Unchanged,Unchanged,,,,,,,,,
92252267,,cùng em bay lượn theo gió,2,Phim Trung Quốc,tôi độc thân dựa vào thực lực,3,Phim Trung Quốc,Yes,Unchanged,Unchanged,,,,,,,,,
92471430,,doubutsu sentai zyuohger,17,Khác,doubutsu sentai zyuohger,16,Khác,No,Unchanged,Unchanged,,,,,,,,,
92481088,,penthouse,22,Phim Hàn Quốc,penthouse,22,Phim Hàn Quốc,No,Unchanged,Unchanged,,,,,,,,,
92493092,,giữa thanh xuân,2,Phim Trung Quốc,bắt ma,2,Tâm linh,Yes,Changed,Phim Trung Quốc -> Tâm linh,,,,,,,,,
92509664,,say nắng,2,Khác,sao băng,2,Khác,Yes,Unchanged,Unchanged,,,,,,,,,
92795915,,penthouse 2,5,Phim Hàn Quốc,cá mực hầm mật,5,Phim Trung Quốc,Yes,Changed,Phim Hàn Quốc -> Phim Trung Quốc,,,,,,,,,
92797590,,những người thừa kế,2,Phim Hàn Quốc,cuộc chiến thượng lưu,2,Phim Hàn Quốc,Yes,Unchanged,Unchanged,,,,,,,,,
92871925,,nhật ký thường ngày của tiên vương,2,Phim hoạt hình 3D Trung Quốc,slime,2,Khác,Yes,Changed,Phim hoạt hình 3D Trung Quốc -> Khác,,,,,,,,,
92933541,,cổ tay áo màu đỏ,2,Phim Hàn Quốc,nữ nhi nhà họ kiều,2,Phim Trung Quốc,Yes,Changed,Phim Hàn Quốc -> Phim Trung Quốc,,,,,,,,,
92952317,,khach san m,2,Khác,ket n,2,Khác,Yes,Unchanged,Unchanged,,,,,,,,,
93018335,,pucca season 1,6,Khác,pucc,3,Khác,Yes,Unchanged,Unchanged,,,,,,,,,
93026571,,cảnh đẹp ngày vui biết bao giờ,2,Phim Trung Quốc,mật danh iris,2,Khác,Yes,Changed,Phim Trung Quốc -> Khác,,,,,,,,,
93048674,,tìm kiếm bằng giọng nói,2,Tìm kiếm chung / Chức năng,tìm kiếm bằng giọng nói,2,Tìm kiếm chung / Chức năng,No,Unchanged,Unchanged,,,,,,,,,
93077522,,thiếu nhi,15,Tìm kiếm chung,thiếu nhi,2,Tìm kiếm chung,No,Unchanged,Unchanged,,,,,,,,,
93194783,,nabi tôi sẽ không yêu em,3,Phim Thái Lan,oan gia dấu yêu,2,Khác,Yes,Changed,Phim Thái Lan -> Khác,,,,,,,,,
93225120,,phim hài hước hoai linh,3,Khác,maika,14,Phim Việt Nam,Yes,Changed,Khác -> Phim Việt Nam,,,,,,,,,
93313126,,siêu nhân,2,Phim hoạt hình,quỷ dữ,3,Khác,Yes,Changed,Phim hoạt hình -> Khác,,,,,,,,,
93357049,,barbie vùng đất của những ước mơ,2,Khác,thâm kế độc tình,2,Phim Thái Lan,Yes,Changed,Khác -> Phim Thái Lan,,,,,,,,,
93381398,,swor,2,Khác,kimetsu no yaiba,2,Anime,Yes,Changed,Khác -> Anime,,,,,,,,,
93485435,,bai ca con vit,2,Âm nhạc,thanh thanh tử khâm,2,Phim Trung Quốc,Yes,Changed,Âm nhạc -> Phim Trung Quốc,,,,,,,,,
93760567,,cá mực hầm mật,2,Phim Trung Quốc,ly nhân tâm thượng,8,Phim Trung Quốc,Yes,Unchanged,Unchanged,,,,,,,,,
93765265,,thử thách thần chết giữa hai thế giới,4,giữa hai thế giới : Phim chiếu rạp / Giả tưởng,why her,2,Phim Hàn Quốc,Yes,Changed,giữa hai thế giới : Phim chiếu rạp / Giả tưởng -> Phim Hàn Quốc,,,,,,,,,
93823606,,lưỡi gươm diệt quỷ,2,Anime,thế giới hôn nhân,2,Phim Hàn Quốc,Yes,Changed,Anime -> Phim Hàn Quốc,,,,,,,,,
93959850,,đấu trường âm nhạc,2,Chương trình truyền hình,đấu trường âm nhạc,2,Chương trình truyền hình,No,Unchanged,Unchanged,,,,,,,,,
93972029,,acanhaccmaqq,4,Khác,nhất kiến khuynh tâm,4,Phim Trung Quốc,Yes,Changed,Khác -> Phim Trung Quốc,,,,,,,,,
94046862,,eat love kill,2,Khác,thực tập sinh,2,Khác,Yes,Unchanged,Unchanged,,,,,,,,,
94102336,,cô nàng trong trắng oh woo ri,3,Phim Hàn Quốc,mien b,3,Khác,Yes,Changed,Phim Hàn Quốc -> Khác,,,,,,,,,
94113010,,lễ tân hôn quốc cường anh thư,4,Khác,ca cổ,4,Âm nhạc,Yes,Changed,Khác -> Âm nhạc,,,,,,,,,
94160067,,one piece,3,phim : Anime,masha,3,Khác,Yes,Changed,phim : Anime -> Khác,,,,,,,,,
94355096,,vô tình nhặt được tổng tài,3,Phim Trung Quốc,khu vườn bí mật,2,Phim Hàn Quốc,Yes,Changed,Phim Trung Quốc -> Phim Hàn Quốc,,,,,,,,,
94375527,,penthouse 2,2,Phim Hàn Quốc,phim kinh dị,2,Thể loại phim,Yes,Changed,Phim Hàn Quốc -> Thể loại phim,,,,,,,,,
94384367,,phim yêu nhầm chị dâu,2,Phim Thái Lan,yêu nhầm chị dâu,4,Phim Thái Lan,Yes,Unchanged,Unchanged,,,,,,,,,
94420887,,lưỡi gươm diệt quỷ,3,Anime,tokyo ghoul re,2,re : Anime,Yes,Changed,Anime -> re : Anime,,,,,,,,,
94522734,,thính tuyết lâu,2,Phim Trung Quốc,pháp sư mù,3,Khác,Yes,Changed,Phim Trung Quốc -> Khác,,,,,,,,,
94742663,,gumiho,4,Khác,thanh thanh tử khâm,3,Phim Trung Quốc,Yes,Changed,Khác -> Phim Trung Quốc,,,,,,,,,
94750592,,bleach,2,Anime,bleach,3,Anime,No,Unchanged,Unchanged,,,,,,,,,
94912210,,những người thừa kế,2,Phim Hàn Quốc,ngôi sao khoai tây,2,Phim Hàn Quốc,Yes,Unchanged,Unchanged,,,,,,,,,
94963661,,kim tae ri,2,Khác,why her,2,Phim Hàn Quốc,Yes,Changed,Khác -> Phim Hàn Quốc,,,,,,,,,
95131411,,con heo đất,4,Âm nhạc thiếu nhi,vui bé,2,Khác,Yes,Changed,Âm nhạc thiếu nhi -> Khác,,,,,,,,,
95141898,,doraemon,2,Anime,onepiece,3,Khác,Yes,Changed,Anime -> Khác,,,,,,,,,
95175992,,yêu em từ cái nhìn đầu tiên,2,Phim Trung Quốc,chiêu diêu,5,Phim Trung Quốc,Yes,Unchanged,Unchanged,,,,,,,,,
95295890,,hội pháp sư,5,Anime,cá mực hầm mật,5,Phim Trung Quốc,Yes,Changed,Anime -> Phim Trung Quốc,,,,,,,,,
95320190,,kết hôn rồi bắt đầu yêu,2,Phim Trung Quốc,những tháng năm rực rỡ,2,Khác,Yes,Changed,Phim Trung Quốc -> Khác,,,,,,,,,
95522631,,bạn trai tôi là hồ ly,2,Phim Hàn Quốc,true beauty,2,Phim Hàn Quốc,Yes,Unchanged,Unchanged,,,,,,,,,
95679670,,trợ lý thiên vương,9,Khác,quý ông hoàn hảo và cô nàng tạm được,8,Phim Trung Quốc,Yes,Changed,Khác -> Phim Trung Quốc,,,,,,,,,
9569884,,búp bê barbie,3,Khác,vtv1,9,Kênh truyền hình,Yes,Changed,Khác -> Kênh truyền hình,,,,,,,,,
95822307,,tương cách,2,Khác,insider,3,Khác,Yes,Unchanged,Unchanged,,,,,,,,,
95887131,,khách sạn ma quái,4,Phim Hàn Quốc,khách sạn ma quái,3,Phim Hàn Quốc,No,Unchanged,Unchanged,,,,,,,,,
95906698,,conan movie 14,2,Anime,sakura thủ lĩnh thẻ bài trong suot,2,Anime,Yes,Unchanged,Unchanged,,,,,,,,,
95960229,,cảnh đẹp ngày vui biết bao giờ,5,Phim Trung Quốc,cảnh đẹp ngày vui biết bao giờ,6,Phim Trung Quốc,No,Unchanged,Unchanged,,,,,,,,,
9605661,,tình một đêm,2,Khác,hãy là gia đình trong mơ của tôi,2,Khác,Yes,Unchanged,Unchanged,,,,,,,,,
96076653,,begin again,2,Khác,kill,3,Khác,Yes,Unchanged,Unchanged,,,,,,,,,
96282412,,thử thách thần tượng running man,3,Chương trình truyền hình,thử thách thần chết giữa hai thế giới,3,giữa hai thế giới : Phim chiếu rạp / Giả tưởng,Yes,Changed,Chương trình truyền hình -> giữa hai thế giới : Phim chiếu rạp / Giả tưởng,,,,,,,,,
96284151,,vanquantuantranh,8,Khác,hậu duệ mặt trời,2,Phim Hàn Quốc,Yes,Changed,Khác -> Phim Hàn Quốc,,,,,,,,,
96365679,,shooting stars,2,Phim Hàn Quốc,anh không thích thế giới này anh chỉ thích em,2,Phim Trung Quốc,Yes,Changed,Phim Hàn Quốc -> Phim Trung Quốc,,,,,,,,,
96568727,,huyền thoại biển xanh,4,Phim Hàn Quốc,người thầy y đức,2,Phim Hàn Quốc,Yes,Unchanged,Unchanged,,,,,,,,,
96593819,,running man,4,Chương trình truyền hình,running man,4,Chương trình truyền hình,No,Unchanged,Unchanged,,,,,,,,,
96618400,,kimetsu no yaiba,4,Anime,kimetsu no yaiba,3,Anime,No,Unchanged,Unchanged,,,,,,,,,
96619477,,siêu nhân,2,Phim hoạt hình,siêu nhân,4,Phim hoạt hình,No,Unchanged,Unchanged,,,,,,,,,
9662334,,dập tắt lửa lòng,3,Khác,đường lên đỉnh olympia,3,Khác,Yes,Unchanged,Unchanged,,,,,,,,,
96678901,,truyen gia,2,Khác,pháp y tần minh người đọc tâm,4,người đọc tâm : Phim Trung Quốc,Yes,Changed,Khác -> người đọc tâm : Phim Trung Quốc,,,,,,,,,
96872423,,cảnh đẹp ngày vui biết bao giờ,2,Phim Trung Quốc,cô vợ bắt buộc,2,Phim Thái Lan,Yes,Changed,Phim Trung Quốc -> Phim Thái Lan,,,,,,,,,
96900877,,biệt đội siêu anh hùng,2,Phim chiếu rạp / Siêu anh hùng,thien ng,2,Khác,Yes,Changed,Phim chiếu rạp / Siêu anh hùng -> Khác,,,,,,,,,
96935948,,kênh vtv1,4,Kênh truyền hình,kênh vtv1,11,Kênh truyền hình,No,Unchanged,Unchanged,,,,,,,,,
96965563,,hua jai sila,4,Khác,mặt trăng ôm mặt trời,8,Phim Hàn Quốc,Yes,Changed,Khác -> Phim Hàn Quốc,,,,,,,,,
97074753,,frozen,2,Phim hoạt hình,canh de,2,Khác,Yes,Changed,Phim hoạt hình -> Khác,,,,,,,,,
9726722,,một con vịt,8,Âm nhạc thiếu nhi,một con vịt,2,Âm nhạc thiếu nhi,No,Unchanged,Unchanged,,,,,,,,,
97289395,,mộng hoa lục,2,Phim ảnh,thâm kế độc tình,2,Phim Thái Lan,Yes,Changed,Phim ảnh -> Phim Thái Lan,,,,,,,,,
97337639,,boku no hero academia season 3,9,Anime,one punch man,6,Anime,Yes,Unchanged,Unchanged,,,,,,,,,
97393392,,venom đối mặt tử thù,2,Khác,củng lợi,2,Khác,Yes,Unchanged,Unchanged,,,,,,,,,
97400600,,người thầy y đức,2,Phim Hàn Quốc,phim bạch phát vương phi,4,Phim Trung Quốc,Yes,Changed,Phim Hàn Quốc -> Phim Trung Quốc,,,,,,,,,
97496162,,overlord iii,2,Anime,overlord iv,2,Anime,Yes,Unchanged,Unchanged,,,,,,,,,
97529816,,nhiệt huyết thần tượng,3,Khác,gia đình luka phần 1,2,Khác,Yes,Unchanged,Unchanged,,,,,,,,,
97581274,,lời nói dối chân thật,3,Khác,al,2,Khác,Yes,Unchanged,Unchanged,,,,,,,,,
97621031,,running man,3,Chương trình truyền hình,running man,2,Chương trình truyền hình,No,Unchanged,Unchanged,,,,,,,,,
97676597,,chang h,2,Khác,chang ha,2,Khác,Yes,Unchanged,Unchanged,,,,,,,,,
97697151,,ca m,4,Khác,nhat d,6,Khác,Yes,Unchanged,Unchanged,,,,,,,,,
97706659,,cô nàng trong trắng,2,Phim Hàn Quốc,thiên nga bóng đêm,2,Phim Hàn Quốc,Yes,Unchanged,Unchanged,,,,,,,,,
97744273,,yêu nhầm chị dâu,7,Phim Thái Lan,yeu tr,11,Khác,Yes,Changed,Phim Thái Lan -> Khác,,,,,,,,,
97784921,,penthouse 2,11,Phim Hàn Quốc,penthouse 3,10,Phim Hàn Quốc,Yes,Unchanged,Unchanged,,,,,,,,,
97800544,,mở cẩu,2,Khác,mở công chúa,2,Khác,Yes,Unchanged,Unchanged,,,,,,,,,
97933484,,không một ai biết,2,Khác,mbitious,4,Khác,Yes,Unchanged,Unchanged,,,,,,,,,
97937370,,thu k,5,Khác,kim s,2,Khác,Yes,Unchanged,Unchanged,,,,,,,,,
97990298,,tuoi tre,2,Khác,thực thần 2,2,Khác,Yes,Unchanged,Unchanged,,,,,,,,,
98011880,,siêu nhân,25,Phim hoạt hình,siêu nhân,5,Phim hoạt hình,No,Unchanged,Unchanged,,,,,,,,,
98108041,,người thầy y đức,2,Phim Hàn Quốc,prime provider,5,Khác,Yes,Changed,Phim Hàn Quốc -> Khác,,,,,,,,,
98109448,,nhanh và nguy hiểm 9,3,Phim chiếu rạp / Hành động,ve bin,2,Khác,Yes,Changed,Phim chiếu rạp / Hành động -> Khác,,,,,,,,,
98124632,,xuân này con vắng nhà,6,Khác,xuân này con vắng nhà,2,Khác,No,Unchanged,Unchanged,,,,,,,,,
98158660,,shoo,4,Khác,khi người đàn ông yêu,2,Khác,Yes,Unchanged,Unchanged,,,,,,,,,
98192150,,fairy tail,2,Anime,hữu phỉ,2,Khác,Yes,Changed,Anime -> Khác,,,,,,,,,
98264126,,cuộc chiến thượng lưu,6,Phim Hàn Quốc,taxi driver,8,Phim Hàn Quốc,Yes,Unchanged,Unchanged,,,,,,,,,
98425746,,định mệnh trái ngang,2,Khác,bây giờ chúng ta đang chia tay,2,Khác,Yes,Unchanged,Unchanged,,,,,,,,,
98437773,,thâm kế độc tình,6,Phim Thái Lan,mac xich han thu,2,Khác,Yes,Changed,Phim Thái Lan -> Khác,,,,,,,,,
98487067,,jujutsu kaisen,2,Anime,junji ito collection,4,Khác,Yes,Changed,Anime -> Khác,,,,,,,,,
98526712,,kingsm,5,Khác,dunkirk,2,Khác,Yes,Unchanged,Unchanged,,,,,,,,,
98623548,,dumblerdore,2,Khác,hạnh phúc đến vạn gia,2,Phim Trung Quốc,Yes,Changed,Khác -> Phim Trung Quốc,,,,,,,,,
98624334,,nhất dạ tân nương 2,2,Phim Trung Quốc,penthouse 3,2,Phim Hàn Quốc,Yes,Changed,Phim Trung Quốc -> Phim Hàn Quốc,,,,,,,,,
98703383,,sao bang,2,Khác,hoa du kí,2,Khác,Yes,Unchanged,Unchanged,,,,,,,,,
98744264,,vua sư tử,2,Khác,liên minh công lý phiên bản của zack snyder,4,phiên bản của zack snyder : Phim chiếu rạp / Siêu anh hùng,Yes,Changed,Khác -> phiên bản của zack snyder : Phim chiếu rạp / Siêu anh hùng,,,,,,,,,
98784323,,hà nội viêng chăn,2,Khác,bolero,3,Âm nhạc,Yes,Changed,Khác -> Âm nhạc,,,,,,,,,
98989637,,thanh tuyền,2,Khác,duy khánh,3,Người nổi tiếng,Yes,Changed,Khác -> Người nổi tiếng,,,,,,,,,
99309930,,hội pháp sư,3,Anime,hội pháp sư 2,4,Anime,Yes,Unchanged,Unchanged,,,,,,,,,
99330085,,song d,2,Khác,yeu tinh,9,Phim Hàn Quốc,Yes,Changed,Khác -> Phim Hàn Quốc,,,,,,,,,
99330955,,pháp y tần minh,3,người đọc tâm : Phim Trung Quốc,bác sĩ ma,2,Phim Hàn Quốc,Yes,Changed,người đọc tâm : Phim Trung Quốc -> Phim Hàn Quốc,,,,,,,,,
99335327,,nang dau hien dai trung quoc,2,Khác,street w,7,Khác,Yes,Unchanged,Unchanged,,,,,,,,,
99352210,,shoo,4,Khác,học viện cảnh sát,4,Phim Hàn Quốc,Yes,Changed,Khác -> Phim Hàn Quốc,,,,,,,,,
99429893,,kimetsu no yaiba,3,Anime,cuộc chiến thượng lưu,4,Phim Hàn Quốc,Yes,Changed,Anime -> Phim Hàn Quốc,,,,,,,,,
99509234,,bắt ma phá án,2,Phim Hàn Quốc,trở lạituooi 18,2,Khác,Yes,Changed,Phim Hàn Quốc -> Khác,,,,,,,,,
99623691,,miền tây,9,Khác,miền tây,8,Khác,No,Unchanged,Unchanged,,,,,,,,,
99657483,,mắt xích hận thù,2,Phim Thái Lan,miracle của kang min ah,2,Khác,Yes,Changed,Phim Thái Lan -> Khác,,,,,,,,,
99868522,,quý ông hoàn hảo và cô nàng tạm được,2,Phim Trung Quốc,yêu từng centimet,3,Phim Trung Quốc,Yes,Unchanged,Unchanged,,,,,,,,,
99886033,,nắm giữ sinh mệnh,9,Phim ảnh,pháp y tần minh người đọc tâm,6,người đọc tâm : Phim Trung Quốc,Yes,Changed,Phim ảnh -> người đọc tâm : Phim Trung Quốc,,,,,,,,,
99891590,,cô nàng trong trắng oh woo ri,5,Phim Hàn Quốc,chuyện kinh dị lúc nửa đêm,3,Khác,Yes,Changed,Phim Hàn Quốc -> Khác,,,,,,,,,
0095534,,rể nhà nông,2,Khác,về nhà đi con,2,Khác,Yes,Unchanged,Unchanged,,,,,,,,,
0100707,,top1 paine,13,Khác,naruto,8,Anime,Yes,Changed,Khác -> Anime,,,,,,,,,
0166577,,lí trí và tình cảm,2,Khác,caribe,2,Khác,Yes,Unchanged,Unchanged,,,,,,,,,
0167131,,cá mực hầm mật,6,Phim Trung Quốc,cá mực hầm mật,3,Phim Trung Quốc,No,Unchanged,Unchanged,,,,,,,,,
0261136,,cô bé masha và chú gấu xiếc,3,Phim hoạt hình,trò chơi con mực,2,Khác,Yes,Changed,Phim hoạt hình -> Khác,,,,,,,,,
0271407,,fairy tail,3,Anime,akame ga kill,2,Anime,Yes,Unchanged,Unchanged,,,,,,,,,
0330232,,boruto naruto the movie,4,Anime,boruto naruto the movie,6,Anime,No,Unchanged,Unchanged,,,,,,,,,
0515551,,hậu duệ mặt trời,5,Phim Hàn Quốc,nastya,4,Khác,Yes,Changed,Phim Hàn Quốc -> Khác,,,,,,,,,
06006210,,vanit,3,Khác,cardcaptor sakura,2,Anime,Yes,Changed,Khác -> Anime,,,,,,,,,
06007994,,shangchi,2,Khác,konsuba,15,Khác,Yes,Unchanged,Unchanged,,,,,,,,,
06012481,,lưu ly mỹ nhân sát,2,Phim Trung Quốc,con tim sắt đá,4,Phim Thái Lan,Yes,Changed,Phim Trung Quốc -> Phim Thái Lan,,,,,,,,,
06012570,,ngày luân hồi,2,Khác,trữ tình,11,Âm nhạc,Yes,Changed,Khác -> Âm nhạc,,,,,,,,,
06015775,,fairy tail,3,Anime,prison school,2,Khác,Yes,Changed,Anime -> Khác,,,,,,,,,
06015784,,ngày hôm qua,5,Khác,doraemon,6,Anime,Yes,Changed,Khác -> Anime,,,,,,,,,
06016563,,kháp,2,Khác,bạn cùng phòng tôi là người mình hồ,2,Khác,Yes,Unchanged,Unchanged,,,,,,,,,
06021396,,bolero,2,Âm nhạc,siêu nhân,2,Phim hoạt hình,Yes,Changed,Âm nhạc -> Phim hoạt hình,,,,,,,,,
06021741,,mùa hè yêu dấu của chung ta,4,Khác,hoàng tử ếch,2,Khác,Yes,Unchanged,Unchanged,,,,,,,,,
06021966,,be mbitious,3,Chương trình Hàn Quốc,mbitious,3,Khác,Yes,Changed,Chương trình Hàn Quốc -> Khác,,,,,,,,,
06023407,,cá mực hầm mật,4,Phim Trung Quốc,thủ lĩnh thẻ bài,3,Anime,Yes,Changed,Phim Trung Quốc -> Anime,,,,,,,,,
06024521,,fairy tail,2,Anime,fairy tail,2,Anime,No,Unchanged,Unchanged,,,,,,,,,
06025322,,người thừa kế,2,Khác,hạ cánh nơi anh,2,Phim Hàn Quốc,Yes,Changed,Khác -> Phim Hàn Quốc,,,,,,,,,
06041991,,black clover,2,Anime,gấu paddington,2,Khác,Yes,Changed,Anime -> Khác,,,,,,,,,
06048807,,batman begins,2,Khác,con tim sắt đá,3,Phim Thái Lan,Yes,Changed,Khác -> Phim Thái Lan,,,,,,,,,
06050765,,thiên cổ quyết trần,3,Phim Trung Quốc,anh chàng bảo mẫu,2,Khác,Yes,Changed,Phim Trung Quốc -> Khác,,,,,,,,,
06060973,,attack on titan final season,2,Anime,đao kiếm thần vực phần 4,3,Anime,Yes,Unchanged,Unchanged,,,,,,,,,
06062641,,hoc vien ma vuong,2,Tâm linh,f4,2,Giải trí,Yes,Changed,Tâm linh -> Giải trí,,,,,,,,,
06077811,,hậu duệ mặt trời,15,Phim Hàn Quốc,hậu duệ mặt trời,3,Phim Hàn Quốc,No,Unchanged,Unchanged,,,,,,,,,
06080659,,phim hayho com,2,Khác,tình yêu và tham vọng,2,Khác,Yes,Unchanged,Unchanged,,,,,,,,,
06080955,,jujutsu kaisen,9,Anime,jujutsu kaisen,5,Anime,No,Unchanged,Unchanged,,,,,,,,,
06081626,,lưỡi gươm diệt quỷ,4,Anime,đao kiếm thần vực phần 3,2,Anime,Yes,Unchanged,Unchanged,,,,,,,,,
06084794,,attack on titan final season,12,Anime,boku,42,Anime,Yes,Unchanged,Unchanged,,,,,,,,,
06090441,,cặp đôi trái ngược,2,Phim Hàn Quốc,pinochio,3,Phim Hàn Quốc,Yes,Unchanged,Unchanged,,,,,,,,,
06091343,,hội pháp sư 2,2,Anime,overlord iii,2,Anime,Yes,Unchanged,Unchanged,,,,,,,,,
06096427,,thung lũng nước mắt s1,2,Khác,thước vải ma mị,3,Phim Thái Lan,Yes,Changed,Khác -> Phim Thái Lan,,,,,,,,,
0624349,,tay súng hàng đầu,4,Khác,the conj,3,Khác,Yes,Unchanged,Unchanged,,,,,,,,,
0630412,,phu t,2,Khác,anya,2,Khác,Yes,Unchanged,Unchanged,,,,,,,,,
06405336,,hoa thiên cốt,2,Phim Trung Quốc,chàng hậu,2,Phim Hàn Quốc,Yes,Changed,Phim Trung Quốc -> Phim Hàn Quốc,,,,,,,,,
06409664,,thế giới động vật,3,Tìm kiếm chung / Tài liệu,em là bà nội của anh,3,Khác,Yes,Changed,Tìm kiếm chung / Tài liệu -> Khác,,,,,,,,,
06442635,,điên tối 4k,3,Khác,tôi thấy hoa vàng trên cỏ xanh,2,Phim Việt Nam,Yes,Changed,Khác -> Phim Việt Nam,,,,,,,,,
06448754,,phim trường ma,2,Thể loại phim,u19 brunei vs 19 philippines,2,Khác,Yes,Changed,Thể loại phim -> Khác,,,,,,,,,
06455499,,she was pretty,4,Khác,thu ki kim sao the,5,Khác,Yes,Unchanged,Unchanged,,,,,,,,,
06456662,,những chàng trai ngoan,2,Khác,nữ thần chiến binh,3,Khác,Yes,Unchanged,Unchanged,,,,,,,,,
06459562,,50 sắc thái,2,Khác,voice 1,2,Phim Hàn Quốc,Yes,Changed,Khác -> Phim Hàn Quốc,,,,,,,,,
06484184,,docle,8,Khác,anh ba phaitv,4,Khác,Yes,Unchanged,Unchanged,,,,,,,,,
066819,,trữ tình,3,Âm nhạc,trữ tình,13,Âm nhạc,No,Unchanged,Unchanged,,,,,,,,,
067658,,liên minh công lý phiên bản của zack snyder,2,phiên bản của zack snyder : Phim chiếu rạp / Siêu anh hùng,pay back,2,Khác,Yes,Changed,phiên bản của zack snyder : Phim chiếu rạp / Siêu anh hùng -> Khác,,,,,,,,,
06866801,,doremon,2,Anime,minio,5,Khác,Yes,Changed,Anime -> Khác,,,,,,,,,
06881780,,sword art online alicization,2,alicization : Anime,hyouka,2,Khác,Yes,Changed,alicization : Anime -> Khác,,,,,,,,,
06886807,,giữa thanh xuân,2,Phim Trung Quốc,tinh hán sán lạn,2,Khác,Yes,Changed,Phim Trung Quốc -> Khác,,,,,,,,,
06897479,,phim hoạt hình,4,Khác,hải tặc,2,Khác,Yes,Unchanged,Unchanged,,,,,,,,,
0703546,,công,2,Khác,ban trai vi dieu cua toi 2,4,Khác,Yes,Unchanged,Unchanged,,,,,,,,,
0788405,,tuổi trẻ của tháng 5,2,Khác,khu vườn bí mật,2,Phim Hàn Quốc,Yes,Changed,Khác -> Phim Hàn Quốc,,,,,,,,,
0877986,,naruto tập 31,2,Anime,luật sư,2,Khác,Yes,Changed,Anime -> Khác,,,,,,,,,
090511,,onsporst,2,Khác,live sporst,2,Khác,Yes,Unchanged,Unchanged,,,,,,,,,
0998020,,một con vịt,6,Âm nhạc thiếu nhi,một con vịt,12,Âm nhạc thiếu nhi,No,Unchanged,Unchanged,,,,,,,,,
1044201,,phim hành động,4,Thể loại phim,fireboy dml,3,Khác,Yes,Changed,Thể loại phim -> Khác,,,,,,,,,
1054213,,loan mắt nhung,2,Khác,loan mắt nhung,2,Khác,No,Unchanged,Unchanged,,,,,,,,,
1235888,,lý tiểu long và tôi,2,Phim ảnh,lửa chiến,3,Khác,Yes,Changed,Phim ảnh -> Khác,,,,,,,,,
1265642,,huyền thoại tarzan,2,Khác,khi m,2,Khác,Yes,Unchanged,Unchanged,,,,,,,,,
134594,,nữ thanh tra tài ba,4,Phim Hàn Quốc,doi song,5,Khác,Yes,Changed,Phim Hàn Quốc -> Khác,,,,,,,,,
1388470,,mahoutsukai,2,Khác,thu thach,2,Khác,Yes,Unchanged,Unchanged,,,,,,,,,
1495726,,bạn trai tôi là hồ ly,2,Phim Hàn Quốc,eve,2,Phim Hàn Quốc,Yes,Unchanged,Unchanged,,,,,,,,,
1562016,,doraemon,2,Anime,yêu tinh,3,Phim Hàn Quốc,Yes,Changed,Anime -> Phim Hàn Quốc,,,,,,,,,
1565421,,hoàng hậu ki,2,Khác,phù dao hoàng hậu,2,Phim Trung Quốc,Yes,Changed,Khác -> Phim Trung Quốc,,,,,,,,,
1822709,,sazam,3,Khác,vượt ngục,3,Khác,Yes,Unchanged,Unchanged,,,,,,,,,
1852323,,con ruột con riêng,2,Phim Hàn Quốc,nhung nguoi thua,2,Khác,Yes,Changed,Phim Hàn Quốc -> Khác,,,,,,,,,
1918750,,one punch man,7,Anime,one punch man,6,Anime,No,Unchanged,Unchanged,,,,,,,,,
1974705,,nếu âm thanh có ký ức,4,Khác,đại đường minh nguyệt,3,Phim Trung Quốc,Yes,Changed,Khác -> Phim Trung Quốc,,,,,,,,,
2060177,,dr stone,3,Anime,thanh thanh tử khâm,3,Phim Trung Quốc,Yes,Changed,Anime -> Phim Trung Quốc,,,,,,,,,
2262770,,người nhện không còn nhà,2,không còn nhà : Phim chiếu rạp / Siêu anh hùng,doraemon,9,Anime,Yes,Changed,không còn nhà : Phim chiếu rạp / Siêu anh hùng -> Anime,,,,,,,,,
2332394,,kênh htvc ca nhạc,4,Âm nhạc,365 dni,7,Khác,Yes,Changed,Âm nhạc -> Khác,,,,,,,,,
2371919,,real madrid,2,Khác,real madrid,2,Khác,No,Unchanged,Unchanged,,,,,,,,,
2432096,,cam cam,3,Khác,cam cam tivi,2,Khác,Yes,Unchanged,Unchanged,,,,,,,,,
2491730,,running man,2,Chương trình truyền hình,running man,2,Chương trình truyền hình,No,Unchanged,Unchanged,,,,,,,,,
2506285,,sơn trại tiểu manh chủ,2,Phim Trung Quốc,người thầy y đức,2,Phim Hàn Quốc,Yes,Changed,Phim Trung Quốc -> Phim Hàn Quốc,,,,,,,,,
255923,,thor,7,Khác,cong v,2,Khác,Yes,Unchanged,Unchanged,,,,,,,,,
2654259,,tìm mẹ,10,Chương trình truyền hình,con bò,2,Khác,Yes,Changed,Chương trình truyền hình -> Khác,,,,,,,,,
2682517,,bi,2,Khác,kẻ trộm mặt trăng minions,2,minions : Phim hoạt hình,Yes,Changed,Khác -> minions : Phim hoạt hình,,,,,,,,,
2781866,,yêu tinh,2,Phim Hàn Quốc,chàng hậu,2,Phim Hàn Quốc,Yes,Unchanged,Unchanged,,,,,,,,,
3076089,,em là thành trì doanh lũy của anh,5,Phim Trung Quốc,anh không thích thế giới này anh chỉ thích em,7,Phim Trung Quốc,Yes,Unchanged,Unchanged,,,,,,,,,
3215514,,liên minh công lý phiên bản của zack snyder,2,phiên bản của zack snyder : Phim chiếu rạp / Siêu anh hùng,liên minh công lý phiên bản của zack snyder,2,phiên bản của zack snyder : Phim chiếu rạp / Siêu anh hùng,No,Unchanged,Unchanged,,,,,,,,,
3239330,,mị nguyệt truyện,2,Phim Trung Quốc,hắc bạch vô song phần 2,3,Khác,Yes,Changed,Phim Trung Quốc -> Khác,,,,,,,,,
3239785,,đẳng cấp thực khách,3,Khác,đẳng cấp thực khách,8,Khác,No,Unchanged,Unchanged,,,,,,,,,
3269942,,lưỡi gươm diệt quỷ,2,Anime,vườn sao băng,4,Khác,Yes,Changed,Anime -> Khác,,,,,,,,,
3600431,,cháu lên ba bé xuân mai,3,Khác,cháu lên ba bé xuân mai,13,Khác,No,Unchanged,Unchanged,,,,,,,,,
3639000,,mở nhạc vàng xưa,2,Khác,mở nhạc vàng xưa,2,Khác,No,Unchanged,Unchanged,,,,,,,,,
3896495,,lọ lem và bốn chàng hiê,2,Khác,jang hyuk,6,Khác,Yes,Unchanged,Unchanged,,,,,,,,,
3935072,,xã hội đen kiểu cũ cuối cùng phần 2,10,Phim ảnh,gate,3,Khác,Yes,Changed,Phim ảnh -> Khác,,,,,,,,,
40019662,,về quê,56,Khác,về quê,51,Khác,No,Unchanged,Unchanged,,,,,,,,,
40041268,,liên minh công lý phiên bản của zack snyder,2,phiên bản của zack snyder : Phim chiếu rạp / Siêu anh hùng,liên minh công lý phiên bản của zack snyder,3,phiên bản của zack snyder : Phim chiếu rạp / Siêu anh hùng,No,Unchanged,Unchanged,,,,,,,,,
40066868,,hoa của quỷ,2,Phim Hàn Quốc,penthouse 3,5,Phim Hàn Quốc,Yes,Unchanged,Unchanged,,,,,,,,,
40103176,,xez,2,Khác,xexx,10,Khác,Yes,Unchanged,Unchanged,,,,,,,,,
40172732,,paw patrol,2,Phim hoạt hình,paw patrol,2,Phim hoạt hình,No,Unchanged,Unchanged,,,,,,,,,
40177421,,kênh vtv1,2,Kênh truyền hình,kênh vtv1,8,Kênh truyền hình,No,Unchanged,Unchanged,,,,,,,,,
4026098,,thiếu nhi,4,Tìm kiếm chung,thiếu nhi,4,Tìm kiếm chung,No,Unchanged,Unchanged,,,,,,,,,
40276481,,7 viên ngọc rồng,4,Khác,đao kiếm thần vực phần 1,2,Khác,Yes,Unchanged,Unchanged,,,,,,,,,
40304037,,kingsman,2,Khác,minions,2,Phim hoạt hình,Yes,Changed,Khác -> Phim hoạt hình,,,,,,,,,
40326294,,thương ngày nắng về,2,Phim Việt Nam,sống hà tây,3,Khác,Yes,Changed,Phim Việt Nam -> Khác,,,,,,,,,
40331197,,thiếu nhi,4,Tìm kiếm chung,thiếu nhi,18,Tìm kiếm chung,No,Unchanged,Unchanged,,,,,,,,,
40353295,,bua,3,Khác,yeu,2,Khác,Yes,Unchanged,Unchanged,,,,,,,,,
40369044,,tìm kiếm bằng giọng nói,2,Tìm kiếm chung / Chức năng,kẻ trộm mặt trăng minions,2,minions : Phim hoạt hình,Yes,Changed,Tìm kiếm chung / Chức năng -> minions : Phim hoạt hình,,,,,,,,,
40373096,,vô tình nhặt được tổng tài,8,Phim Trung Quốc,hoa c,4,Khác,Yes,Changed,Phim Trung Quốc -> Khác,,,,,,,,,
4040726,,thương ngày nắng về,4,Phim Việt Nam,thương ngày nắng về,4,Phim Việt Nam,No,Unchanged,Unchanged,,,,,,,,,
40415431,,tâm sự mai đình,2,Khác,trữ tình,2,Âm nhạc,Yes,Changed,Khác -> Âm nhạc,,,,,,,,,
40432720,,chuyen si,2,Khác,dr stone wars,2,Anime,Yes,Changed,Khác -> Anime,,,,,,,,,
40488322,,vạn phụng chi vyongw,2,Khác,trừ tà,2,Khác,Yes,Unchanged,Unchanged,,,,,,,,,
40564119,,thiếu nhi,3,Tìm kiếm chung,thiếu nhi,2,Tìm kiếm chung,No,Unchanged,Unchanged,,,,,,,,,
40599700,,tuyển tập phim ngắn việt nam,2,phim ngắn việt nam : Phim Việt Nam,đất phương nam,2,Khác,Yes,Changed,phim ngắn việt nam : Phim Việt Nam -> Khác,,,,,,,,,
40620214,,phù dao hoàng hậu,2,Phim Trung Quốc,true beauty,2,Phim Hàn Quốc,Yes,Changed,Phim Trung Quốc -> Phim Hàn Quốc,,,,,,,,,
40707372,,thiếu nhi,17,Tìm kiếm chung,thiếu nhi,19,Tìm kiếm chung,No,Unchanged,Unchanged,,,,,,,,,
40712333,,fast furious,2,Phim chiếu rạp / Hành động,angr,2,Khác,Yes,Changed,Phim chiếu rạp / Hành động -> Khác,,,,,,,,,
40794339,,dr stone,6,Anime,jujutsu kaisen,2,Anime,Yes,Unchanged,Unchanged,,,,,,,,,
40862675,,khach,7,Khác,hotel transylvania,3,Khác,Yes,Unchanged,Unchanged,,,,,,,,,
40873974,,youtube,11,Nền tảng,lac chon hong tran,3,Khác,Yes,Changed,Nền tảng -> Khác,,,,,,,,,
40963744,,aikatsu nhiệt huyết thần tượng phần 1,2,Khác,nhiet,2,Khác,Yes,Unchanged,Unchanged,,,,,,,,,
40986321,,limitless,2,Khác,the prestige,2,Khác,Yes,Unchanged,Unchanged,,,,,,,,,
41001298,,mở youtube phim truyện việt nam,2,Nền tảng,mở youtube phim truyện nước ngoài,3,Nền tảng,Yes,Unchanged,Unchanged,,,,,,,,,
41044903,,eve,2,Phim Hàn Quốc,eve,2,Phim Hàn Quốc,No,Unchanged,Unchanged,,,,,,,,,
41078009,,anh em,3,Khác,nguyen l,6,Khác,Yes,Unchanged,Unchanged,,,,,,,,,
41081534,,một con vịt,2,Âm nhạc thiếu nhi,một con vịt,2,Âm nhạc thiếu nhi,No,Unchanged,Unchanged,,,,,,,,,
41161262,,fairy tail,15,Anime,fairy tail,6,Anime,No,Unchanged,Unchanged,,,,,,,,,
41161519,,nhac,4,Khác,em đẹp nhất là khi mỉm cười,2,Phim Trung Quốc,Yes,Changed,Khác -> Phim Trung Quốc,,,,,,,,,
41167150,,ban tr,2,Khác,luu ly,2,Khác,Yes,Unchanged,Unchanged,,,,,,,,,
4121100,,halo,3,Khác,game of thrones s2,3,Khác,Yes,Unchanged,Unchanged,,,,,,,,,
41215386,,cuộc chiến thượng lưu,2,Phim Hàn Quốc,18 again,2,Khác,Yes,Changed,Phim Hàn Quốc -> Khác,,,,,,,,,
41216420,,kết hôn rồi bắt đầu yêu,2,Phim Trung Quốc,inuyasha,7,Anime,Yes,Changed,Phim Trung Quốc -> Anime,,,,,,,,,
41246182,,ve d,3,Khác,tai sa,2,Khác,Yes,Unchanged,Unchanged,,,,,,,,,
41284955,,may ho,3,Khác,lang y,4,Khác,Yes,Unchanged,Unchanged,,,,,,,,,
41294004,,liên minh công lý phiên bản của zack snyder,2,phiên bản của zack snyder : Phim chiếu rạp / Siêu anh hùng,liên minh công lý phiên bản của zack snyder,2,phiên bản của zack snyder : Phim chiếu rạp / Siêu anh hùng,No,Unchanged,Unchanged,,,,,,,,,
41348239,,mở ninja,2,Khác,siêu nhân,3,Phim hoạt hình,Yes,Changed,Khác -> Phim hoạt hình,,,,,,,,,
41351724,,fairy tail,30,Anime,fairy tail,28,Anime,No,Unchanged,Unchanged,,,,,,,,,
41376059,,cuoi cung cung toi luot tôi yeu,2,Khác,cả thế giới đều không bằng em,2,Phim Trung Quốc,Yes,Changed,Khác -> Phim Trung Quốc,,,,,,,,,
41393822,,hoàng hậu công lược,2,Khác,tại sao lại là oh soo jae,3,Phim Hàn Quốc,Yes,Changed,Khác -> Phim Hàn Quốc,,,,,,,,,
41484782,,sau khi làm chuyện ấy,2,Khác,sau khi làm chuyện ấy,3,Khác,No,Unchanged,Unchanged,,,,,,,,,
41502734,,con cò trắng phi nhung,7,Âm nhạc,phi nhung con cò trắng,2,Âm nhạc,Yes,Unchanged,Unchanged,,,,,,,,,
41514450,,siêu nhân,13,Phim hoạt hình,siêu nhân,3,Phim hoạt hình,No,Unchanged,Unchanged,,,,,,,,,
41551542,,sex,2,Nhạy cảm,doraemon,3,Anime,Yes,Changed,Nhạy cảm -> Anime,,,,,,,,,
41558910,,thủ lĩnh thẻ bài,2,Anime,kênh truyền hình vĩnh long 1,2,Khác,Yes,Changed,Anime -> Khác,,,,,,,,,
41567320,,mùa xuân đó có em,2,Khác,tam mao,3,Khác,Yes,Unchanged,Unchanged,,,,,,,,,
41572593,,a ghost story,2,Khác,a ghost story,8,Khác,No,Unchanged,Unchanged,,,,,,,,,
41573413,,liên minh công lý phiên bản của zack snyder,3,phiên bản của zack snyder : Phim chiếu rạp / Siêu anh hùng,liên minh công lý phiên bản của zack snyder,3,phiên bản của zack snyder : Phim chiếu rạp / Siêu anh hùng,No,Unchanged,Unchanged,,,,,,,,,
41610641,,thế giới động vật,5,Tìm kiếm chung / Tài liệu,thế giới động vật,10,Tìm kiếm chung / Tài liệu,No,Unchanged,Unchanged,,,,,,,,,
41611123,,nửa hiệp cơ trí,3,Khác,hoa du ký,14,Phim Hàn Quốc,Yes,Changed,Khác -> Phim Hàn Quốc,,,,,,,,,
41614322,,thanh xuân vật vã,2,Phim Hàn Quốc,gangnam style,2,Khác,Yes,Changed,Phim Hàn Quốc -> Khác,,,,,,,,,
41660971,,thiếu nhi,4,Tìm kiếm chung,thiếu nhi,4,Tìm kiếm chung,No,Unchanged,Unchanged,,,,,,,,,
41663777,,fairy tail,2,Anime,vẻ đẹp đích thực,2,Phim Hàn Quốc,Yes,Changed,Anime -> Phim Hàn Quốc,,,,,,,,,
41687571,,bộ phim về hiphop,9,Thể loại phim,bộ phim về hiphop,4,Thể loại phim,No,Unchanged,Unchanged,,,,,,,,,
41717951,,nửa thời gian ấm áp,2,Khác,lời hứa với các vị thần,2,Khác,Yes,Unchanged,Unchanged,,,,,,,,,
41735571,,làm sao boss lại làm sao nữa,2,Phim Trung Quốc,những người thừa kế,3,Phim Hàn Quốc,Yes,Changed,Phim Trung Quốc -> Phim Hàn Quốc,,,,,,,,,
41747297,,huye,3,Khác,huyết giới chiến tuyến phần 2,2,Khác,Yes,Unchanged,Unchanged,,,,,,,,,
41749086,,boruto naruto the movie,2,Anime,lửa chiến,7,Khác,Yes,Changed,Anime -> Khác,,,,,,,,,
41833629,,bolero,2,Âm nhạc,bolero,3,Âm nhạc,No,Unchanged,Unchanged,,,,,,,,,
41848396,,cháu yêu bà,10,Âm nhạc thiếu nhi,cháu yêu bà,11,Âm nhạc thiếu nhi,No,Unchanged,Unchanged,,,,,,,,,
41880257,,a ghost story,2,Khác,one punch man,3,Anime,Yes,Changed,Khác -> Anime,,,,,,,,,
41887332,,bolero,3,Âm nhạc,bolero,8,Âm nhạc,No,Unchanged,Unchanged,,,,,,,,,
4196006,,naruto,4,Anime,ghibli,8,Anime,Yes,Unchanged,Unchanged,,,,,,,,,
41965941,,penthouse 2,14,Phim Hàn Quốc,đêm tối tokyo phần 3,3,Khác,Yes,Changed,Phim Hàn Quốc -> Khác,,,,,,,,,
41972737,,phàm nhân tu tiên,10,Phim hoạt hình 3D Trung Quốc,phàm nhân tu tiên,2,Phim hoạt hình 3D Trung Quốc,No,Unchanged,Unchanged,,,,,,,,,
4198927,,liên minh công lý phiên bản của zack snyder,4,phiên bản của zack snyder : Phim chiếu rạp / Siêu anh hùng,nhật ký ma ca rồng p6,2,Tâm linh,Yes,Changed,phiên bản của zack snyder : Phim chiếu rạp / Siêu anh hùng -> Tâm linh,,,,,,,,,
41990014,,tam quốc,5,Khác,tam quốc,4,Khác,No,Unchanged,Unchanged,,,,,,,,,
42018077,,bat ma,2,Tâm linh,runingman,3,Khác,Yes,Changed,Tâm linh -> Khác,,,,,,,,,
42021325,,làm sao boss lại làm sao nữa,4,Phim Trung Quốc,chiêu trò lừa gạt,5,Phim Thái Lan,Yes,Changed,Phim Trung Quốc -> Phim Thái Lan,,,,,,,,,
42044114,,masa,3,Khác,thanh gươm diệt quỷ phần kỹ viện trấn,2,Anime,Yes,Changed,Khác -> Anime,,,,,,,,,
42081217,,49 ngày,2,Khác,i lan,2,Khác,Yes,Unchanged,Unchanged,,,,,,,,,
42155069,,trữ tình,2,Âm nhạc,thiếu nhi,2,Tìm kiếm chung,Yes,Changed,Âm nhạc -> Tìm kiếm chung,,,,,,,,,
42155559,,bống bống bang bang,17,Âm nhạc thiếu nhi,baby shark,6,Âm nhạc thiếu nhi,Yes,Unchanged,Unchanged,,,,,,,,,
42178004,,boruto naruto the movie,9,Anime,boruto naruto the movie,2,Anime,No,Unchanged,Unchanged,,,,,,,,,
42201639,,cuộc chiến thượng lưu,5,Phim Hàn Quốc,tần thủy hoàng,2,Khác,Yes,Changed,Phim Hàn Quốc -> Khác,,,,,,,,,
42205701,,tìm mẹ,3,Chương trình truyền hình,siêu nhân,4,Phim hoạt hình,Yes,Changed,Chương trình truyền hình -> Phim hoạt hình,,,,,,,,,
42219057,,tình ca tây bắc,3,Địa lý,tình ca tây bắc,5,Địa lý,No,Unchanged,Unchanged,,,,,,,,,
42245402,,được gặp em tại ngục tối liệu có sai phần 3,2,Khác,tokyo ghoul re,2,re : Anime,Yes,Changed,Khác -> re : Anime,,,,,,,,,
42272294,,danh y,2,Khác,danh y,2,Khác,No,Unchanged,Unchanged,,,,,,,,,
42287501,,kênh,3,Khác,một con vịt,3,Âm nhạc thiếu nhi,Yes,Changed,Khác -> Âm nhạc thiếu nhi,,,,,,,,,
42289825,,yêu tinh,2,Phim Hàn Quốc,tìm kiếm bằng giọng nói,3,Tìm kiếm chung / Chức năng,Yes,Changed,Phim Hàn Quốc -> Tìm kiếm chung / Chức năng,,,,,,,,,
42306421,,thần y vưot thời gian,2,Khác,pháp y tần minh,3,người đọc tâm : Phim Trung Quốc,Yes,Changed,Khác -> người đọc tâm : Phim Trung Quốc,,,,,,,,,
42342241,,sam sam tới rồi,5,Khác,lối nhỏ vào đời,3,Khác,Yes,Unchanged,Unchanged,,,,,,,,,
42382620,,my hero ac,4,Khác,chu thu,2,Khác,Yes,Unchanged,Unchanged,,,,,,,,,
42542292,,alice,4,Phim Hàn Quốc,hoa du ký,2,Phim Hàn Quốc,Yes,Unchanged,Unchanged,,,,,,,,,
42546814,,hồi kí vanitas,2,Anime,hồi kí vanitas,3,Anime,No,Unchanged,Unchanged,,,,,,,,,
42548551,,the twilight saga hừng đông phần 2,2,Khác,siêu nhân,5,Phim hoạt hình,Yes,Changed,Khác -> Phim hoạt hình,,,,,,,,,
42568150,,phim thái lan,2,Phim Thái Lan,khát khao dối trá,2,Khác,Yes,Changed,Phim Thái Lan -> Khác,,,,,,,,,
42570304,,bolero,3,Âm nhạc,bolero,4,Âm nhạc,No,Unchanged,Unchanged,,,,,,,,,
42575699,,fairy tail,2,Anime,fairy tail,4,Anime,No,Unchanged,Unchanged,,,,,,,,,
42581160,,luoi,2,Khác,luoi,2,Khác,No,Unchanged,Unchanged,,,,,,,,,
42581774,,siêu nhân bà rịa vũng tàu,2,Phim hoạt hình,jimmy fallon catchphrase,2,Khác,Yes,Changed,Phim hoạt hình -> Khác,,,,,,,,,
42643876,,thiếu nhi,2,Tìm kiếm chung,thiếu nhi,9,Tìm kiếm chung,No,Unchanged,Unchanged,,,,,,,,,
42668945,,món nợ,2,Khác,bolero,5,Âm nhạc,Yes,Changed,Khác -> Âm nhạc,,,,,,,,,
42726131,,jojo,4,Khác,vinland saga,2,Khác,Yes,Unchanged,Unchanged,,,,,,,,,
42759074,,ngôi sao khoai tây,6,Phim Hàn Quốc,ngôi sao khoai tây,2,Phim Hàn Quốc,No,Unchanged,Unchanged,,,,,,,,,
42759545,,dr stone season 2,2,Anime,overlord iv,2,Anime,Yes,Unchanged,Unchanged,,,,,,,,,
42771505,,ngồi buồn nhớ mẹ ta xưa,2,Khác,ngồi buồn nhớ mẹ ta xưa,18,Khác,No,Unchanged,Unchanged,,,,,,,,,
42789528,,sex,9,Nhạy cảm,orient,2,Anime,Yes,Changed,Nhạy cảm -> Anime,,,,,,,,,
42816869,,cậu bé rô bốt,2,Khác,kênh vtv1,2,Kênh truyền hình,Yes,Changed,Khác -> Kênh truyền hình,,,,,,,,,
42841949,,khuc nhac vui tieng hoa,2,Khác,que,13,Khác,Yes,Unchanged,Unchanged,,,,,,,,,
42843192,,thiết giáp chi thành,2,Khác,tình yêu từ 0 đến 1,2,Phim Trung Quốc,Yes,Changed,Khác -> Phim Trung Quốc,,,,,,,,,
42860438,,người thầy y đức,6,Phim Hàn Quốc,cô nàng xinh đẹp,3,Phim Hàn Quốc,Yes,Unchanged,Unchanged,,,,,,,,,
4287232,,yeu tinh,2,Phim Hàn Quốc,lấy danh nghĩa người nhà,3,Phim Trung Quốc,Yes,Changed,Phim Hàn Quốc -> Phim Trung Quốc,,,,,,,,,
42875575,,street man,3,Khác,chàng hậu,2,Phim Hàn Quốc,Yes,Changed,Khác -> Phim Hàn Quốc,,,,,,,,,
42890229,,cách ráp,3,Khác,vút bay,2,Khác,Yes,Unchanged,Unchanged,,,,,,,,,
42952168,,hunter hunter,2,Khác,việt nam,2,Khác,Yes,Unchanged,Unchanged,,,,,,,,,
42958124,,overlord ii,11,Anime,fairy tail,5,Anime,Yes,Unchanged,Unchanged,,,,,,,,,
42973168,,kumo desu ga nani ka,10,Khác,attack on titan shingeki no kyojin,8,Anime,Yes,Changed,Khác -> Anime,,,,,,,,,
42979557,,thiếu nhi,4,Tìm kiếm chung,thiếu nhi,4,Tìm kiếm chung,No,Unchanged,Unchanged,,,,,,,,,
42988458,,fairy tail,26,Anime,fairy tail,15,Anime,No,Unchanged,Unchanged,,,,,,,,,
43001242,,ca nhạc,5,Âm nhạc,ca nhạc,5,Âm nhạc,No,Unchanged,Unchanged,,,,,,,,,
43064058,,saitama,2,Anime,another,2,Khác,Yes,Changed,Anime -> Khác,,,,,,,,,
43094416,,hogy,2,Khác,youtobe,17,Khác,Yes,Unchanged,Unchanged,,,,,,,,,
43137898,,hội pháp sư,2,Anime,hội pháp sư,2,Anime,No,Unchanged,Unchanged,,,,,,,,,
43217591,,nắm giữ sinh mệnh,4,Phim ảnh,penth,2,Khác,Yes,Changed,Phim ảnh -> Khác,,,,,,,,,
43245125,,tần lớp thượng lưu,3,Khác,em đẹp nhất là khi mỉm cười,2,Phim Trung Quốc,Yes,Changed,Khác -> Phim Trung Quốc,,,,,,,,,
43355545,,người lạ thoáng qua karaoke,3,Âm nhạc,chung một bến đò,5,Khác,Yes,Changed,Âm nhạc -> Khác,,,,,,,,,
4345534,,chúc khanh hảo,4,Khác,minh châu rực rỡ,3,Phim Thái Lan,Yes,Changed,Khác -> Phim Thái Lan,,,,,,,,,
43481538,,fairy tail,2,Anime,sakura thủ lĩnh thẻ bài,2,Anime,Yes,Unchanged,Unchanged,,,,,,,,,
43493262,,yêu trong đau thương,2,Khác,thời sự,2,Tìm kiếm chung / Tin tức,Yes,Changed,Khác -> Tìm kiếm chung / Tin tức,,,,,,,,,
43523202,,mât danh k2,2,Khác,con tim sắt đá,2,Phim Thái Lan,Yes,Changed,Khác -> Phim Thái Lan,,,,,,,,,
43523868,,trời nắng trời mưa,2,Khác,một con vịt,5,Âm nhạc thiếu nhi,Yes,Changed,Khác -> Âm nhạc thiếu nhi,,,,,,,,,
4359737,,hoac,3,Khác,game changer,11,Khác,Yes,Unchanged,Unchanged,,,,,,,,,
43640595,,lưỡi gươm diệt quỷ,3,Anime,thả thí thiên hạ,2,Khác,Yes,Changed,Anime -> Khác,,,,,,,,,
43708161,,doremon,9,Anime,youtube,3,Nền tảng,Yes,Changed,Anime -> Nền tảng,,,,,,,,,
43782292,,thử thách thần tượng,5,Chương trình truyền hình,ai cũng có thể nhảy,2,Khác,Yes,Changed,Chương trình truyền hình -> Khác,,,,,,,,,
43783547,,moi t,2,Khác,thương ngày nắng về,2,Phim Việt Nam,Yes,Changed,Khác -> Phim Việt Nam,,,,,,,,,
43841266,,prime provider,11,Khác,prime provider,18,Khác,No,Unchanged,Unchanged,,,,,,,,,
43843161,,fast furious,2,Phim chiếu rạp / Hành động,fast furious,2,Phim chiếu rạp / Hành động,No,Unchanged,Unchanged,,,,,,,,,
43855794,,bolero,2,Âm nhạc,một con vịt,2,Âm nhạc thiếu nhi,Yes,Changed,Âm nhạc -> Âm nhạc thiếu nhi,,,,,,,,,
43922308,,tấm cám chuyện chưa kể,7,chuyện chưa kể : Phim Việt Nam,liên minh công lý phiên bản của zack snyder,6,phiên bản của zack snyder : Phim chiếu rạp / Siêu anh hùng,Yes,Changed,chuyện chưa kể : Phim Việt Nam -> phiên bản của zack snyder : Phim chiếu rạp / Siêu anh hùng,,,,,,,,,
43924486,,ngõ hồn qua đêm,4,Khác,chuyện hẹn hò,2,Khác,Yes,Unchanged,Unchanged,,,,,,,,,
43976429,,bolero,7,Âm nhạc,bolero,6,Âm nhạc,No,Unchanged,Unchanged,,,,,,,,,
43979827,,quán gỏi gadoogi,2,Khác,chàng hậu,2,Phim Hàn Quốc,Yes,Changed,Khác -> Phim Hàn Quốc,,,,,,,,,
43993727,,prime provider,2,Khác,gojiam,18,Khác,Yes,Unchanged,Unchanged,,,,,,,,,
44058864,,hoa c,5,Khác,sinh ra để yêu s1,3,Khác,Yes,Unchanged,Unchanged,,,,,,,,,
44061730,,cô nàng trong trắng oh woo ri,2,Phim Hàn Quốc,the red sleeve cuff,2,Khác,Yes,Changed,Phim Hàn Quốc -> Khác,,,,,,,,,
44075112,,sao băng,7,Khác,sao băng,5,Khác,No,Unchanged,Unchanged,,,,,,,,,
44173979,,mùi ngò gai,19,Khác,best criminal police movie,2,Khác,Yes,Unchanged,Unchanged,,,,,,,,,
44207865,,đại chiến titan,3,Anime,saitama,6,Anime,Yes,Unchanged,Unchanged,,,,,,,,,
44219573,,pokemon,2,Anime,moon lovers,3,Khác,Yes,Changed,Anime -> Khác,,,,,,,,,
44225706,,mỹ nhân thiên hạ,2,Khác,nữ nhi nhà họ kiều,2,Phim Trung Quốc,Yes,Changed,Khác -> Phim Trung Quốc,,,,,,,,,
44247409,,liên khúc bolero,3,Âm nhạc,liên khúc bolero,12,Âm nhạc,No,Unchanged,Unchanged,,,,,,,,,
44299453,,sao,3,Khác,cuộc chiến thượng luu,2,Phim Hàn Quốc,Yes,Changed,Khác -> Phim Hàn Quốc,,,,,,,,,
44335523,,oueendom,4,Khác,runni,2,Khác,Yes,Unchanged,Unchanged,,,,,,,,,
44396761,,phim thuyet minh,2,Khác,phim bo thuyet minh,3,Khác,Yes,Unchanged,Unchanged,,,,,,,,,
44443152,,liên minh công lý phiên bản của zack snyder,2,phiên bản của zack snyder : Phim chiếu rạp / Siêu anh hùng,liên minh công lý phiên bản của zack snyder,2,phiên bản của zack snyder : Phim chiếu rạp / Siêu anh hùng,No,Unchanged,Unchanged,,,,,,,,,
44452925,,cuộc chiến thượng lưu,2,Phim Hàn Quốc,lỗ sâu sự thật,2,Khác,Yes,Changed,Phim Hàn Quốc -> Khác,,,,,,,,,
44455643,,liên minh công lý phiên bản của zack snyder,2,phiên bản của zack snyder : Phim chiếu rạp / Siêu anh hùng,liên minh công lý phiên bản của zack snyder,3,phiên bản của zack snyder : Phim chiếu rạp / Siêu anh hùng,No,Unchanged,Unchanged,,,,,,,,,
44480045,,nhat,2,Khác,kimetsu no yaiba,2,Anime,Yes,Changed,Khác -> Anime,,,,,,,,,
44517053,,liên minh công lý phiên bản của zack snyder,5,phiên bản của zack snyder : Phim chiếu rạp / Siêu anh hùng,liên minh công lý phiên bản của zack snyder,2,phiên bản của zack snyder : Phim chiếu rạp / Siêu anh hùng,No,Unchanged,Unchanged,,,,,,,,,
44539186,,trữ tình,6,Âm nhạc,trữ tình,2,Âm nhạc,No,Unchanged,Unchanged,,,,,,,,,
44540631,,mẹ ma,9,Phim chiếu rạp / Kinh dị,mẹ ma,3,Phim chiếu rạp / Kinh dị,No,Unchanged,Unchanged,,,,,,,,,
44543301,,lấy danh nghĩa người nhà,2,Phim Trung Quốc,con tim sắt đá,2,Phim Thái Lan,Yes,Changed,Phim Trung Quốc -> Phim Thái Lan,,,,,,,,,
44561323,,siêu nhân,6,Phim hoạt hình,siêu nhân,2,Phim hoạt hình,No,Unchanged,Unchanged,,,,,,,,,
44690017,,jujutsu kaisen,5,Anime,mien,2,Khác,Yes,Changed,Anime -> Khác,,,,,,,,,
44700071,,cẩm tâm tựa ngọc,2,Khác,thâm kế độc tình,2,Phim Thái Lan,Yes,Changed,Khác -> Phim Thái Lan,,,,,,,,,
44701297,,cuộc chiến,2,Khác,penthouse 2,2,Phim Hàn Quốc,Yes,Changed,Khác -> Phim Hàn Quốc,,,,,,,,,
4471836,,why her,2,Phim Hàn Quốc,why her,3,Phim Hàn Quốc,No,Unchanged,Unchanged,,,,,,,,,
44723906,,overlord ii,6,Anime,orient,10,Anime,Yes,Unchanged,Unchanged,,,,,,,,,
44760019,,khung long,3,Động vật,engage kiss,2,Khác,Yes,Changed,Động vật -> Khác,,,,,,,,,
44794293,,than ai chi ai,2,Khác,nỗi vương vấn của hạ tiên sinh,4,Phim Trung Quốc,Yes,Changed,Khác -> Phim Trung Quốc,,,,,,,,,
44800245,,vương quốc pha lê,2,Khác,vương quốc pha lê,3,Khác,No,Unchanged,Unchanged,,,,,,,,,
44809713,,kakegurui,2,Anime,jojo,7,Khác,Yes,Changed,Anime -> Khác,,,,,,,,,
44836722,,nguoi ca,2,Khác,o nha,3,Khác,Yes,Unchanged,Unchanged,,,,,,,,,
44841091,,con tim sắt đá,2,Phim Thái Lan,gửi thời thanh xuân ngây thơ tươi đẹp,2,Phim Trung Quốc,Yes,Changed,Phim Thái Lan -> Phim Trung Quốc,,,,,,,,,
44876415,,penthouse 3,2,Phim Hàn Quốc,phương trình tình yêu,2,Khác,Yes,Changed,Phim Hàn Quốc -> Khác,,,,,,,,,
44880151,,thien ng,3,Khác,thiên nga bóng đêm,2,Phim Hàn Quốc,Yes,Changed,Khác -> Phim Hàn Quốc,,,,,,,,,
44901197,,hậu cung như ý truyện,2,Phim Trung Quốc,chân tướng tội ác,2,Khác,Yes,Changed,Phim Trung Quốc -> Khác,,,,,,,,,
44908021,,naruto,7,Anime,boruto,2,naruto the movie : Anime,Yes,Changed,Anime -> naruto the movie : Anime,,,,,,,,,
44912826,,bolero,2,Âm nhạc,siêu nhân,2,Phim hoạt hình,Yes,Changed,Âm nhạc -> Phim hoạt hình,,,,,,,,,
44936757,,siêu nhân,2,Phim hoạt hình,hacker s game,2,Khác,Yes,Changed,Phim hoạt hình -> Khác,,,,,,,,,
44938597,,attack on titan shingeki no kyojin,2,Anime,attack on titan season 4,2,Anime,Yes,Unchanged,Unchanged,,,,,,,,,
44954423,,vô tình nhặt được tổng tài,3,Phim Trung Quốc,bão tố cuộc đời,3,Khác,Yes,Changed,Phim Trung Quốc -> Khác,,,,,,,,,
44989334,,siêu nhân,32,Phim hoạt hình,siêu nhân,12,Phim hoạt hình,No,Unchanged,Unchanged,,,,,,,,,
45035751,,o nha,2,Khác,nhiet,3,Khác,Yes,Unchanged,Unchanged,,,,,,,,,
45042549,,người thầy y đức 2,3,Phim Hàn Quốc,phim võ thuật,3,Khác,Yes,Changed,Phim Hàn Quốc -> Khác,,,,,,,,,
45051906,,jour,6,Khác,attack on titan part 1,11,Anime,Yes,Changed,Khác -> Anime,,,,,,,,,
45059246,,queendom,3,Chương trình Hàn Quốc,hoa gian,2,Khác,Yes,Changed,Chương trình Hàn Quốc -> Khác,,,,,,,,,
4524484,,youtube,27,Nền tảng,youtube,28,Nền tảng,No,Unchanged,Unchanged,,,,,,,,,
45274406,,chàng hậu,3,Phim Hàn Quốc,penthouse 2,11,Phim Hàn Quốc,Yes,Unchanged,Unchanged,,,,,,,,,
45308234,,yêu tinh,2,Phim Hàn Quốc,nữ luật sư kì lạ,2,Khác,Yes,Changed,Phim Hàn Quốc -> Khác,,,,,,,,,
45433754,,penthouse 3,10,Phim Hàn Quốc,bắt ma phá án,17,Phim Hàn Quốc,Yes,Unchanged,Unchanged,,,,,,,,,
45461022,,korea reality show,2,Khác,inception,2,Khác,Yes,Unchanged,Unchanged,,,,,,,,,
45476039,,vo my,2,Khác,đội đặc nhiệm,2,Khác,Yes,Unchanged,Unchanged,,,,,,,,,
45505652,,lucy,12,Phim chiếu rạp / Hành động,lucy,7,Phim chiếu rạp / Hành động,No,Unchanged,Unchanged,,,,,,,,,
45551798,,boruto,2,naruto the movie : Anime,kênh truyền hình htv2,2,Khác,Yes,Changed,naruto the movie : Anime -> Khác,,,,,,,,,
45558238,,đường hầm,3,Khác,trong luc,6,Khác,Yes,Unchanged,Unchanged,,,,,,,,,
4563313,,thiên nga bóng đêm,3,Phim Hàn Quốc,soul,2,Khác,Yes,Changed,Phim Hàn Quốc -> Khác,,,,,,,,,
45721032,,nhanh và nguy hiểm 9,2,Phim chiếu rạp / Hành động,chang ha,2,Khác,Yes,Changed,Phim chiếu rạp / Hành động -> Khác,,,,,,,,,
45811701,,thâm cung truyện,2,Khác,sáng như trăng trong mây,2,Khác,Yes,Unchanged,Unchanged,,,,,,,,,
45893289,,fairy tail,2,Anime,vua be,4,Khác,Yes,Changed,Anime -> Khác,,,,,,,,,
45897006,,sao băng,4,Khác,yeu em t,2,Khác,Yes,Unchanged,Unchanged,,,,,,,,,
46004838,,yeu em tu,3,Khác,hậu duệ mặt trời,2,Phim Hàn Quốc,Yes,Changed,Khác -> Phim Hàn Quốc,,,,,,,,,
46038393,,tam quốc diễn nghĩa,2,Khác,võ thần triệu tử long,9,Khác,Yes,Unchanged,Unchanged,,,,,,,,,
46124222,,miễn bầu trời còn có mặt trời,2,Phim Thái Lan,lê hấp đường phèn,2,Phim Trung Quốc,Yes,Changed,Phim Thái Lan -> Phim Trung Quốc,,,,,,,,,
46243069,,lưới trời,2,Khác,thiên nga bóng đêm,2,Phim Hàn Quốc,Yes,Changed,Khác -> Phim Hàn Quốc,,,,,,,,,
46353057,,yêu trong đau thương,2,Khác,ánh dương lòng tôi,2,Khác,Yes,Unchanged,Unchanged,,,,,,,,,
46370124,,cổ tay áo màu đỏ,2,Phim Hàn Quốc,hôn nhân không hẹn hò,2,Phim Hàn Quốc,Yes,Unchanged,Unchanged,,,,,,,,,
46373091,,những chàng trai tham vọng,2,Phim Thái Lan,street man fi,2,Khác,Yes,Changed,Phim Thái Lan -> Khác,,,,,,,,,
46436882,,kênh truyền hình vtc14,9,Khác,kênh truyền hình vtc14,9,Khác,No,Unchanged,Unchanged,,,,,,,,,
46504139,,taxi driver,2,Phim Hàn Quốc,đời sống ngục tù,2,Phim Hàn Quốc,Yes,Unchanged,Unchanged,,,,,,,,,
46518176,,hội pháp sư,6,Anime,hội pháp sư,6,Anime,No,Unchanged,Unchanged,,,,,,,,,
46600834,,bang chung thep,4,Phim Hồng Kông,bác sĩ thiên tài phần 1,3,Y khoa,Yes,Changed,Phim Hồng Kông -> Y khoa,,,,,,,,,
46686087,,tại sao lại là oh soo jae,2,Phim Hàn Quốc,bạch phát vương phi,3,Phim Trung Quốc,Yes,Changed,Phim Hàn Quốc -> Phim Trung Quốc,,,,,,,,,
46701409,,tôi thấy hoa vàng trên cỏ xanh,2,Phim Việt Nam,tôi thấy hoa vàng trên cỏ xanh,3,Phim Việt Nam,No,Unchanged,Unchanged,,,,,,,,,
46751087,,học viện anh hùng phần 3,4,Anime,one punch man,2,Anime,Yes,Unchanged,Unchanged,,,,,,,,,
46783767,,tamako market,4,Khác,kaitokid,3,Khác,Yes,Unchanged,Unchanged,,,,,,,,,
46793608,,tìm kiếm bằng giọng nói,5,Tìm kiếm chung / Chức năng,tìm kiếm bằng giọng nói,19,Tìm kiếm chung / Chức năng,No,Unchanged,Unchanged,,,,,,,,,
47010448,,fan,2,Khác,thomas and friends steam team to the rescue,2,Khác,Yes,Unchanged,Unchanged,,,,,,,,,
4703076,,produce,5,Chương trình Hàn Quốc,produce,2,Chương trình Hàn Quốc,No,Unchanged,Unchanged,,,,,,,,,
47057000,,lưỡi gươm diệt quỷ,6,Anime,one punch man,5,Anime,Yes,Unchanged,Unchanged,,,,,,,,,
47098364,,hội pháp sư,8,Anime,fairy tail,2,Anime,Yes,Unchanged,Unchanged,,,,,,,,,
47325803,,thanh gươm diệt quỷ 2,2,Anime,berserk,2,Khác,Yes,Changed,Anime -> Khác,,,,,,,,,
47366219,,antv,2,Khác,trọng lực cầu vồng,2,Khác,Yes,Unchanged,Unchanged,,,,,,,,,
47371569,,giác quan thứ sáu,2,Chương trình truyền hình,giác quan thứ sáu,2,Chương trình truyền hình,No,Unchanged,Unchanged,,,,,,,,,
47386914,,cô nàng trong trắng oh woo ri,2,Phim Hàn Quốc,hồ ly tinh,2,Khác,Yes,Changed,Phim Hàn Quốc -> Khác,,,,,,,,,
47518659,,penthouse 3,3,Phim Hàn Quốc,kẻ trộm mặt trăng minions,2,minions : Phim hoạt hình,Yes,Changed,Phim Hàn Quốc -> minions : Phim hoạt hình,,,,,,,,,
47591937,,bat,3,Khác,the karate kid,3,Khác,Yes,Unchanged,Unchanged,,,,,,,,,
47658098,,lâu đài tham vọng,2,Khác,hoa của quỷ,2,Phim Hàn Quốc,Yes,Changed,Khác -> Phim Hàn Quốc,,,,,,,,,
47827691,,paw patrol,4,Phim hoạt hình,paw patrol,2,Phim hoạt hình,No,Unchanged,Unchanged,,,,,,,,,
47920019,,cuộc đấu của ender,3,Khác,quán cà phê bất ổn,5,Khác,Yes,Unchanged,Unchanged,,,,,,,,,
47964092,,bolero,2,Âm nhạc,bống bống bang bang,2,Âm nhạc thiếu nhi,Yes,Changed,Âm nhạc -> Âm nhạc thiếu nhi,,,,,,,,,
47983859,,một con vịt,3,Âm nhạc thiếu nhi,một con vịt,7,Âm nhạc thiếu nhi,No,Unchanged,Unchanged,,,,,,,,,
47986093,,đao kiếm thần vực phần 3,2,Anime,chú thuật hồi chiến,2,Anime,Yes,Unchanged,Unchanged,,,,,,,,,
48030001,,phi nhung,2,Âm nhạc,nàng bạch tuyết và bảy chú lùn,2,Phim hoạt hình,Yes,Changed,Âm nhạc -> Phim hoạt hình,,,,,,,,,
48035322,,công viên phú lâm hiện tại mới nhất,2,Khác,dac san mien song nuoc,6,Khác,Yes,Unchanged,Unchanged,,,,,,,,,
48081838,,nhất dạ tân nương 2,2,Phim Trung Quốc,nóng hoa luc,3,Khác,Yes,Changed,Phim Trung Quốc -> Khác,,,,,,,,,
4811303,,mộng hoa lục,2,Phim ảnh,prime provider,9,Khác,Yes,Changed,Phim ảnh -> Khác,,,,,,,,,
48119051,,soni,10,Khác,ah,2,Khác,Yes,Unchanged,Unchanged,,,,,,,,,
48121310,,khi màn đêm gợn sóng,9,Phim Trung Quốc,hoa gian tân nương,4,Phim Trung Quốc,Yes,Unchanged,Unchanged,,,,,,,,,
48159398,,teen ti,2,Khác,naruto,3,Anime,Yes,Changed,Khác -> Anime,,,,,,,,,
48349046,,tha,3,Khác,kẻ trộm mặt trăng minions,2,minions : Phim hoạt hình,Yes,Changed,Khác -> minions : Phim hoạt hình,,,,,,,,,
48360209,,chỉ là quan hệ yêu đương,2,Khác,nửa là đường mật nửa là đau thương,2,Khác,Yes,Unchanged,Unchanged,,,,,,,,,
48396595,,dịch vụ giao hàng của phù thủy kiki,3,Khác,prime provider,4,Khác,Yes,Unchanged,Unchanged,,,,,,,,,
48398139,,thanh gươm diệt quỷ phần kỹ viện trấn,2,Anime,xhuter,3,Khác,Yes,Changed,Anime -> Khác,,,,,,,,,
48520798,,hương mật tựa khói sương,2,Phim Trung Quốc,lớp học ưu tú,2,Khác,Yes,Changed,Phim Trung Quốc -> Khác,,,,,,,,,
48627514,,runni,2,Khác,running man,2,Chương trình truyền hình,Yes,Changed,Khác -> Chương trình truyền hình,,,,,,,,,
48635284,,sao băng,2,Khác,định mệnh,2,Khác,Yes,Unchanged,Unchanged,,,,,,,,,
48695522,,prime provider,2,Khác,prime provider,2,Khác,No,Unchanged,Unchanged,,,,,,,,,
48727578,,su tr,2,Khác,tfboys,2,Khác,Yes,Unchanged,Unchanged,,,,,,,,,
48746813,,hai tuần,3,Khác,han hyo,3,Khác,Yes,Unchanged,Unchanged,,,,,,,,,
48815591,,cháu yêu bà,2,Âm nhạc thiếu nhi,thiếu nhi,2,Tìm kiếm chung,Yes,Changed,Âm nhạc thiếu nhi -> Tìm kiếm chung,,,,,,,,,
48832788,,ca nhạc chế,2,Âm nhạc,doraemon,2,Anime,Yes,Changed,Âm nhạc -> Anime,,,,,,,,,
48838053,,phật giáo,2,Khác,bolero,3,Âm nhạc,Yes,Changed,Khác -> Âm nhạc,,,,,,,,,
48876808,,emma,4,Khác,emma,5,Khác,No,Unchanged,Unchanged,,,,,,,,,
4889049,,oresuki,2,Khác,aqaman,3,Khác,Yes,Unchanged,Unchanged,,,,,,,,,
48986432,,vượt ra tội ác,2,Phim Hàn Quốc,liên minh công lý phiên bản của zack snyder,2,phiên bản của zack snyder : Phim chiếu rạp / Siêu anh hùng,Yes,Changed,Phim Hàn Quốc -> phiên bản của zack snyder : Phim chiếu rạp / Siêu anh hùng,,,,,,,,,
48986814,,siêu nhân,2,Phim hoạt hình,siêu nhân,5,Phim hoạt hình,No,Unchanged,Unchanged,,,,,,,,,
49036309,,penthouse 2,7,Phim Hàn Quốc,ashoka,2,Khác,Yes,Changed,Phim Hàn Quốc -> Khác,,,,,,,,,
49042321,,chuyện tình thanh xuân,2,Khác,dr stone,7,Anime,Yes,Changed,Khác -> Anime,,,,,,,,,
49062390,,liên minh công lý phiên bản của zack snyder,4,phiên bản của zack snyder : Phim chiếu rạp / Siêu anh hùng,châu tinh trì phủ nhận yêu người đẹp kém 42 tuổi,2,Tìm kiếm chung / Tin tức giải trí,Yes,Changed,phiên bản của zack snyder : Phim chiếu rạp / Siêu anh hùng -> Tìm kiếm chung / Tin tức giải trí,,,,,,,,,
49074801,,phim cải lương,2,Khác,overlord ii,2,Anime,Yes,Changed,Khác -> Anime,,,,,,,,,
49120855,,ban t,2,Khác,cuoc c,9,Khác,Yes,Unchanged,Unchanged,,,,,,,,,
49129520,,nhất dạ tân nương,4,Phim Trung Quốc,yêu em từ cái nhìn đầu tiên,5,Phim Trung Quốc,Yes,Unchanged,Unchanged,,,,,,,,,
49146236,,luoi,2,Khác,luoi,9,Khác,No,Unchanged,Unchanged,,,,,,,,,
49147155,,one punch man,2,Anime,thang 4,5,Khác,Yes,Changed,Anime -> Khác,,,,,,,,,
49159159,,sakura,5,Khác,pucca,4,Khác,Yes,Unchanged,Unchanged,,,,,,,,,
49160028,,phim cuộc sống diệu kỳ,4,Khác,boylove,4,Khác,Yes,Unchanged,Unchanged,,,,,,,,,
49167083,,noi vu,7,Khác,ngay,4,Khác,Yes,Unchanged,Unchanged,,,,,,,,,
49172739,,định mệnh anh yêu em2020,2,Phim Đài Loan,tiểu nương tử nhà tướng quân,2,Phim Trung Quốc,Yes,Changed,Phim Đài Loan -> Phim Trung Quốc,,,,,,,,,
49184169,,cocomelon vietnamese songs,8,Khác,cocomelon vietnamese songs,3,Khác,No,Unchanged,Unchanged,,,,,,,,,
49212397,,đại chiến người khổng lồ,2,Anime,saitama,2,Anime,Yes,Unchanged,Unchanged,,,,,,,,,
49214875,,huyền thoại biển xanh,3,Phim Hàn Quốc,cuộc chiến thượng lưu,2,Phim Hàn Quốc,Yes,Unchanged,Unchanged,,,,,,,,,
49233658,,natsume,7,Khác,anh hùng,3,Khác,Yes,Unchanged,Unchanged,,,,,,,,,
49244645,,chiến hạm,3,Khác,the avengers,2,Phim chiếu rạp / Siêu anh hùng,Yes,Changed,Khác -> Phim chiếu rạp / Siêu anh hùng,,,,,,,,,
49249821,,gia đình cục súc,2,Khác,tokyo revengers,2,Anime,Yes,Changed,Khác -> Anime,,,,,,,,,
49252550,,sao băng,4,Khác,sao băng,3,Khác,No,Unchanged,Unchanged,,,,,,,,,
49262871,,thiên nga đen,4,Phim chiếu rạp,thiên nga đen,3,Phim chiếu rạp,No,Unchanged,Unchanged,,,,,,,,,
49275129,,em dep,6,Khác,tro li thien vuong,3,Khác,Yes,Unchanged,Unchanged,,,,,,,,,
49277362,,cuộc chiến thượng lưu 3,2,Phim Hàn Quốc,ngôi sao khoai tây,2,Phim Hàn Quốc,Yes,Unchanged,Unchanged,,,,,,,,,
49280351,,phim lego 2,3,Phim hoạt hình,quốc vương,2,Khác,Yes,Changed,Phim hoạt hình -> Khác,,,,,,,,,
49300401,,xe cấp cứu,2,Phương tiện,nàng bạch tuyết và bảy chú lùn,11,Phim hoạt hình,Yes,Changed,Phương tiện -> Phim hoạt hình,,,,,,,,,
49303581,,tiểu nương tử nhà tướng quân,2,Phim Trung Quốc,cầu vồng,2,Khác,Yes,Changed,Phim Trung Quốc -> Khác,,,,,,,,,
4930656,,nhong nhong nhong,2,Khác,nhong nhong nhong,3,Khác,No,Unchanged,Unchanged,,,,,,,,,
49322764,,mở con ma,4,Tâm linh,mở cục cứt,8,Khác,Yes,Changed,Tâm linh -> Khác,,,,,,,,,
49340825,,top gun,2,Phim chiếu rạp,th,2,Khác,Yes,Changed,Phim chiếu rạp -> Khác,,,,,,,,,
49342842,,cuộc chiến thượng lưu,2,Phim Hàn Quốc,những người thừa kế thuyết minh,3,Phim Hàn Quốc,Yes,Unchanged,Unchanged,,,,,,,,,
49343810,,ma ám,5,Tâm linh,faptv,14,Khác,Yes,Changed,Tâm linh -> Khác,,,,,,,,,
49345631,,vương giả thiên hạ,2,Anime,kinsou no vermeil,2,Khác,Yes,Changed,Anime -> Khác,,,,,,,,,
49351991,,when the devil calls your name,2,Khác,dr wh,2,Khác,Yes,Unchanged,Unchanged,,,,,,,,,
49353482,,thính tuyết lâu,25,Phim Trung Quốc,lưu ly mỹ nhân sát,4,Phim Trung Quốc,Yes,Unchanged,Unchanged,,,,,,,,,
49366096,,i need romance,2,Khác,dạ sắc khuynh tâm,2,Khác,Yes,Unchanged,Unchanged,,,,,,,,,
49369512,,attack on titan part 1,13,Anime,attack on titan season 4,5,Anime,Yes,Unchanged,Unchanged,,,,,,,,,
49373451,,fairy tail,3,Anime,học viện anh hùng phần 2,2,Anime,Yes,Unchanged,Unchanged,,,,,,,,,
49376358,,hạnh phúc trong tầm tay,2,Phim Trung Quốc,minh châu rực rỡ,4,Phim Thái Lan,Yes,Changed,Phim Trung Quốc -> Phim Thái Lan,,,,,,,,,
49387996,,thả thí thiên hạ,2,Khác,gia đình đức hạnh,2,Khác,Yes,Unchanged,Unchanged,,,,,,,,,
49390135,,sao băng,2,Khác,penthouse 2,2,Phim Hàn Quốc,Yes,Changed,Khác -> Phim Hàn Quốc,,,,,,,,,
49390726,,tien nu,2,Khác,liên minh công lý phiên bản của zack snyder,2,phiên bản của zack snyder : Phim chiếu rạp / Siêu anh hùng,Yes,Changed,Khác -> phiên bản của zack snyder : Phim chiếu rạp / Siêu anh hùng,,,,,,,,,
49403358,,chú thuật hồi chiến,3,Anime,thanh gươm diệt quỷ phần kỹ viện trấn,2,Anime,Yes,Unchanged,Unchanged,,,,,,,,,
49411000,,changeling,7,Khác,nhan d,2,Khác,Yes,Unchanged,Unchanged,,,,,,,,,
49446537,,phim siêu nhân,7,Phim hoạt hình,siêu nhân thần kiếm và biệt đội siêu nhân cơ động,4,Phim hoạt hình,Yes,Unchanged,Unchanged,,,,,,,,,
49477219,,tại sao lại là oh soo jae,2,Phim Hàn Quốc,love all play,2,Khác,Yes,Changed,Phim Hàn Quốc -> Khác,,,,,,,,,
49516369,,fairy tail,8,Anime,fairy tail season 3,16,Anime,Yes,Unchanged,Unchanged,,,,,,,,,
49524350,,con co be be,2,Khác,club88,3,Khác,Yes,Unchanged,Unchanged,,,,,,,,,
49545386,,thu k,4,Khác,học viện anh hùng phần 2,3,Anime,Yes,Changed,Khác -> Anime,,,,,,,,,
49547824,,cô vợ bắt buộc,3,Phim Thái Lan,cổ trang trung quốc,2,Khác,Yes,Changed,Phim Thái Lan -> Khác,,,,,,,,,
49575079,,xe mu,8,Khác,xe mu,9,Khác,No,Unchanged,Unchanged,,,,,,,,,
49587757,,kyoukai,2,Khác,cô nàng xinh đẹp,2,Phim Hàn Quốc,Yes,Changed,Khác -> Phim Hàn Quốc,,,,,,,,,
49605859,,kimetsu no yaiba,10,Anime,haikyuu,10,Anime,Yes,Unchanged,Unchanged,,,,,,,,,
49614665,,hội pháp sư,4,Anime,overlord ii,2,Anime,Yes,Unchanged,Unchanged,,,,,,,,,
49616123,,penthouse 2,3,Phim Hàn Quốc,penthouse 2,3,Phim Hàn Quốc,No,Unchanged,Unchanged,,,,,,,,,
49616317,,thiên nga bóng đêm,2,Phim Hàn Quốc,bí mật nàng fia,2,Khác,Yes,Changed,Phim Hàn Quốc -> Khác,,,,,,,,,
49618127,,tử thần ngọt,2,Khác,thanh thanh tử khâm,2,Phim Trung Quốc,Yes,Changed,Khác -> Phim Trung Quốc,,,,,,,,,
49619086,,jujutsu kaisen,9,Anime,bungou stray dogs,3,Khác,Yes,Changed,Anime -> Khác,,,,,,,,,
49626094,,hôn nhân không hẹn hò,2,Phim Hàn Quốc,chị đã thành công thu hút sự chú ý của tôi,2,Phim Trung Quốc,Yes,Changed,Phim Hàn Quốc -> Phim Trung Quốc,,,,,,,,,
49626962,,shrek,5,Khác,siêu nhân,8,Phim hoạt hình,Yes,Changed,Khác -> Phim hoạt hình,,,,,,,,,
49630156,,phạm công cúc hoa,4,Khác,ông trùm,2,Khác,Yes,Unchanged,Unchanged,,,,,,,,,
49648707,,game o,5,Khác,game o,2,Khác,No,Unchanged,Unchanged,,,,,,,,,
49653446,,day tre 4tuoi,2,Khác,về miền tây,2,Khác,Yes,Unchanged,Unchanged,,,,,,,,,
49657019,,tôi thấy hoa vàng trên cỏ xanh,2,Phim Việt Nam,biệt đội g i joe cuộc chiến mãng xà,3,Khác,Yes,Changed,Phim Việt Nam -> Khác,,,,,,,,,
49658428,,sword art online alicization,6,alicization : Anime,kimetsu no yaiba,2,Anime,Yes,Changed,alicization : Anime -> Anime,,,,,,,,,
49668904,,naruto,2,Anime,dr stone,2,Anime,Yes,Unchanged,Unchanged,,,,,,,,,
49674665,,em là thành trì doanh lũy của anh,4,Phim Trung Quốc,ban trai,4,Khác,Yes,Changed,Phim Trung Quốc -> Khác,,,,,,,,,
49677498,,bắt ma phá án,3,Phim Hàn Quốc,mắt biếc,2,Khác,Yes,Changed,Phim Hàn Quốc -> Khác,,,,,,,,,
49694930,,ba kie,3,Khác,xem ra em rất ngọt ngào,2,Khác,Yes,Unchanged,Unchanged,,,,,,,,,
49699890,,tìm kiếm bằng giọng nói,2,Tìm kiếm chung / Chức năng,thái lan và việt nam giải u19,3,Khác,Yes,Changed,Tìm kiếm chung / Chức năng -> Khác,,,,,,,,,
49701880,,s9 doraemon tập 428 biến thành người khác quà sinh nhật cho shizuka hoạt hình tiếng việt,2,Anime,doraemon,7,Anime,Yes,Unchanged,Unchanged,,,,,,,,,
49715586,,tro lai,2,Khác,hội pháp sư,2,Anime,Yes,Changed,Khác -> Anime,,,,,,,,,
49722777,,521 hz,3,Khác,luật quỷ,2,Khác,Yes,Unchanged,Unchanged,,,,,,,,,
49768183,,voic,2,Khác,attack on titan season 3 shingeki no kyojin,2,Anime,Yes,Changed,Khác -> Anime,,,,,,,,,
49784813,,trữ tình,3,Âm nhạc,siêu nhân,2,Phim hoạt hình,Yes,Changed,Âm nhạc -> Phim hoạt hình,,,,,,,,,
49785996,,bad luck,3,Khác,lobeo,2,Khác,Yes,Unchanged,Unchanged,,,,,,,,,
49786820,,startalk bùi hoàng việt anh,2,Khác,u19 việt nam u19 brunei xem lại trận đấu u19 đông nam á,2,Khác,Yes,Unchanged,Unchanged,,,,,,,,,
49787544,,aquaman,2,Phim chiếu rạp / Siêu anh hùng,despicable me,3,Phim hoạt hình,Yes,Changed,Phim chiếu rạp / Siêu anh hùng -> Phim hoạt hình,,,,,,,,,
49792522,,tai si,9,Khác,neu e,10,Khác,Yes,Unchanged,Unchanged,,,,,,,,,
49793749,,làm sao boss lại làm sao nữa,3,Phim Trung Quốc,gundam,2,Anime,Yes,Changed,Phim Trung Quốc -> Anime,,,,,,,,,
49816476,,nàng thư ký của tôi,2,Khác,sam sam đến rồi,3,Phim Trung Quốc,Yes,Changed,Khác -> Phim Trung Quốc,,,,,,,,,
49819862,,mẹ ma,4,Phim chiếu rạp / Kinh dị,ác quỷ ma sơ,2,Tâm linh,Yes,Changed,Phim chiếu rạp / Kinh dị -> Tâm linh,,,,,,,,,
49826894,,cá sấu khổng lồ,2,Khác,chuyến xe miền tây,3,Khác,Yes,Unchanged,Unchanged,,,,,,,,,
49858550,,50 sắc thái,4,Khác,doraemon,6,Anime,Yes,Changed,Khác -> Anime,,,,,,,,,
49926140,,bị cáo,2,Khác,kairos,2,Phim Hàn Quốc,Yes,Changed,Khác -> Phim Hàn Quốc,,,,,,,,,
49934391,,con tim sắt đá,6,Phim Thái Lan,trực tiếp bóng đá,2,Khác,Yes,Changed,Phim Thái Lan -> Khác,,,,,,,,,
49951957,,cô nàng đầu bếp của tôi,5,Phim Thái Lan,cơ trưởng sully,2,Khác,Yes,Changed,Phim Thái Lan -> Khác,,,,,,,,,
49953940,,chon nguc tu,3,Khác,nang cao da,2,Khác,Yes,Unchanged,Unchanged,,,,,,,,,
49960137,,hoi p,9,Khác,hoi p,5,Khác,No,Unchanged,Unchanged,,,,,,,,,
49963074,,story of yanxi palace,5,Khác,story of yanxi palace,2,Khác,No,Unchanged,Unchanged,,,,,,,,,
5016073,,cô nàng trong trắng,4,Phim Hàn Quốc,tại sao lại là oh soo jae,2,Phim Hàn Quốc,Yes,Unchanged,Unchanged,,,,,,,,,
5031414,,vô tình nhặt được tổng tài,4,Phim Trung Quốc,10 năm 3 tháng 30 ngày,2,Phim Trung Quốc,Yes,Unchanged,Unchanged,,,,,,,,,
5292390,,cảnh đẹp ngày vui biết bao giờ,4,Phim Trung Quốc,thử thách thần tượng,6,Chương trình truyền hình,Yes,Changed,Phim Trung Quốc -> Chương trình truyền hình,,,,,,,,,
5298093,,thiên nga bóng đêm,2,Phim Hàn Quốc,mộng hoa lục,2,Phim ảnh,Yes,Changed,Phim Hàn Quốc -> Phim ảnh,,,,,,,,,
5336133,,naruto,4,Anime,naruto shuppeden,3,Anime,Yes,Unchanged,Unchanged,,,,,,,,,
5377538,,jujutsu,6,Khác,hoc vien sieu anh hung,4,Khác,Yes,Unchanged,Unchanged,,,,,,,,,
5518963,,voice 3,2,Phim Hàn Quốc,street,2,Khác,Yes,Changed,Phim Hàn Quốc -> Khác,,,,,,,,,
5545627,,tôi thấy hoa vàng trên cỏ xanh,3,Phim Việt Nam,thế giới động vật,3,Tìm kiếm chung / Tài liệu,Yes,Changed,Phim Việt Nam -> Tìm kiếm chung / Tài liệu,,,,,,,,,
5552216,,mị nguyệt truyện,2,Phim Trung Quốc,hậu cung như ý truyện,2,Phim Trung Quốc,Yes,Unchanged,Unchanged,,,,,,,,,
5713231,,boruto,2,naruto the movie : Anime,naruto,7,Anime,Yes,Changed,naruto the movie : Anime -> Anime,,,,,,,,,
5822725,,king kong,3,Phim chiếu rạp,kingkong,2,Khác,Yes,Changed,Phim chiếu rạp -> Khác,,,,,,,,,
5824229,,home a,3,Khác,aquaman,3,Phim chiếu rạp / Siêu anh hùng,Yes,Changed,Khác -> Phim chiếu rạp / Siêu anh hùng,,,,,,,,,
610255,,juijutsu,6,Khác,goblin,2,Phim Hàn Quốc,Yes,Changed,Khác -> Phim Hàn Quốc,,,,,,,,,
683068,,bác sĩ ma,2,Phim Hàn Quốc,chàng hậu,4,Phim Hàn Quốc,Yes,Unchanged,Unchanged,,,,,,,,,
695886,,trữ tình,9,Âm nhạc,trữ tình,18,Âm nhạc,No,Unchanged,Unchanged,,,,,,,,,
7005008,,cỗ máy thời gian,2,Khác,cỗ máy thời gian,2,Khác,No,Unchanged,Unchanged,,,,,,,,,
7049061,,thân chủ,2,Khác,kairos,2,Phim Hàn Quốc,Yes,Changed,Khác -> Phim Hàn Quốc,,,,,,,,,
7076650,,em là thành trì doanh lũy của anh,5,Phim Trung Quốc,minio,2,Khác,Yes,Changed,Phim Trung Quốc -> Khác,,,,,,,,,
7092611,,kuroko,2,Khác,bleach,2,Anime,Yes,Changed,Khác -> Anime,,,,,,,,,
7233234,,bật video catchphrase của jimmy fallon trên tv của tôi,2,Khác,boney,2,Khác,Yes,Unchanged,Unchanged,,,,,,,,,
7290705,,boruto naruto the movie,3,Anime,boruto naruto the movie,6,Anime,No,Unchanged,Unchanged,,,,,,,,,
7368286,,vườnsaobăng,2,Khác,bước đường cùng,2,Phim Trung Quốc,Yes,Changed,Khác -> Phim Trung Quốc,,,,,,,,,
7377122,,naruto,3,Anime,saitama,7,Anime,Yes,Unchanged,Unchanged,,,,,,,,,
7647150,,goblin,2,Phim Hàn Quốc,goblin,2,Phim Hàn Quốc,No,Unchanged,Unchanged,,,,,,,,,
7690049,,vô tình nhặt được tổng tài,2,Phim Trung Quốc,hakken,2,Khác,Yes,Changed,Phim Trung Quốc -> Khác,,,,,,,,,
7693029,,đấu trường yoyo,15,Khác,naruto cuộc phiêu lưu gió xoáy,12,Anime,Yes,Changed,Khác -> Anime,,,,,,,,,
7750272,,anac,2,Khác,avatar,2,Khác,Yes,Unchanged,Unchanged,,,,,,,,,
7753100,,thiếu nhi,6,Tìm kiếm chung,thiếu nhi,2,Tìm kiếm chung,No,Unchanged,Unchanged,,,,,,,,,
7785076,,bắt ma phá án,3,Phim Hàn Quốc,hiệp thám giản bất tri,2,Khác,Yes,Changed,Phim Hàn Quốc -> Khác,,,,,,,,,
7795902,,vô tình nhặt được tổng tài,4,Phim Trung Quốc,yêu nhầm chị dâu,5,Phim Thái Lan,Yes,Changed,Phim Trung Quốc -> Phim Thái Lan,,,,,,,,,
7963496,,inside out,2,Khác,reply 1988,3,Phim Hàn Quốc,Yes,Changed,Khác -> Phim Hàn Quốc,,,,,,,,,
8073865,,saiki,4,Anime,fpt,2,Khác,Yes,Changed,Anime -> Khác,,,,,,,,,
8105791,,again my life,2,Phim Hàn Quốc,minh lan truyện,3,Phim Trung Quốc,Yes,Changed,Phim Hàn Quốc -> Phim Trung Quốc,,,,,,,,,
8150541,,phim võ thuật hành động,2,Khác,phim võ thuật hành động,2,Khác,No,Unchanged,Unchanged,,,,,,,,,
8315371,,thử thách thần chết giữa hai thế giới,17,giữa hai thế giới : Phim chiếu rạp / Giả tưởng,thử thách thần chết giữa hai thế giới,9,giữa hai thế giới : Phim chiếu rạp / Giả tưởng,No,Unchanged,Unchanged,,,,,,,,,
8423783,,mèo oggy và những chú gián tinh nghịch,2,Phim hoạt hình,50 sắc thái,3,Khác,Yes,Changed,Phim hoạt hình -> Khác,,,,,,,,,
8450751,,diên hy công lược,2,Phim Trung Quốc,minion,2,Phim hoạt hình,Yes,Changed,Phim Trung Quốc -> Phim hoạt hình,,,,,,,,,
8578158,,bolero,2,Âm nhạc,trữ tình,4,Âm nhạc,Yes,Unchanged,Unchanged,,,,,,,,,
8660416,,boruto naruto the movie,5,Anime,boruto naruto the movie,7,Anime,No,Unchanged,Unchanged,,,,,,,,,
8675890,,tana,6,Khác,boku no hero academia season 4,8,Anime,Yes,Changed,Khác -> Anime,,,,,,,,,
8697069,,sống,3,Khác,sống,5,Khác,No,Unchanged,Unchanged,,,,,,,,,
8737308,,nguoi dam phan,2,Khác,người đàm phán,2,Phim Trung Quốc,Yes,Changed,Khác -> Phim Trung Quốc,,,,,,,,,
876982,,bang c,2,Khác,hồ sơ trinh sát,3,Phim Hồng Kông,Yes,Changed,Khác -> Phim Hồng Kông,,,,,,,,,
8870984,,hoa du ký,2,Phim Hàn Quốc,phim naruto shippūden,7,Anime,Yes,Changed,Phim Hàn Quốc -> Anime,,,,,,,,,
8922876,,bride wars,4,Khác,kong skull island,2,Khác,Yes,Unchanged,Unchanged,,,,,,,,,
8933229,,bau t,2,Khác,rose,3,Khác,Yes,Unchanged,Unchanged,,,,,,,,,
90015232,,học viện anh hùng phần 3,3,Anime,học viện anh hùng phần 5,3,Anime,Yes,Unchanged,Unchanged,,,,,,,,,
90032352,,penhouse,3,Khác,cuộc chiến thượng lưu 3,2,Phim Hàn Quốc,Yes,Changed,Khác -> Phim Hàn Quốc,,,,,,,,,
90057058,,minh lan truyện,3,Phim Trung Quốc,minh lan truyện,3,Phim Trung Quốc,No,Unchanged,Unchanged,,,,,,,,,
90068549,,hương mật tựa khói sương,2,Phim Trung Quốc,sao băng,3,Khác,Yes,Changed,Phim Trung Quốc -> Khác,,,,,,,,,
90078087,,diên hy công lược,10,Phim Trung Quốc,phù dao hoàng hậu,2,Phim Trung Quốc,Yes,Unchanged,Unchanged,,,,,,,,,
90197434,,ve d,5,Khác,cô vợ bắt buộc,3,Phim Thái Lan,Yes,Changed,Khác -> Phim Thái Lan,,,,,,,,,
9021471,,soma,5,Anime,ca mu,2,Khác,Yes,Changed,Anime -> Khác,,,,,,,,,
90257484,,mặt nạ thủy tinh,5,Khác,thanh xuân vật vã,4,Phim Hàn Quốc,Yes,Changed,Khác -> Phim Hàn Quốc,,,,,,,,,
90258590,,mộng hoa luc,2,Phim ảnh,đông cung,2,Phim Trung Quốc,Yes,Changed,Phim ảnh -> Phim Trung Quốc,,,,,,,,,
90423205,,thử thách thần chết giữa hai thế giới,4,giữa hai thế giới : Phim chiếu rạp / Giả tưởng,thử thách thần chết giữa hai thế giới,3,giữa hai thế giới : Phim chiếu rạp / Giả tưởng,No,Unchanged,Unchanged,,,,,,,,,
90594756,,co hau ban bao luc,2,Khác,kết hôn rồi bắt đầu yêu,2,Phim Trung Quốc,Yes,Changed,Khác -> Phim Trung Quốc,,,,,,,,,
90641275,,overlord ii,2,Anime,học viện anh hùng phần 2,2,Anime,Yes,Unchanged,Unchanged,,,,,,,,,
90694450,,thư sinh bóng đêm,2,Khác,sếp kim đại tài,2,Khác,Yes,Unchanged,Unchanged,,,,,,,,,
9069967,,bạn trai tôi là hồ ly,2,Phim Hàn Quốc,phù dao hoàng hậu,2,Phim Trung Quốc,Yes,Changed,Phim Hàn Quốc -> Phim Trung Quốc,,,,,,,,,
90779469,,miền đất hứa,2,Anime,conan,2,Anime,Yes,Unchanged,Unchanged,,,,,,,,,
90805931,,sửu phi giá đáo,2,Phim Trung Quốc,little forest,2,Khác,Yes,Changed,Phim Trung Quốc -> Khác,,,,,,,,,
90827262,,gửi anh người từng yêu em,2,Khác,đẳng cấp thượng lưu,2,Phim Hàn Quốc,Yes,Changed,Khác -> Phim Hàn Quốc,,,,,,,,,
90884444,,shinrabansho,2,Khác,hellb,2,Khác,Yes,Unchanged,Unchanged,,,,,,,,,
90897438,,cuộc chiến thượng lưu,4,Phim Hàn Quốc,hậu duệ mặt trời,5,Phim Hàn Quốc,Yes,Unchanged,Unchanged,,,,,,,,,
90996474,,one punch man,4,Anime,one punch man,4,Anime,No,Unchanged,Unchanged,,,,,,,,,
91185677,,aikatsu,2,Khác,kimetsu no yaiba,3,Anime,Yes,Changed,Khác -> Anime,,,,,,,,,
91322452,,kirito,2,Khác,naruto,8,Anime,Yes,Changed,Khác -> Anime,,,,,,,,,
91406096,,con ruột con riêng,3,Phim Hàn Quốc,con ruột con riêng,4,Phim Hàn Quốc,No,Unchanged,Unchanged,,,,,,,,,
91413562,,bolero,3,Âm nhạc,bolero,2,Âm nhạc,No,Unchanged,Unchanged,,,,,,,,,
91414979,,keep running,2,Chương trình Trung Quốc,giác quan thứ sáu,4,Chương trình truyền hình,Yes,Changed,Chương trình Trung Quốc -> Chương trình truyền hình,,,,,,,,,
91426074,,hẹn hò chốn công sở,2,Khác,lam diễm đột kích,6,Khác,Yes,Unchanged,Unchanged,,,,,,,,,
9143185,,hoa của quỷ,5,Phim Hàn Quốc,thanh thanh tử khâm,13,Phim Trung Quốc,Yes,Changed,Phim Hàn Quốc -> Phim Trung Quốc,,,,,,,,,
91529191,,mối tình bí mật,2,Khác,bão cát,2,Phim Thái Lan,Yes,Changed,Khác -> Phim Thái Lan,,,,,,,,,
91546808,,vết đang kêu,2,Khác,khởi đầu,3,Khác,Yes,Unchanged,Unchanged,,,,,,,,,
9174504,,yoga,3,Khác,bác sĩ ma,2,Phim Hàn Quốc,Yes,Changed,Khác -> Phim Hàn Quốc,,,,,,,,,
91822202,,học viện cảnh sát,2,Phim Hàn Quốc,sao băng,2,Khác,Yes,Changed,Phim Hàn Quốc -> Khác,,,,,,,,,
91937953,,chạy nhanh nào huynh đệ,2,Khác,đông cung,3,Phim Trung Quốc,Yes,Changed,Khác -> Phim Trung Quốc,,,,,,,,,
92123012,,hai tinh yeu phim thai lan,2,Phim Thái Lan,vườn sao băng,2,Khác,Yes,Changed,Phim Thái Lan -> Khác,,,,,,,,,
92147271,,hội pháp sư,2,Anime,hội pháp sư,25,Anime,No,Unchanged,Unchanged,,,,,,,,,
92213955,,tokyo revengers,4,Anime,gundam,5,Anime,Yes,Unchanged,Unchanged,,,,,,,,,
92314573,,thương ngày nắng về,4,Phim Việt Nam,thương ngày nắng về,2,Phim Việt Nam,No,Unchanged,Unchanged,,,,,,,,,
92361608,,inuyasha,4,Anime,pent,4,Khác,Yes,Changed,Anime -> Khác,,,,,,,,,
92545780,,kết hôn rồi bắt đầu yêu,2,Phim Trung Quốc,vùng đất quỷ dữ 2 khải huyền,2,Khác,Yes,Changed,Phim Trung Quốc -> Khác,,,,,,,,,
92551426,,pháp y,2,Khác,pháp y tần minh người đọc tâm,3,người đọc tâm : Phim Trung Quốc,Yes,Changed,Khác -> người đọc tâm : Phim Trung Quốc,,,,,,,,,
9284601,,huyền thoại biển xanh,2,Phim Hàn Quốc,luoi,2,Khác,Yes,Changed,Phim Hàn Quốc -> Khác,,,,,,,,,
92858898,,hy vongj,2,Khác,đời sống ngục tù,3,Phim Hàn Quốc,Yes,Changed,Khác -> Phim Hàn Quốc,,,,,,,,,
92888592,,ngu su,3,Khác,dự báo tình yêu và thời tiết,3,Khác,Yes,Unchanged,Unchanged,,,,,,,,,
93047920,,mở dân ca,9,Khác,mở dân ca,3,Khác,No,Unchanged,Unchanged,,,,,,,,,
93102713,,jujutsu kaisen,6,Anime,tìm kiếm bằng giọng nói,4,Tìm kiếm chung / Chức năng,Yes,Changed,Anime -> Tìm kiếm chung / Chức năng,,,,,,,,,
93126585,,nữ thanh tra tài ba,3,Phim Hàn Quốc,yeu em la dinh menh,2,Khác,Yes,Changed,Phim Hàn Quốc -> Khác,,,,,,,,,
93197670,,sao băng,2,Khác,hoa du ký,2,Phim Hàn Quốc,Yes,Changed,Khác -> Phim Hàn Quốc,,,,,,,,,
93415901,,phimmcho,4,Khác,phim cho,2,Khác,Yes,Unchanged,Unchanged,,,,,,,,,
93503832,,chú thỏ con,2,Khác,chú thỏ con,2,Khác,No,Unchanged,Unchanged,,,,,,,,,
93578363,,khie,9,Khác,attack,2,Khác,Yes,Unchanged,Unchanged,,,,,,,,,
93603236,,thuong ngay nang ve,2,Phim Việt Nam,tinh nguoi duyen ma,2,Tâm linh,Yes,Changed,Phim Việt Nam -> Tâm linh,,,,,,,,,
93621299,,thử thách thần tượng,4,Chương trình truyền hình,phia,3,Khác,Yes,Changed,Chương trình truyền hình -> Khác,,,,,,,,,
93646864,,shalala bolero,6,Âm nhạc,shalala bolero,3,Âm nhạc,No,Unchanged,Unchanged,,,,,,,,,
93785434,,cong to,22,Khác,co tay,28,Khác,Yes,Unchanged,Unchanged,,,,,,,,,
93853148,,cuoc chien thuong luu,2,Phim Hàn Quốc,cuoc chien thuong luu,2,Phim Hàn Quốc,No,Unchanged,Unchanged,,,,,,,,,
9395905,,free season 2,2,Khác,baki,3,Anime,Yes,Changed,Khác -> Anime,,,,,,,,,
93996610,,trữ tình,2,Âm nhạc,chúc bé ngủ ngon,3,Khác,Yes,Changed,Âm nhạc -> Khác,,,,,,,,,
94072773,,đảo hải tặc,2,Khác,nhất kiến khuynh tâm,2,Phim Trung Quốc,Yes,Changed,Khác -> Phim Trung Quốc,,,,,,,,,
94096609,,ông thầy vi diệu,2,Khác,nguyên long phần 1,4,Khác,Yes,Unchanged,Unchanged,,,,,,,,,
94124347,,happiness,2,Phim Hàn Quốc,yến vân đài,2,Khác,Yes,Changed,Phim Hàn Quốc -> Khác,,,,,,,,,
94132671,,ba,3,Khác,yêu tinh,2,Phim Hàn Quốc,Yes,Changed,Khác -> Phim Hàn Quốc,,,,,,,,,
94270311,,runningman,17,Khác,tìm kiếm bằng giọng nói,9,Tìm kiếm chung / Chức năng,Yes,Changed,Khác -> Tìm kiếm chung / Chức năng,,,,,,,,,
94311619,,thanh guom diet quy,5,Anime,ông thầy vi diệu,2,Khác,Yes,Changed,Anime -> Khác,,,,,,,,,
94350584,,tận thế đến cùng anh,2,Khác,god of high,2,Khác,Yes,Unchanged,Unchanged,,,,,,,,,
94402581,,heo peppa,2,Phim hoạt hình,paw patrol,2,Phim hoạt hình,Yes,Unchanged,Unchanged,,,,,,,,,
94508592,,bạn trai tôi là hồ ly,2,Phim Hàn Quốc,fairy tail,3,Anime,Yes,Changed,Phim Hàn Quốc -> Anime,,,,,,,,,
94539991,,falling into your smile,3,Khác,em là thành trì doanh lũy của anh,11,Phim Trung Quốc,Yes,Changed,Khác -> Phim Trung Quốc,,,,,,,,,
94561178,,the return of the cat,2,Khác,cuộc chiến thượng lưu,4,Phim Hàn Quốc,Yes,Changed,Khác -> Phim Hàn Quốc,,,,,,,,,
94596250,,dem toi,2,Khác,minio,2,Khác,Yes,Unchanged,Unchanged,,,,,,,,,
94624052,,why her,4,Phim Hàn Quốc,true,2,Khác,Yes,Changed,Phim Hàn Quốc -> Khác,,,,,,,,,
94764476,,cuồng si,2,Khác,nút thắt ái tình,2,Khác,Yes,Unchanged,Unchanged,,,,,,,,,
94794295,,black clover tập 1,2,Anime,lưỡi gươm diệt quỷ,2,Anime,Yes,Unchanged,Unchanged,,,,,,,,,
95196418,,naruto,6,Anime,tiểu thời đại,3,Khác,Yes,Changed,Anime -> Khác,,,,,,,,,
95211421,,ctv,3,Khác,nàng dâu của đại gia,2,Khác,Yes,Unchanged,Unchanged,,,,,,,,,
95254675,,liverpool,5,Khác,manchester city,2,Khác,Yes,Unchanged,Unchanged,,,,,,,,,
95517276,,bây,2,Khác,running man,3,Chương trình truyền hình,Yes,Changed,Khác -> Chương trình truyền hình,,,,,,,,,
95552060,,one p,7,Khác,vanit,2,Khác,Yes,Unchanged,Unchanged,,,,,,,,,
95614380,,u23 uzbekistan u23 iraq xem lại trận đấu cúp bóng đá u23 châu á afc 2022,10,Khác,xem lai tran dau 21h ngay 30 thang 6 nam 2022,2,Khác,Yes,Unchanged,Unchanged,,,,,,,,,
95673549,,hội pháp sư,3,Anime,jujutsu kaisen,4,Anime,Yes,Unchanged,Unchanged,,,,,,,,,
9570826,,cuộc sống thượng lưu,2,Phim Hàn Quốc,chucky season 1,3,Khác,Yes,Changed,Phim Hàn Quốc -> Khác,,,,,,,,,
95891647,,chú voi con trên bản đôn,6,Khác,con trâu kéo cày đồng xa,13,Khác,Yes,Unchanged,Unchanged,,,,,,,,,
96018951,,naruto,2,Anime,hôn nhân không hẹn hò,2,Phim Hàn Quốc,Yes,Changed,Anime -> Phim Hàn Quốc,,,,,,,,,
96059107,,curb,2,Khác,curb,2,Khác,No,Unchanged,Unchanged,,,,,,,,,
96236370,,f4,4,Giải trí,penthouse 2,3,Phim Hàn Quốc,Yes,Changed,Giải trí -> Phim Hàn Quốc,,,,,,,,,
96382793,,siêu nhân,3,Phim hoạt hình,trữ tình,3,Âm nhạc,Yes,Changed,Phim hoạt hình -> Âm nhạc,,,,,,,,,
96398795,,liên minh công lý phiên bản của zack snyder,4,phiên bản của zack snyder : Phim chiếu rạp / Siêu anh hùng,liên minh công lý phiên bản của zack snyder,3,phiên bản của zack snyder : Phim chiếu rạp / Siêu anh hùng,No,Unchanged,Unchanged,,,,,,,,,
96405950,,tìm kiếm bằng giọng nói,4,Tìm kiếm chung / Chức năng,tìm kiếm bằng giọng nói,2,Tìm kiếm chung / Chức năng,No,Unchanged,Unchanged,,,,,,,,,
96411060,,yêu nhầm chị dâu,2,Phim Thái Lan,đẹp trai là số một,3,Phim Trung Quốc,Yes,Changed,Phim Thái Lan -> Phim Trung Quốc,,,,,,,,,
96429553,,cổ tích việt nam,2,Khác,siêu nhân,3,Phim hoạt hình,Yes,Changed,Khác -> Phim hoạt hình,,,,,,,,,
96451273,,mashimaro phần 1,2,Khác,bộ phim về bob bọt biển bọt biển lên bờ,2,Khác,Yes,Unchanged,Unchanged,,,,,,,,,
96556152,,cô nàng trong trắng oh woo ri,2,Phim Hàn Quốc,yêu em từ cái nhìn đầu tiên,2,Phim Trung Quốc,Yes,Changed,Phim Hàn Quốc -> Phim Trung Quốc,,,,,,,,,
96649635,,thiên tài lang băm,2,Phim Hàn Quốc,bay cao ước mơ,3,Khác,Yes,Changed,Phim Hàn Quốc -> Khác,,,,,,,,,
96659227,,luu l,25,Khác,yêu nhầm chị dâu,9,Phim Thái Lan,Yes,Changed,Khác -> Phim Thái Lan,,,,,,,,,
9668960,,ma,15,Tâm linh,woa,11,Khác,Yes,Changed,Tâm linh -> Khác,,,,,,,,,
96820858,,vua bong chuyen,2,Khác,ranh giới quỷ,2,Khác,Yes,Unchanged,Unchanged,,,,,,,,,
96865197,,siêu nhân,2,Phim hoạt hình,monkey,5,Khác,Yes,Changed,Phim hoạt hình -> Khác,,,,,,,,,
97133024,,yêu tinh,9,Phim Hàn Quốc,runni,4,Khác,Yes,Changed,Phim Hàn Quốc -> Khác,,,,,,,,,
97146834,,cocomelon,10,Khác,cocomelon,7,Khác,No,Unchanged,Unchanged,,,,,,,,,
97147990,,chúc,2,Khác,vô tình nhặt được tổng tài,2,Phim Trung Quốc,Yes,Changed,Khác -> Phim Trung Quốc,,,,,,,,,
97233569,,bằng chứng thép 4,4,Phim Hồng Kông,mất dấu 3,2,Khác,Yes,Changed,Phim Hồng Kông -> Khác,,,,,,,,,
97259803,,kênh vtv1,2,Kênh truyền hình,kênh vtv1,2,Kênh truyền hình,No,Unchanged,Unchanged,,,,,,,,,
97315136,,nghe t,4,Khác,huye,6,Khác,Yes,Unchanged,Unchanged,,,,,,,,,
97432198,,prison,2,Khác,sao,4,Khác,Yes,Unchanged,Unchanged,,,,,,,,,
97900853,,s9 doraemon tập 428 biến thành người khác quà sinh nhật cho shizuka hoạt hình tiếng việt,4,Anime,conan thám tử lừng danh,2,Anime,Yes,Unchanged,Unchanged,,,,,,,,,
97955238,,thanh xuân tu tảo vi,3,Khác,dạ sắc khuy,2,Khác,Yes,Unchanged,Unchanged,,,,,,,,,
98023680,,i hear you,2,Khác,children of the 20th century,2,Khác,Yes,Unchanged,Unchanged,,,,,,,,,
98069020,,diên hy công lược,12,Phim Trung Quốc,cá mực hầm mật,3,Phim Trung Quốc,Yes,Unchanged,Unchanged,,,,,,,,,
98078514,,nỗi vương vấn của hạ tiên sinh,6,Phim Trung Quốc,băng,2,Khác,Yes,Changed,Phim Trung Quốc -> Khác,,,,,,,,,
98125495,,one,2,Khác,sieu nh,4,Khác,Yes,Unchanged,Unchanged,,,,,,,,,
98153637,,fair,2,Khác,fair,15,Khác,No,Unchanged,Unchanged,,,,,,,,,
98157344,,thiên nga bóng đêm,7,Phim Hàn Quốc,the sixth sense,2,Khác,Yes,Changed,Phim Hàn Quốc -> Khác,,,,,,,,,
98200016,,thiên nga bóng đêm eve,2,Phim Hàn Quốc,thiên nga bóng đêm,4,Phim Hàn Quốc,Yes,Unchanged,Unchanged,,,,,,,,,
98217927,,roland garros tennis,3,Khác,kime,6,Anime,Yes,Changed,Khác -> Anime,,,,,,,,,
98220648,,nấc thang lên thiên đường thuyết minh,2,Khác,vẻ đẹp đích thực thuyết mnh,2,Phim Hàn Quốc,Yes,Changed,Khác -> Phim Hàn Quốc,,,,,,,,,
98239495,,thử thách thần tượng,2,Chương trình truyền hình,chu cho cuu,2,Khác,Yes,Changed,Chương trình truyền hình -> Khác,,,,,,,,,
98296577,,paw,9,Khác,gau boonie,8,Khác,Yes,Unchanged,Unchanged,,,,,,,,,
98319999,,sailor moon,2,Khác,cô bé chăm chỉ,2,Khác,Yes,Unchanged,Unchanged,,,,,,,,,
98330283,,nữ thanh tra tài ba,7,Phim Hàn Quốc,tại sao lại là oh soo jae,2,Phim Hàn Quốc,Yes,Unchanged,Unchanged,,,,,,,,,
98381554,,tokyo ghoul re,2,re : Anime,cap d,2,Khác,Yes,Changed,re : Anime -> Khác,,,,,,,,,
98669253,,kim t,2,Khác,canh de,2,Khác,Yes,Unchanged,Unchanged,,,,,,,,,
98683906,,tân nương,2,Khác,hương mật,7,Khác,Yes,Unchanged,Unchanged,,,,,,,,,
98719627,,thử thách thần tượng running man,3,Chương trình truyền hình,running man,2,Chương trình truyền hình,Yes,Unchanged,Unchanged,,,,,,,,,
98762519,,thử thách thần chết giữa hai thế giới,2,giữa hai thế giới : Phim chiếu rạp / Giả tưởng,linh mục nhiệt huyết,2,Khác,Yes,Changed,giữa hai thế giới : Phim chiếu rạp / Giả tưởng -> Khác,,,,,,,,,
98862229,,nhân cách,2,Khác,bí mật kinh hoàng,2,Khác,Yes,Unchanged,Unchanged,,,,,,,,,
99064956,,trữ tình,6,Âm nhạc,bạn bin,17,Khác,Yes,Changed,Âm nhạc -> Khác,,,,,,,,,
99104755,,bác sĩ ma,2,Phim Hàn Quốc,bác sĩ ma,3,Phim Hàn Quốc,No,Unchanged,Unchanged,,,,,,,,,
9915468,,bạch phát vương phi,6,Phim Trung Quốc,sơn trại tiểu manh chủ,7,Phim Trung Quốc,Yes,Unchanged,Unchanged,,,,,,,,,
99353753,,con cào cào,18,Âm nhạc thiếu nhi,con cào cào,5,Âm nhạc thiếu nhi,No,Unchanged,Unchanged,,,,,,,,,
99381536,,fairy tail,7,Anime,fairy tail,2,Anime,No,Unchanged,Unchanged,,,,,,,,,
99409308,,đao kiếm thần vực phần 4,2,Anime,happiness,2,Phim Hàn Quốc,Yes,Changed,Anime -> Phim Hàn Quốc,,,,,,,,,
9947935,,vườn sao băng,8,Khác,phia truoc la bau troi,3,Khác,Yes,Unchanged,Unchanged,,,,,,,,,
99484385,,cảnh đẹp ngày vui biết bao giờ,3,Phim Trung Quốc,nỗi vương vấn của hạ tiên sinh,2,Phim Trung Quốc,Yes,Unchanged,Unchanged,,,,,,,,,
99537390,,học viện anh hùng phần 1,6,Anime,học viện anh hùng phần 2,10,Anime,Yes,Unchanged,Unchanged,,,,,,,,,
99543682,,thanh gươm diệt quỷ phần kỹ viện trấn,2,Anime,vua đầu bếp,2,Khác,Yes,Changed,Anime -> Khác,,,,,,,,,
99655251,,zoombie,2,Khác,cuộc chiến thượng lưu,2,Phim Hàn Quốc,Yes,Changed,Khác -> Phim Hàn Quốc,,,,,,,,,
99666175,,totoro,3,Anime,hoa c,32,Khác,Yes,Changed,Anime -> Khác,,,,,,,,,
99680291,,penthouse special episodes,3,Phim Hàn Quốc,penthouse special episodes,5,Phim Hàn Quốc,No,Unchanged,Unchanged,,,,,,,,,
99712812,,overlord iii,3,Anime,lưỡi gươm diệt quỷ,2,Anime,Yes,Unchanged,Unchanged,,,,,,,,,
99734240,,tsubasa,3,Khác,penthouse,4,Phim Hàn Quốc,Yes,Changed,Khác -> Phim Hàn Quốc,,,,,,,,,
99770656,,ant,2,Khác,ant,3,Khác,No,Unchanged,Unchanged,,,,,,,,,
99846547,,hàng xóm của tôi không chịu lớn,5,Phim Trung Quốc,con tim sắt đá,7,Phim Thái Lan,Yes,Changed,Phim Trung Quốc -> Phim Thái Lan,,,,,,,,,
99876086,,lucy,6,Phim chiếu rạp / Hành động,lucy,9,Phim chiếu rạp / Hành động,No,Unchanged,Unchanged,,,,,,,,,
0113093,,siêu nhân,2,Phim hoạt hình,siêu nhân,2,Phim hoạt hình,No,Unchanged,Unchanged,,,,,,,,,
0145671,,siêu nhân,2,Phim hoạt hình,lối nhỏ vào đời,4,Khác,Yes,Changed,Phim hoạt hình -> Khác,,,,,,,,,
0543432,,luoi,3,Khác,dr stone,2,Anime,Yes,Changed,Khác -> Anime,,,,,,,,,
0545322,,luu l,2,Khác,xuyen kh,3,Khác,Yes,Unchanged,Unchanged,,,,,,,,,
0571865,,review phim trận chiến diệu kỳ,2,Khác,con vịt,2,Khác,Yes,Unchanged,Unchanged,,,,,,,,,
06001361,,tiểu nương tử nhà tướng quân,4,Phim Trung Quốc,chàng trai hoàn hảo,3,Khác,Yes,Changed,Phim Trung Quốc -> Khác,,,,,,,,,
06003918,,yêu nhầm chị dâu,2,Phim Thái Lan,đại đường nữ pháp y,2,Khác,Yes,Changed,Phim Thái Lan -> Khác,,,,,,,,,
06005308,,naruto,3,Anime,review phim,2,Khác,Yes,Changed,Anime -> Khác,,,,,,,,,
06011725,,ve d,5,Khác,co tay,3,Khác,Yes,Unchanged,Unchanged,,,,,,,,,
06026653,,bolero,3,Âm nhạc,bolero để,8,Âm nhạc,Yes,Unchanged,Unchanged,,,,,,,,,
06029469,,tiểu nương tử nhà tướng quân,2,Phim Trung Quốc,minh lan truyện,2,Phim Trung Quốc,Yes,Unchanged,Unchanged,,,,,,,,,
06032833,,vô tình nhặt được tổng tài,3,Phim Trung Quốc,kết hôn rồi bắt đầu yêu,2,Phim Trung Quốc,Yes,Unchanged,Unchanged,,,,,,,,,
06034723,,trầm thụy hoa viên,2,Khác,shoo,3,Khác,Yes,Unchanged,Unchanged,,,,,,,,,
06036673,,em là thành trì doanh lũy của anh,10,Phim Trung Quốc,em là thành trì doanh lũy của anh,2,Phim Trung Quốc,No,Unchanged,Unchanged,,,,,,,,,
06042366,,học viện anh hùng phần 1,3,Anime,học viện anh hùng phần 4,4,Anime,Yes,Unchanged,Unchanged,,,,,,,,,
06047022,,hội pháp sư,9,Anime,dormon,2,Khác,Yes,Changed,Anime -> Khác,,,,,,,,,
06047035,,yêu trong đau thương,2,Khác,tôi độc thân dựa vào thực lực,2,Phim Trung Quốc,Yes,Changed,Khác -> Phim Trung Quốc,,,,,,,,,
06047471,,thanh gươm diệt quỷ chuyến tàu vô tận,3,Anime,lưỡi gươm diệt quỷ,2,Anime,Yes,Unchanged,Unchanged,,,,,,,,,
06057603,,bóng đá hôm nay,2,Khác,trực tiếp bóng đá nữ hôm nay,2,Khác,Yes,Unchanged,Unchanged,,,,,,,,,
06058911,,trực tiếp bdhàn quốc và thái lan,2,Khác,trực tiếp bd u19,3,Khác,Yes,Unchanged,Unchanged,,,,,,,,,
06061241,,kiem da,5,Khác,minio,2,Khác,Yes,Unchanged,Unchanged,,,,,,,,,
06062327,,hội pháp sư,22,Anime,hội pháp sư,35,Anime,No,Unchanged,Unchanged,,,,,,,,,
06062896,,chàng hậu,2,Phim Hàn Quốc,hội pháp sư 2,14,Anime,Yes,Changed,Phim Hàn Quốc -> Anime,,,,,,,,,
06063183,,đài truyền hình vĩnh long,8,Khác,giáng thu,6,Khác,Yes,Unchanged,Unchanged,,,,,,,,,
06069107,,doraemon,2,Anime,khủng long,2,Động vật,Yes,Changed,Anime -> Động vật,,,,,,,,,
06070327,,mị nguyệt truyện,5,Phim Trung Quốc,tinh hà xán lạn,2,Phim Trung Quốc,Yes,Unchanged,Unchanged,,,,,,,,,
06073311,,mị nguyệt truyện,7,Phim Trung Quốc,phia,7,Khác,Yes,Changed,Phim Trung Quốc -> Khác,,,,,,,,,
06075564,,vua bếp soma phần 2,3,Anime,hội pháp sư,4,Anime,Yes,Unchanged,Unchanged,,,,,,,,,
06081709,,ru ta một mình duy khánh,4,Người nổi tiếng,mười ngón tay,2,Khác,Yes,Changed,Người nổi tiếng -> Khác,,,,,,,,,
06082876,,sword art online phần 1,3,alicization : Anime,hyouka,2,Khác,Yes,Changed,alicization : Anime -> Khác,,,,,,,,,
06082996,,hội pháp sư,3,Anime,one punch man,2,Anime,Yes,Unchanged,Unchanged,,,,,,,,,
06087910,,atack,2,Khác,đại chiến titan,5,Anime,Yes,Changed,Khác -> Anime,,,,,,,,,
06091298,,thả thí thiên hạ,2,Khác,giữa thanh xuân,3,Phim Trung Quốc,Yes,Changed,Khác -> Phim Trung Quốc,,,,,,,,,
06095740,,thành long,2,Khác,naruto,2,Anime,Yes,Changed,Khác -> Anime,,,,,,,,,
06097267,,khi màn đêm gợn sóng,2,Phim Trung Quốc,why her,2,Phim Hàn Quốc,Yes,Changed,Phim Trung Quốc -> Phim Hàn Quốc,,,,,,,,,
06402961,,naruto,7,Anime,chú thuật hồi chiến,3,Anime,Yes,Unchanged,Unchanged,,,,,,,,,
06408811,,em là thành trì doanh lũy của anh,2,Phim Trung Quốc,đẹp trai là số một,2,Phim Trung Quốc,Yes,Unchanged,Unchanged,,,,,,,,,
06410287,,mat trang om mat troi,3,Phim Hàn Quốc,doc co,4,Khác,Yes,Changed,Phim Hàn Quốc -> Khác,,,,,,,,,
06410475,,con tim sắt đá,3,Phim Thái Lan,u19 thai lan,2,Khác,Yes,Changed,Phim Thái Lan -> Khác,,,,,,,,,
06418291,,truyện cổ tích thằng bờm,3,Khác,ca nhạc người mẫu sex 100,2,Âm nhạc,Yes,Changed,Khác -> Âm nhạc,,,,,,,,,
06427382,,vua đầu bếp soma,2,Anime,overlord,3,Anime,Yes,Unchanged,Unchanged,,,,,,,,,
06436934,,zombie,3,Khác,voice 3,2,Phim Hàn Quốc,Yes,Changed,Khác -> Phim Hàn Quốc,,,,,,,,,
06438974,,thả khí thiên hạ,3,Khác,lưu ly mỹ nhân sát,4,Phim Trung Quốc,Yes,Changed,Khác -> Phim Trung Quốc,,,,,,,,,
06439048,,thiên nga bóng đêm,5,Phim Hàn Quốc,thiên nga bóng đêm eve,4,Phim Hàn Quốc,Yes,Unchanged,Unchanged,,,,,,,,,
06444750,,ngu giao ki,2,Khác,hoa của quỷ,7,Phim Hàn Quốc,Yes,Changed,Khác -> Phim Hàn Quốc,,,,,,,,,
06447296,,bác sĩ ma,2,Phim Hàn Quốc,phép màu,2,Khác,Yes,Changed,Phim Hàn Quốc -> Khác,,,,,,,,,
06449294,,boku,6,Anime,kakegurui,13,Anime,Yes,Unchanged,Unchanged,,,,,,,,,
0645620,,fairy tail,4,Anime,kimetsu no yaiba,2,Anime,Yes,Unchanged,Unchanged,,,,,,,,,
0646052,,siêu nhân thần kiếm và biệt đội siêu nhân cơ động,3,Phim hoạt hình,trường ca hành,4,Khác,Yes,Changed,Phim hoạt hình -> Khác,,,,,,,,,
06473211,,pent,4,Khác,penthouse 3,2,Phim Hàn Quốc,Yes,Changed,Khác -> Phim Hàn Quốc,,,,,,,,,
06482996,,chú thuật hồi chiến,4,Anime,đao kiếm thần vực phần 4,2,Anime,Yes,Unchanged,Unchanged,,,,,,,,,
0671576,,em là định mệnh của anh,2,Phim Đài Loan,chuyen tinh,2,Khác,Yes,Changed,Phim Đài Loan -> Khác,,,,,,,,,
06807577,,vô tình nhặt được tổng tài,2,Phim Trung Quốc,vẻ đẹp đích thực,2,Phim Hàn Quốc,Yes,Changed,Phim Trung Quốc -> Phim Hàn Quốc,,,,,,,,,
06825722,,ngược dòng thời gian để yêu anh,2,Khác,thanh thanh tử khâm,2,Phim Trung Quốc,Yes,Changed,Khác -> Phim Trung Quốc,,,,,,,,,
06825794,,mây trên đỉnh sils maria,2,Khác,phim người anh yêu,2,Khác,Yes,Unchanged,Unchanged,,,,,,,,,
06825879,,ngày siêu giải,3,Khác,ng,3,Khác,Yes,Unchanged,Unchanged,,,,,,,,,
06829058,,goblin,2,Phim Hàn Quốc,f4 thailand,2,Giải trí,Yes,Changed,Phim Hàn Quốc -> Giải trí,,,,,,,,,
06866969,,hội pháp sư,3,Anime,hội pháp sư,6,Anime,No,Unchanged,Unchanged,,,,,,,,,
06872406,,hanh,2,Khác,no,2,Khác,Yes,Unchanged,Unchanged,,,,,,,,,
06882112,,hero tim,5,Khác,anh em theu,3,Khác,Yes,Unchanged,Unchanged,,,,,,,,,
06886634,,hoi p,4,Khác,chuyen s,11,Khác,Yes,Unchanged,Unchanged,,,,,,,,,
06889820,,khoảng khắc bắt đầu,2,Khác,điên thì có làm sao,2,Khác,Yes,Unchanged,Unchanged,,,,,,,,,
1008108,,yêu dấu của chúng ta,2,Khác,dien thi co sao,2,Phim Hàn Quốc,Yes,Changed,Khác -> Phim Hàn Quốc,,,,,,,,,
103638,,read,5,Khác,minio,2,Khác,Yes,Unchanged,Unchanged,,,,,,,,,
105435,,lucy,2,Phim chiếu rạp / Hành động,2in4,6,Khác,Yes,Changed,Phim chiếu rạp / Hành động -> Khác,,,,,,,,,
1207343,,attack on titan final season,2,Anime,sex,2,Nhạy cảm,Yes,Changed,Anime -> Nhạy cảm,,,,,,,,,
123940,,eve,4,Phim Hàn Quốc,street man fighter,2,Chương trình Hàn Quốc,Yes,Changed,Phim Hàn Quốc -> Chương trình Hàn Quốc,,,,,,,,,
1314878,,liên minh công lý phiên bản của zack snyder,3,phiên bản của zack snyder : Phim chiếu rạp / Siêu anh hùng,liên minh công lý phiên bản của zack snyder,2,phiên bản của zack snyder : Phim chiếu rạp / Siêu anh hùng,No,Unchanged,Unchanged,,,,,,,,,
1360046,,again my life,4,Phim Hàn Quốc,hotel del luna,2,Khác,Yes,Changed,Phim Hàn Quốc -> Khác,,,,,,,,,
1560779,,kimetsu no yaiba,3,Anime,one punch man,3,Anime,Yes,Unchanged,Unchanged,,,,,,,,,
1580861,,lấy danh nghĩa người nhà,5,Phim Trung Quốc,bác sĩ yo han,3,Phim Hàn Quốc,Yes,Changed,Phim Trung Quốc -> Phim Hàn Quốc,,,,,,,,,
1617148,,trữ tình,8,Âm nhạc,vinahouse,3,Khác,Yes,Changed,Âm nhạc -> Khác,,,,,,,,,
1634542,,con tim sắt đá,2,Phim Thái Lan,cô vợ bắt buộc,2,Phim Thái Lan,Yes,Unchanged,Unchanged,,,,,,,,,
1852668,,naruto,2,Anime,chúng ta hẹn hò đi,2,Khác,Yes,Changed,Anime -> Khác,,,,,,,,,
1891112,,công chúa aroha,2,Khác,phim tình hà xán lạng,3,Phim Trung Quốc,Yes,Changed,Khác -> Phim Trung Quốc,,,,,,,,,
2008449,,một con vịt,8,Âm nhạc thiếu nhi,một con vịt,2,Âm nhạc thiếu nhi,No,Unchanged,Unchanged,,,,,,,,,
2267620,,au trung tinh nghich,2,Phim hoạt hình,com nguoi,2,Khác,Yes,Changed,Phim hoạt hình -> Khác,,,,,,,,,
2400956,,miễn bầu trời còn có mặt trời,2,Phim Thái Lan,đại kê chạy đi,2,Khác,Yes,Changed,Phim Thái Lan -> Khác,,,,,,,,,
2405513,,yeu tr,5,Khác,yeu tun,2,Khác,Yes,Unchanged,Unchanged,,,,,,,,,
2546112,,kẻ sát nhân,2,Khác,lời cầu,2,Khác,Yes,Unchanged,Unchanged,,,,,,,,,
2659840,,to tinh hoan my,3,Khác,ben 10,2,Khác,Yes,Unchanged,Unchanged,,,,,,,,,
272160,,chú chuột siêu quậy,2,Khác,prime provider,7,Khác,Yes,Unchanged,Unchanged,,,,,,,,,
2782576,,be mbitious,2,Chương trình Hàn Quốc,bước đường cùng,2,Phim Trung Quốc,Yes,Changed,Chương trình Hàn Quốc -> Phim Trung Quốc,,,,,,,,,
2822369,,yêu không kiểm soát,2,Phim Hàn Quốc,thiên nga bóng đêm,2,Phim Hàn Quốc,Yes,Unchanged,Unchanged,,,,,,,,,
282818,,trữ tình,3,Âm nhạc,trữ tình,2,Âm nhạc,No,Unchanged,Unchanged,,,,,,,,,
2874424,,thử thách thần tượng,4,Chương trình truyền hình,thử thách thần tượng,2,Chương trình truyền hình,No,Unchanged,Unchanged,,,,,,,,,
2876624,,bằng chứng thép 3,3,Phim Hồng Kông,mị nguyệt truyện,2,Phim Trung Quốc,Yes,Changed,Phim Hồng Kông -> Phim Trung Quốc,,,,,,,,,
2933524,,running man,2,Chương trình truyền hình,running man,2,Chương trình truyền hình,No,Unchanged,Unchanged,,,,,,,,,
312456,,phim man,2,Khác,chho dom,2,Khác,Yes,Unchanged,Unchanged,,,,,,,,,
3238850,,kime,2,Anime,fairy tail season 2,3,Anime,Yes,Unchanged,Unchanged,,,,,,,,,
3243443,,tiểu nữ hoa bất khí,3,Khác,làm sao boss lại làm sao nữa,2,Phim Trung Quốc,Yes,Changed,Khác -> Phim Trung Quốc,,,,,,,,,
3636473,,bắt ma phá án,4,Phim Hàn Quốc,tình yêu từ 0 đến 1,2,Phim Trung Quốc,Yes,Changed,Phim Hàn Quốc -> Phim Trung Quốc,,,,,,,,,
3926588,,running man,2,Chương trình truyền hình,mookda,2,Khác,Yes,Changed,Chương trình truyền hình -> Khác,,,,,,,,,
40066486,,doraremon,2,Khác,tana,2,Khác,Yes,Unchanged,Unchanged,,,,,,,,,
40080326,,7 vi,2,Khác,doraemon,3,Anime,Yes,Changed,Khác -> Anime,,,,,,,,,
40107272,,một con vịt,5,Âm nhạc thiếu nhi,một con vịt,3,Âm nhạc thiếu nhi,No,Unchanged,Unchanged,,,,,,,,,
40111900,,arifureta,3,Khác,lưỡi gươm diệt quỷ,2,Anime,Yes,Changed,Khác -> Anime,,,,,,,,,
40200501,,tôi thấy hoa vàng trên cỏ xanh,2,Phim Việt Nam,tấm cám chuyện chưa kể,3,chuyện chưa kể : Phim Việt Nam,Yes,Changed,Phim Việt Nam -> chuyện chưa kể : Phim Việt Nam,,,,,,,,,
40243986,,thiếu nhi,3,Tìm kiếm chung,paw patrol,2,Phim hoạt hình,Yes,Changed,Tìm kiếm chung -> Phim hoạt hình,,,,,,,,,
40264146,,học viện anh hùng phần 3,3,Anime,horimiya,2,Anime,Yes,Unchanged,Unchanged,,,,,,,,,
40354370,,sword a,4,Anime,arifu,6,Khác,Yes,Changed,Anime -> Khác,,,,,,,,,
40372651,,tuyển tập phim ngắn việt nam,4,phim ngắn việt nam : Phim Việt Nam,tiếng việt lớp 2 chương trình cũ,2,Khác,Yes,Changed,phim ngắn việt nam : Phim Việt Nam -> Khác,,,,,,,,,
40411371,,dưới lớp vỏ bọc,2,Khác,mặt trăng ôm mặt trời,7,Phim Hàn Quốc,Yes,Changed,Khác -> Phim Hàn Quốc,,,,,,,,,
40449098,,mắt nai ơi,2,Khác,bèo dạt mây trôi,4,Khác,Yes,Unchanged,Unchanged,,,,,,,,,
40509770,,bạn trai tôi là hồ ly,2,Phim Hàn Quốc,bạn trai tôi là hồ ly,4,Phim Hàn Quốc,No,Unchanged,Unchanged,,,,,,,,,
40541348,,cả thế giới đều không bằng em,2,Phim Trung Quốc,cẩm y chi hạ,4,Phim Trung Quốc,Yes,Unchanged,Unchanged,,,,,,,,,
40593461,,open reformed,5,Khác,mở cải lương,2,Âm nhạc,Yes,Changed,Khác -> Âm nhạc,,,,,,,,,
40667997,,công chúa o,2,Khác,thượng thu,2,Khác,Yes,Unchanged,Unchanged,,,,,,,,,
40704333,,na tra ma đồng giáng thế,7,ma đồng giáng thế : Phim hoạt hình,beyblade burst,2,Khác,Yes,Changed,ma đồng giáng thế : Phim hoạt hình -> Khác,,,,,,,,,
40709508,,video xem hài bình trọng,4,Khác,video xem hài bình trọng,3,Khác,No,Unchanged,Unchanged,,,,,,,,,
40750909,,cá mực hầm mật,2,Phim Trung Quốc,định mệnh anh yêu em,2,Phim Đài Loan,Yes,Changed,Phim Trung Quốc -> Phim Đài Loan,,,,,,,,,
40774920,,boruto naruto the movie,2,Anime,boruto naruto the movie,4,Anime,No,Unchanged,Unchanged,,,,,,,,,
40810265,,bolero,3,Âm nhạc,bolero,6,Âm nhạc,No,Unchanged,Unchanged,,,,,,,,,
4091539,,bolero,12,Âm nhạc,bolero,12,Âm nhạc,No,Unchanged,Unchanged,,,,,,,,,
41093030,,cô vợ bắt buộc,2,Phim Thái Lan,minh châu rực rỡ,2,Phim Thái Lan,Yes,Unchanged,Unchanged,,,,,,,,,
41116492,,bằng chứng thép,2,Phim Hồng Kông,yêu tinh,3,Phim Hàn Quốc,Yes,Changed,Phim Hồng Kông -> Phim Hàn Quốc,,,,,,,,,
41134141,,siêu nhân,2,Phim hoạt hình,khủng long nhiều màu,2,Động vật,Yes,Changed,Phim hoạt hình -> Động vật,,,,,,,,,
41134655,,chuyến đi sinh tử,3,Khác,ecchi,2,Khác,Yes,Unchanged,Unchanged,,,,,,,,,
41146421,,trữ tình,5,Âm nhạc,trữ tình,5,Âm nhạc,No,Unchanged,Unchanged,,,,,,,,,
41186853,,châu tinh trì phủ nhận yêu người đẹp kém 42 tuổi,3,Tìm kiếm chung / Tin tức giải trí,siêu nhân,2,Phim hoạt hình,Yes,Changed,Tìm kiếm chung / Tin tức giải trí -> Phim hoạt hình,,,,,,,,,
41217338,,thử thách thần chết giữa hai thế giới,8,giữa hai thế giới : Phim chiếu rạp / Giả tưởng,thử thách thần tượng running man,2,Chương trình truyền hình,Yes,Changed,giữa hai thế giới : Phim chiếu rạp / Giả tưởng -> Chương trình truyền hình,,,,,,,,,
41220484,,phim truyện thái lan miễn bầu trời còn có mặt trời trọn bộ,2,Phim Thái Lan,phim truyện hàn quốc nữ công tố viên sành điệu,5,Khác,Yes,Changed,Phim Thái Lan -> Khác,,,,,,,,,
41240098,,lê hấp đường phèn,2,Phim Trung Quốc,anh chỉ thích em,2,Khác,Yes,Changed,Phim Trung Quốc -> Khác,,,,,,,,,
4124455,,inuyasha,3,Anime,cẩm y chi hạ,2,Phim Trung Quốc,Yes,Changed,Anime -> Phim Trung Quốc,,,,,,,,,
41246857,,boruto naruto the movie,6,Anime,pokémon thám tử pikachu,2,Anime,Yes,Unchanged,Unchanged,,,,,,,,,
41260029,,trữ tình,6,Âm nhạc,sống,5,Khác,Yes,Changed,Âm nhạc -> Khác,,,,,,,,,
41319033,,sakura,3,Khác,hoi,18,Khác,Yes,Unchanged,Unchanged,,,,,,,,,
41373326,,the doll,3,Khác,một con vịt,4,Âm nhạc thiếu nhi,Yes,Changed,Khác -> Âm nhạc thiếu nhi,,,,,,,,,
41406354,,titan,3,Anime,những câu chuyện kinh dị của ito,2,Khác,Yes,Changed,Anime -> Khác,,,,,,,,,
41467327,,mở htv7,6,Khác,mở htv7,5,Khác,No,Unchanged,Unchanged,,,,,,,,,
41540575,,quy tắc của quý cô,3,Khác,người đàm phán,2,Phim Trung Quốc,Yes,Changed,Khác -> Phim Trung Quốc,,,,,,,,,
41693461,,tloo,2,Khác,one punch man,2,Anime,Yes,Changed,Khác -> Anime,,,,,,,,,
41727724,,mouse,2,Phim Hàn Quốc,bleach,3,Anime,Yes,Changed,Phim Hàn Quốc -> Anime,,,,,,,,,
41754081,,bien thanh lang tu,4,Khác,than,2,Khác,Yes,Unchanged,Unchanged,,,,,,,,,
41775430,,superman red son,5,Khác,superman red son,4,Khác,No,Unchanged,Unchanged,,,,,,,,,
41865261,,thế giới động vật,5,Tìm kiếm chung / Tài liệu,thế giới động vật,4,Tìm kiếm chung / Tài liệu,No,Unchanged,Unchanged,,,,,,,,,
41867446,,siêu nhân,2,Phim hoạt hình,siêu nhân,3,Phim hoạt hình,No,Unchanged,Unchanged,,,,,,,,,
41873913,,nữ thanh tra tài ba,2,Phim Hàn Quốc,thanh lạc,2,Phim Trung Quốc,Yes,Changed,Phim Hàn Quốc -> Phim Trung Quốc,,,,,,,,,
41916698,,siêu nhân,4,Phim hoạt hình,50 50,2,Khác,Yes,Changed,Phim hoạt hình -> Khác,,,,,,,,,
41927006,,nhạc remix,6,Khác,nhạc remix,3,Khác,No,Unchanged,Unchanged,,,,,,,,,
41967501,,boruto naruto the movie,4,Anime,boruto naruto the movie,3,Anime,No,Unchanged,Unchanged,,,,,,,,,
4198511,,fan,2,Khác,bac si xu la,2,Y khoa,Yes,Changed,Khác -> Y khoa,,,,,,,,,
41988693,,trả thù,5,Khác,siêu nhân,2,Phim hoạt hình,Yes,Changed,Khác -> Phim hoạt hình,,,,,,,,,
42000571,,ca nhạc,3,Âm nhạc,ca nhạc,2,Âm nhạc,No,Unchanged,Unchanged,,,,,,,,,
42000910,,siêu nhân,8,Phim hoạt hình,siêu nhân,6,Phim hoạt hình,No,Unchanged,Unchanged,,,,,,,,,
42006252,,lửa chiến,2,Khác,cậu bé ma,2,Tâm linh,Yes,Changed,Khác -> Tâm linh,,,,,,,,,
42030531,,nửa hiệp cơ trí,2,Khác,anme,9,Khác,Yes,Unchanged,Unchanged,,,,,,,,,
42063880,,penthouse 2,3,Phim Hàn Quốc,rung dong,2,Khác,Yes,Changed,Phim Hàn Quốc -> Khác,,,,,,,,,
42079142,,fairy tail,2,Anime,vẻ đẹp đích thực,7,Phim Hàn Quốc,Yes,Changed,Anime -> Phim Hàn Quốc,,,,,,,,,
42097491,,hoa du ký,2,Phim Hàn Quốc,the good doctor season 4,2,Khác,Yes,Changed,Phim Hàn Quốc -> Khác,,,,,,,,,
42118179,,gấu boonie robo rumble,2,Khác,lucy,10,Phim chiếu rạp / Hành động,Yes,Changed,Khác -> Phim chiếu rạp / Hành động,,,,,,,,,
42151187,,baby shark,6,Âm nhạc thiếu nhi,baby shark,3,Âm nhạc thiếu nhi,No,Unchanged,Unchanged,,,,,,,,,
42158800,,thiếu nhi,11,Tìm kiếm chung,thiếu nhi,3,Tìm kiếm chung,No,Unchanged,Unchanged,,,,,,,,,
42181338,,bạch phát vương phi,3,Phim Trung Quốc,tư đằng,2,Phim Trung Quốc,Yes,Unchanged,Unchanged,,,,,,,,,
42193443,,bolero,8,Âm nhạc,bolero,4,Âm nhạc,No,Unchanged,Unchanged,,,,,,,,,
42196243,,cao bồi,6,Khác,cao bồi,3,Khác,No,Unchanged,Unchanged,,,,,,,,,
42205980,,one p,9,Khác,one p,4,Khác,No,Unchanged,Unchanged,,,,,,,,,
42229487,,link,2,Khác,dear m,2,Khác,Yes,Unchanged,Unchanged,,,,,,,,,
42230116,,hài hoài linh,6,Tìm kiếm chung,thế giới hoạt hình,8,Khác,Yes,Changed,Tìm kiếm chung -> Khác,,,,,,,,,
42235200,,chiêu diêu,2,Phim Trung Quốc,thiên vũ kỷ,2,Khác,Yes,Changed,Phim Trung Quốc -> Khác,,,,,,,,,
42244212,,city hunter,2,Khác,eve,5,Phim Hàn Quốc,Yes,Changed,Khác -> Phim Hàn Quốc,,,,,,,,,
42261320,,chú thuật hồi chiến,3,Anime,sự trỗi dậy của khiên hiệp sĩ,7,Anime,Yes,Unchanged,Unchanged,,,,,,,,,
42281969,,liên minh công lý phiên bản của zack snyder,3,phiên bản của zack snyder : Phim chiếu rạp / Siêu anh hùng,liên minh công lý phiên bản của zack snyder,2,phiên bản của zack snyder : Phim chiếu rạp / Siêu anh hùng,No,Unchanged,Unchanged,,,,,,,,,
42391713,,chuyện kinh dị lúc nửa đêm,2,Khác,lưỡi gươm diệt quỷ,2,Anime,Yes,Changed,Khác -> Anime,,,,,,,,,
42396860,,thiếu nhi,6,Tìm kiếm chung,godzilla,12,Phim chiếu rạp,Yes,Changed,Tìm kiếm chung -> Phim chiếu rạp,,,,,,,,,
42403814,,toán lớp 2 chương trình cũ,2,Tìm kiếm chung / Học tập,toán lớp 2 chương trình cũ,4,Tìm kiếm chung / Học tập,No,Unchanged,Unchanged,,,,,,,,,
42417007,,co n,2,Khác,em mim,8,Khác,Yes,Unchanged,Unchanged,,,,,,,,,
42417233,,cách niệm phật như thế nào,2,Khác,chú đại bi đọc tại,3,Khác,Yes,Unchanged,Unchanged,,,,,,,,,
42426049,,nhất dạ tân nương 2,3,Phim Trung Quốc,vô tình nhặt được tổng tài,2,Phim Trung Quốc,Yes,Unchanged,Unchanged,,,,,,,,,
42426141,,the gioi hop nhat,8,Khác,thanh xuân vật vã,2,Phim Hàn Quốc,Yes,Changed,Khác -> Phim Hàn Quốc,,,,,,,,,
42452077,,lucy,10,Phim chiếu rạp / Hành động,lucy,6,Phim chiếu rạp / Hành động,No,Unchanged,Unchanged,,,,,,,,,
42467152,,xưa,2,Khác,taxi em tên gì,2,Phim Việt Nam,Yes,Changed,Khác -> Phim Việt Nam,,,,,,,,,
42476037,,huyn bin,2,Khác,bên nhau trọn đời,2,Phim Trung Quốc,Yes,Changed,Khác -> Phim Trung Quốc,,,,,,,,,
42487634,,phim bom tan my,3,Khác,lam vlog,3,Khác,Yes,Unchanged,Unchanged,,,,,,,,,
42491920,,học viện cảnh sát,4,Phim Hàn Quốc,hài kiều oanh,2,Khác,Yes,Changed,Phim Hàn Quốc -> Khác,,,,,,,,,
42515553,,bầu trời rực đỏ,3,Phim Hàn Quốc,khách sạn ma quái,5,Phim Hàn Quốc,Yes,Unchanged,Unchanged,,,,,,,,,
42537161,,thiên nga bóng đêm,3,Phim Hàn Quốc,bẫy tình yêu,2,Khác,Yes,Changed,Phim Hàn Quốc -> Khác,,,,,,,,,
42568591,,nếu em bình an đó mới là ngày đẹp trời,13,Phim Trung Quốc,cả thế giới đều không bằng em,5,Phim Trung Quốc,Yes,Unchanged,Unchanged,,,,,,,,,
42574165,,siêu nhân,25,Phim hoạt hình,siêu nhân,2,Phim hoạt hình,No,Unchanged,Unchanged,,,,,,,,,
42616568,,liên minh công lý phiên bản của zack snyder,5,phiên bản của zack snyder : Phim chiếu rạp / Siêu anh hùng,liên minh công lý phiên bản của zack snyder,5,phiên bản của zack snyder : Phim chiếu rạp / Siêu anh hùng,No,Unchanged,Unchanged,,,,,,,,,
42624938,,jujutsu kaisen,2,Anime,võ tắc thiên,7,Phim Trung Quốc,Yes,Changed,Anime -> Phim Trung Quốc,,,,,,,,,
42625949,,hội pháp sư,20,Anime,hội pháp sư 2,11,Anime,Yes,Unchanged,Unchanged,,,,,,,,,
42631407,,naruto,2,Anime,học viện anh hùng phần 1,2,Anime,Yes,Unchanged,Unchanged,,,,,,,,,
42655004,,liên minh công lý phiên bản của zack snyder,2,phiên bản của zack snyder : Phim chiếu rạp / Siêu anh hùng,doraemon,2,Anime,Yes,Changed,phiên bản của zack snyder : Phim chiếu rạp / Siêu anh hùng -> Anime,,,,,,,,,
42661206,,sống,2,Khác,nhạc vàng remix,3,Khác,Yes,Unchanged,Unchanged,,,,,,,,,
42673964,,sống quan họ bắc ninh,2,Khác,quảng bình quê ta ơi,2,Khác,Yes,Unchanged,Unchanged,,,,,,,,,
42682449,,chàng hậu,23,Phim Hàn Quốc,cuộc chiến,21,Khác,Yes,Changed,Phim Hàn Quốc -> Khác,,,,,,,,,
42737484,,again my life,2,Phim Hàn Quốc,clarita,6,Khác,Yes,Changed,Phim Hàn Quốc -> Khác,,,,,,,,,
42760957,,quy ong,10,Khác,itaewon,2,Khác,Yes,Unchanged,Unchanged,,,,,,,,,
42810184,,ma tốc độ,6,Phim chiếu rạp,karaoke để trả lời một câu hỏi,2,Âm nhạc,Yes,Changed,Phim chiếu rạp -> Âm nhạc,,,,,,,,,
42847912,,boruto naruto the movie,4,Anime,lucy,2,Phim chiếu rạp / Hành động,Yes,Changed,Anime -> Phim chiếu rạp / Hành động,,,,,,,,,
42859072,,thánh ca mùa chay,2,Khác,thánh ca mùa chay,4,Khác,No,Unchanged,Unchanged,,,,,,,,,
42866130,,paw patrol 4,4,Phim hoạt hình,paw patrol 4,5,Phim hoạt hình,No,Unchanged,Unchanged,,,,,,,,,
42872620,,bolero,34,Âm nhạc,bolero,28,Âm nhạc,No,Unchanged,Unchanged,,,,,,,,,
42894256,,mẹ ma,2,Phim chiếu rạp / Kinh dị,siêu nhân,2,Phim hoạt hình,Yes,Changed,Phim chiếu rạp / Kinh dị -> Phim hoạt hình,,,,,,,,,
42895015,,lưu ly mỹ nhân sát,2,Phim Trung Quốc,thanh lạc,2,Phim Trung Quốc,Yes,Unchanged,Unchanged,,,,,,,,,
42921831,,liên minh công lý phiên bản của zack snyder,2,phiên bản của zack snyder : Phim chiếu rạp / Siêu anh hùng,liên minh công lý phiên bản của zack snyder,5,phiên bản của zack snyder : Phim chiếu rạp / Siêu anh hùng,No,Unchanged,Unchanged,,,,,,,,,
42954086,,giai bong chuyen quoc gia 2022,3,Khác,danh trao danh phan,3,Khác,Yes,Unchanged,Unchanged,,,,,,,,,
42970812,,bolero,4,Âm nhạc,bolero,6,Âm nhạc,No,Unchanged,Unchanged,,,,,,,,,
42986641,,tìm kiếm bằng giọng nói,2,Tìm kiếm chung / Chức năng,kimetsu no yaiba,2,Anime,Yes,Changed,Tìm kiếm chung / Chức năng -> Anime,,,,,,,,,
42997455,,thiếu nhi,2,Tìm kiếm chung,thiếu nhi,7,Tìm kiếm chung,No,Unchanged,Unchanged,,,,,,,,,
43024658,,người đẹp và quái vật,2,Khác,hậu duệ mặt trời,2,Phim Hàn Quốc,Yes,Changed,Khác -> Phim Hàn Quốc,,,,,,,,,
4306068,,cô nàng trong trắng oh woo ri,2,Phim Hàn Quốc,tình yêu,3,Khác,Yes,Changed,Phim Hàn Quốc -> Khác,,,,,,,,,
43138692,,người nhện,7,không còn nhà : Phim chiếu rạp / Siêu anh hùng,người nhện,4,không còn nhà : Phim chiếu rạp / Siêu anh hùng,No,Unchanged,Unchanged,,,,,,,,,
43160845,,hote,2,Khác,fairy tail season 2,2,Anime,Yes,Changed,Khác -> Anime,,,,,,,,,
43219560,,phàm nhân tu tiên,5,Phim hoạt hình 3D Trung Quốc,phàm nhân tu tiên phần 2,2,Phim hoạt hình 3D Trung Quốc,Yes,Unchanged,Unchanged,,,,,,,,,
43290292,,pent,7,Khác,kẻ trộm mặt trăng minions,2,minions : Phim hoạt hình,Yes,Changed,Khác -> minions : Phim hoạt hình,,,,,,,,,
43291402,,tìm kiếm bằng giọng nói,2,Tìm kiếm chung / Chức năng,tìm kiếm bằng giọng nói,3,Tìm kiếm chung / Chức năng,No,Unchanged,Unchanged,,,,,,,,,
4330397,,fruit,3,Khác,lua tinh,2,Khác,Yes,Unchanged,Unchanged,,,,,,,,,
43526986,,the red sleeve cuff,2,Khác,lưỡi gươm diệt quỷ,2,Anime,Yes,Changed,Khác -> Anime,,,,,,,,,
43687813,,attack on titan,5,Anime,sword art online,2,alicization : Anime,Yes,Changed,Anime -> alicization : Anime,,,,,,,,,
43719688,,10 năm 3 tháng 30 ngày,2,Phim Trung Quốc,cô nàng xinh đẹp,2,Phim Hàn Quốc,Yes,Changed,Phim Trung Quốc -> Phim Hàn Quốc,,,,,,,,,
43726152,,vương giả thiên hạ,2,Anime,soma,2,Anime,Yes,Unchanged,Unchanged,,,,,,,,,
4382781,,youtube,6,Nền tảng,pig,2,Động vật,Yes,Changed,Nền tảng -> Động vật,,,,,,,,,
43898270,,thanh xuân,2,Khác,em đẹp nhất là khi mỉm cười,2,Phim Trung Quốc,Yes,Changed,Khác -> Phim Trung Quốc,,,,,,,,,
43928612,,hội pháp sư,3,Anime,hội pháp sư,10,Anime,No,Unchanged,Unchanged,,,,,,,,,
43931963,,great dance crew,2,Khác,lan quế phường,2,Khác,Yes,Unchanged,Unchanged,,,,,,,,,
43998762,,prime provider,13,Khác,boruto naruto the movie,2,Anime,Yes,Changed,Khác -> Anime,,,,,,,,,
43999023,,hon ca,2,Khác,dinh men,3,Khác,Yes,Unchanged,Unchanged,,,,,,,,,
44003640,,siêu nhân,3,Phim hoạt hình,siêu nhân,3,Phim hoạt hình,No,Unchanged,Unchanged,,,,,,,,,
44074316,,chu thu,2,Khác,loi noi,2,Khác,Yes,Unchanged,Unchanged,,,,,,,,,
44100744,,liên khúc nhạc vàng,4,Âm nhạc,liên khúc nhạc vàng,7,Âm nhạc,No,Unchanged,Unchanged,,,,,,,,,
44104504,,sao băng,2,Khác,tìm kiếm bằng giọng nói,3,Tìm kiếm chung / Chức năng,Yes,Changed,Khác -> Tìm kiếm chung / Chức năng,,,,,,,,,
44110503,,fairy tail,5,Anime,prime provider,3,Khác,Yes,Changed,Anime -> Khác,,,,,,,,,
44112569,,lòng trung thành,2,Khác,paw patrol,2,Phim hoạt hình,Yes,Changed,Khác -> Phim hoạt hình,,,,,,,,,
44117981,,thiếu niên ninja rùa đột biến,4,Phim hoạt hình,vô ảnh,3,Khác,Yes,Changed,Phim hoạt hình -> Khác,,,,,,,,,
44150832,,fairy tail,2,Anime,fairy tail,4,Anime,No,Unchanged,Unchanged,,,,,,,,,
44169868,,thiếu nhi,10,Tìm kiếm chung,thiếu nhi,13,Tìm kiếm chung,No,Unchanged,Unchanged,,,,,,,,,
44185316,,bạn gái tôi là hồ ly thuyết minh,2,Khác,luật sư kỳ lạ woo yuong,2,Khác,Yes,Unchanged,Unchanged,,,,,,,,,
44195038,,chip,2,Khác,thieu,4,Khác,Yes,Unchanged,Unchanged,,,,,,,,,
44231702,,mùahèyêudấu,2,Khác,bác sĩ,2,Y khoa,Yes,Changed,Khác -> Y khoa,,,,,,,,,
44250937,,bạn trai tôi là hồ ly,2,Phim Hàn Quốc,con tim sắt đá,2,Phim Thái Lan,Yes,Changed,Phim Hàn Quốc -> Phim Thái Lan,,,,,,,,,
44252522,,titan,2,Anime,run ning man,3,Khác,Yes,Changed,Anime -> Khác,,,,,,,,,
44263332,,thả thin thiên hạ,2,Khác,em là niềm kiêu hãnh của anh,2,Khác,Yes,Unchanged,Unchanged,,,,,,,,,
44298303,,thủy hử,2,Khác,lý tiểu long và tôi,2,Phim ảnh,Yes,Changed,Khác -> Phim ảnh,,,,,,,,,
44377579,,jujutsu kaisen,13,Anime,jujutsu kaisen,9,Anime,No,Unchanged,Unchanged,,,,,,,,,
44452950,,trữ tình,5,Âm nhạc,trữ tình,8,Âm nhạc,No,Unchanged,Unchanged,,,,,,,,,
4446724,,đời một người con gái,2,Khác,sức khỏe mỗi ngày,3,Khác,Yes,Unchanged,Unchanged,,,,,,,,,
44512029,,doremon,2,Anime,kênh vtv1,2,Kênh truyền hình,Yes,Changed,Anime -> Kênh truyền hình,,,,,,,,,
4453110,,mở cá,16,Khác,mở cá voi,7,Khác,Yes,Unchanged,Unchanged,,,,,,,,,
44542644,,lê hấp đường phèn,2,Phim Trung Quốc,thử thách thần tượng running man,2,Chương trình truyền hình,Yes,Changed,Phim Trung Quốc -> Chương trình truyền hình,,,,,,,,,
44571173,,one piece phim,3,phim : Anime,one piece phim,2,phim : Anime,No,Unchanged,Unchanged,,,,,,,,,
44571494,,baifern,2,Khác,dear m,2,Khác,Yes,Unchanged,Unchanged,,,,,,,,,
44592482,,bạch phát vương phi,7,Phim Trung Quốc,bắt ma phá án,5,Phim Hàn Quốc,Yes,Changed,Phim Trung Quốc -> Phim Hàn Quốc,,,,,,,,,
4461013,,cccggggg,7,Khác,liên minh công lý phiên bản của zack snyder,2,phiên bản của zack snyder : Phim chiếu rạp / Siêu anh hùng,Yes,Changed,Khác -> phiên bản của zack snyder : Phim chiếu rạp / Siêu anh hùng,,,,,,,,,
44646598,,thanh gươm diệt quỷ phần kỹ viện trấn,5,Anime,thanh gươm diệt quỷ phần kỹ viện trấn,8,Anime,No,Unchanged,Unchanged,,,,,,,,,
44648025,,mien bầu troi con co mat ctr,2,Khác,the gáng,2,Khác,Yes,Unchanged,Unchanged,,,,,,,,,
44662454,,lửa chiến,2,Khác,lửa chiến,2,Khác,No,Unchanged,Unchanged,,,,,,,,,
44710579,,true beauty,2,Phim Hàn Quốc,eve,2,Phim Hàn Quốc,Yes,Unchanged,Unchanged,,,,,,,,,
44740629,,nguyen l,6,Khác,obito,5,Khác,Yes,Unchanged,Unchanged,,,,,,,,,
44801439,,liên minh công lý phiên bản của zack snyder,3,phiên bản của zack snyder : Phim chiếu rạp / Siêu anh hùng,nhạc thiếu nhi hay và ý nghĩa,2,Tìm kiếm chung,Yes,Changed,phiên bản của zack snyder : Phim chiếu rạp / Siêu anh hùng -> Tìm kiếm chung,,,,,,,,,
44802113,,hội pháp sư,6,Anime,anna,2,Phim Hàn Quốc,Yes,Changed,Anime -> Phim Hàn Quốc,,,,,,,,,
44807263,,penthouse 1,2,Phim Hàn Quốc,cuộc chiến thượng lưu 3,3,Phim Hàn Quốc,Yes,Unchanged,Unchanged,,,,,,,,,
44811547,,sửu phi giá đáo,2,Phim Trung Quốc,thử thách thần tượng running man,2,Chương trình truyền hình,Yes,Changed,Phim Trung Quốc -> Chương trình truyền hình,,,,,,,,,
44820672,,lấy danh nghĩa người nhà,6,Phim Trung Quốc,goblin,4,Phim Hàn Quốc,Yes,Changed,Phim Trung Quốc -> Phim Hàn Quốc,,,,,,,,,
44845341,,hội pháp sư phần cuối,13,Anime,tái sinh báo thù,9,Phim ảnh,Yes,Changed,Anime -> Phim ảnh,,,,,,,,,
44858337,,penthouse 2,2,Phim Hàn Quốc,penthouse 2,2,Phim Hàn Quốc,No,Unchanged,Unchanged,,,,,,,,,
44896916,,kimetsu no yaiba,4,Anime,kime,4,Anime,Yes,Unchanged,Unchanged,,,,,,,,,
44901844,,gió về miền xuôi,2,Khác,dị biến,2,Khác,Yes,Unchanged,Unchanged,,,,,,,,,
45009060,,mặt nạ thủy tinh,2,Khác,kẻ truyền thừa,2,Phim chiếu rạp,Yes,Changed,Khác -> Phim chiếu rạp,,,,,,,,,
45094609,,mây họa ánh trăng,2,Phim Hàn Quốc,van menh dieu ki,2,Khác,Yes,Changed,Phim Hàn Quốc -> Khác,,,,,,,,,
4512556,,diên hy công lược,3,Phim Trung Quốc,minh lan truyện,5,Phim Trung Quốc,Yes,Unchanged,Unchanged,,,,,,,,,
45158189,,jujutsu kaisen,5,Anime,học viện anh hùng phần 4,2,Anime,Yes,Unchanged,Unchanged,,,,,,,,,
45199558,,trường học cướp biển,3,Khác,hồi ký van,4,Khác,Yes,Unchanged,Unchanged,,,,,,,,,
45223741,,truy tìm,2,Khác,xì trum ngôi làng kỳ bí,2,Khác,Yes,Unchanged,Unchanged,,,,,,,,,
45251025,,tôi thấy hoa vàng trên cỏ xanh,2,Phim Việt Nam,canhacbelero,3,Khác,Yes,Changed,Phim Việt Nam -> Khác,,,,,,,,,
45305246,,hội pháp sư phần cuối,12,Anime,hội pháp sư 2,3,Anime,Yes,Unchanged,Unchanged,,,,,,,,,
45333839,,tiên nữ cử tạ kim bok joo,2,Phim Hàn Quốc,yêu em từ cái nhìn đầu tiên,2,Phim Trung Quốc,Yes,Changed,Phim Hàn Quốc -> Phim Trung Quốc,,,,,,,,,
45500498,,karaoke remix,2,Âm nhạc,trực tiếp bóng đá u19 việt nam,2,Khác,Yes,Changed,Âm nhạc -> Khác,,,,,,,,,
45614369,,chú thuật hồi chiến,5,Anime,con tim sắt đá,5,Phim Thái Lan,Yes,Changed,Anime -> Phim Thái Lan,,,,,,,,,
45664320,,cô nàng trong trắng oh woo ri,4,Phim Hàn Quốc,cổ tay áo màu đỏ,2,Phim Hàn Quốc,Yes,Unchanged,Unchanged,,,,,,,,,
45734683,,lại ngứa chân,3,Khác,mặt trăng lưỡi liềm,3,Khác,Yes,Unchanged,Unchanged,,,,,,,,,
45903091,,mở chú đại bi,6,Khác,mở chú đại bi,6,Khác,No,Unchanged,Unchanged,,,,,,,,,
45914904,,anh hùng luận,2,Khác,sao băng,3,Khác,Yes,Unchanged,Unchanged,,,,,,,,,
45972628,,cùng em bay lượn theo gió,3,Phim Trung Quốc,nửa hiệp cơ trí,3,Khác,Yes,Changed,Phim Trung Quốc -> Khác,,,,,,,,,
46150369,,bắt ma phá án,2,Phim Hàn Quốc,tại sao lại là oh soo jae,2,Phim Hàn Quốc,Yes,Unchanged,Unchanged,,,,,,,,,
4623722,,yêu nhầm chị dâu,10,Phim Thái Lan,yêu nhầm chị dâu,10,Phim Thái Lan,No,Unchanged,Unchanged,,,,,,,,,
4628595,,penthouse 2,3,Phim Hàn Quốc,con,2,Khác,Yes,Changed,Phim Hàn Quốc -> Khác,,,,,,,,,
46313013,,cô nàng trong trắng oh woo ri,2,Phim Hàn Quốc,liverpool,2,Khác,Yes,Changed,Phim Hàn Quốc -> Khác,,,,,,,,,
46500861,,aikatsu idol activity part 1,3,Khác,aikatsu idol activity part 2,10,Khác,Yes,Unchanged,Unchanged,,,,,,,,,
46583518,,dt appledog s time,6,Khác,true,3,Khác,Yes,Unchanged,Unchanged,,,,,,,,,
46583765,,phim thái lan sorry tình yêu,2,Phim Thái Lan,phim thái lan khi người đàn ông yêu,2,Phim Thái Lan,Yes,Unchanged,Unchanged,,,,,,,,,
46645369,,running man trung quốc,2,Chương trình truyền hình,chàng hậu,2,Phim Hàn Quốc,Yes,Changed,Chương trình truyền hình -> Phim Hàn Quốc,,,,,,,,,
46678844,,brah,2,Khác,học viện quân sự liệt hỏa,2,Phim Trung Quốc,Yes,Changed,Khác -> Phim Trung Quốc,,,,,,,,,
46974982,,huyen anh,2,Khác,dau huyen anh,2,Khác,Yes,Unchanged,Unchanged,,,,,,,,,
46995018,,bác sĩ luật sư,2,Y khoa,kinnporsche,2,Khác,Yes,Changed,Y khoa -> Khác,,,,,,,,,
47049543,,piano không lời,3,Khác,danny,2,Khác,Yes,Unchanged,Unchanged,,,,,,,,,
47145626,,siêu nhân,2,Phim hoạt hình,lucy,4,Phim chiếu rạp / Hành động,Yes,Changed,Phim hoạt hình -> Phim chiếu rạp / Hành động,,,,,,,,,
47179067,,bolero,2,Âm nhạc,ngôi sao tình yêu,2,Phim Hàn Quốc,Yes,Changed,Âm nhạc -> Phim Hàn Quốc,,,,,,,,,
47201088,,cô dâu,2,Khác,tranh thiên hạ,2,Khác,Yes,Unchanged,Unchanged,,,,,,,,,
47208701,,thiên kim trở về,4,Khác,hoa thiên cốt,2,Phim Trung Quốc,Yes,Changed,Khác -> Phim Trung Quốc,,,,,,,,,
47442997,,một con vịt,3,Âm nhạc thiếu nhi,con cào cào,6,Âm nhạc thiếu nhi,Yes,Unchanged,Unchanged,,,,,,,,,
47520966,,bên nhau trọn đời,3,Phim Trung Quốc,mong hoa luc,2,Phim ảnh,Yes,Changed,Phim Trung Quốc -> Phim ảnh,,,,,,,,,
47573175,,fairy tail,4,Anime,fairy tail,3,Anime,No,Unchanged,Unchanged,,,,,,,,,
47618642,,su tr,4,Khác,su tr,16,Khác,No,Unchanged,Unchanged,,,,,,,,,
47631469,,siêu nhân biến hình,3,Phim hoạt hình,siêu nhân biến hình,4,Phim hoạt hình,No,Unchanged,Unchanged,,,,,,,,,
47633117,,hội pháp sư,6,Anime,hội pháp sư 2,4,Anime,Yes,Unchanged,Unchanged,,,,,,,,,
47675028,,sword art online alicization,4,alicization : Anime,cậu bé người sói,2,Khác,Yes,Changed,alicization : Anime -> Khác,,,,,,,,,
47872149,,yêu thầm anh xã,3,Phim Thái Lan,u19 việt nam u19 brunei xem lại trận đấu u19 đông nam á,2,Khác,Yes,Changed,Phim Thái Lan -> Khác,,,,,,,,,
47931947,,em là thành trì doanh lũy của anh,3,Phim Trung Quốc,trực tiếp bóng đá nữ hôm nay,2,Khác,Yes,Changed,Phim Trung Quốc -> Khác,,,,,,,,,
48022652,,goblin,3,Phim Hàn Quốc,penthouse 2,8,Phim Hàn Quốc,Yes,Unchanged,Unchanged,,,,,,,,,
48164185,,sao băng,3,Khác,tôi và antifan,2,Khác,Yes,Unchanged,Unchanged,,,,,,,,,
48232041,,thiết giáp chi thành,2,Khác,fairy tail,4,Anime,Yes,Changed,Khác -> Anime,,,,,,,,,
48253745,,batman,2,Khác,tìm kiếm bằng giọng nói,2,Tìm kiếm chung / Chức năng,Yes,Changed,Khác -> Tìm kiếm chung / Chức năng,,,,,,,,,
48350102,,kingdom,2,Khác,street,2,Khác,Yes,Unchanged,Unchanged,,,,,,,,,
48427164,,tái sinh báo thù,2,Phim ảnh,lưỡi gươm diệt quỷ,5,Anime,Yes,Changed,Phim ảnh -> Anime,,,,,,,,,
4859472,,itaewon,2,Khác,thử thách thần chết giữa hai thế giới,3,giữa hai thế giới : Phim chiếu rạp / Giả tưởng,Yes,Changed,Khác -> giữa hai thế giới : Phim chiếu rạp / Giả tưởng,,,,,,,,,
48673403,,vì em đã đến,2,Khác,bên a sống ở cạnh nhà tôi,4,Phim Trung Quốc,Yes,Changed,Khác -> Phim Trung Quốc,,,,,,,,,
48674148,,ca nhạc,3,Âm nhạc,siêu người mẫu,2,Khác,Yes,Changed,Âm nhạc -> Khác,,,,,,,,,
48740435,,ngu su,3,Khác,tunnel,2,Khác,Yes,Unchanged,Unchanged,,,,,,,,,
48774523,,boku no hero academia season 5,6,Anime,bok,2,Khác,Yes,Changed,Anime -> Khác,,,,,,,,,
48794192,,bắt ma phá án,3,Phim Hàn Quốc,em gai mien tay karaoke,3,Âm nhạc,Yes,Changed,Phim Hàn Quốc -> Âm nhạc,,,,,,,,,
48869498,,10 n,2,Khác,ke huy diet,2,Khác,Yes,Unchanged,Unchanged,,,,,,,,,
48895375,,slime,3,Khác,kẻ trộm mặt trăng minions,3,minions : Phim hoạt hình,Yes,Changed,Khác -> minions : Phim hoạt hình,,,,,,,,,
48997057,,paw patrol,6,Phim hoạt hình,paw patrol,5,Phim hoạt hình,No,Unchanged,Unchanged,,,,,,,,,
49013412,,con heo đất,2,Âm nhạc thiếu nhi,người đẹp tóc mây,2,Phim hoạt hình,Yes,Changed,Âm nhạc thiếu nhi -> Phim hoạt hình,,,,,,,,,
49035189,,bạn cùng phòng tôi là gumiho,2,Khác,nắm giữ sinh mệnh,3,Phim ảnh,Yes,Changed,Khác -> Phim ảnh,,,,,,,,,
49050191,,co dau tam tu,2,Khác,luu l,8,Khác,Yes,Unchanged,Unchanged,,,,,,,,,
49070553,,liên minh công lý phiên bản của zack snyder,4,phiên bản của zack snyder : Phim chiếu rạp / Siêu anh hùng,liên minh công lý phiên bản của zack snyder,2,phiên bản của zack snyder : Phim chiếu rạp / Siêu anh hùng,No,Unchanged,Unchanged,,,,,,,,,
49087675,,prime provider,4,Khác,lucy,2,Phim chiếu rạp / Hành động,Yes,Changed,Khác -> Phim chiếu rạp / Hành động,,,,,,,,,
49107083,,đấu trường âm nhạc,7,Chương trình truyền hình,đấu trường âm nhạc,2,Chương trình truyền hình,No,Unchanged,Unchanged,,,,,,,,,
49114749,,tottenham,3,Khác,chelsea,2,Khác,Yes,Unchanged,Unchanged,,,,,,,,,
49125708,,siêu nhân,5,Phim hoạt hình,siêu nhân,50,Phim hoạt hình,No,Unchanged,Unchanged,,,,,,,,,
49139380,,bên bờ vực 1,2,Khác,horimiya,2,Anime,Yes,Changed,Khác -> Anime,,,,,,,,,
49159767,,hài hoài linh,3,Tìm kiếm chung,sến,2,Âm nhạc,Yes,Changed,Tìm kiếm chung -> Âm nhạc,,,,,,,,,
49182752,,camera giấu kín,3,Khác,doraemon,2,Anime,Yes,Changed,Khác -> Anime,,,,,,,,,
49191129,,saitama,4,Anime,one punch man,7,Anime,Yes,Unchanged,Unchanged,,,,,,,,,
49196613,,fairy tail,3,Anime,vẻ đẹp đích thực,2,Phim Hàn Quốc,Yes,Changed,Anime -> Phim Hàn Quốc,,,,,,,,,
49196656,,boruto,6,naruto the movie : Anime,haikyuu,2,Anime,Yes,Changed,naruto the movie : Anime -> Anime,,,,,,,,,
49231264,,cuối cùng cũng đến lượt tôi yêu,2,Khác,cô dâu gián điê,2,Khác,Yes,Unchanged,Unchanged,,,,,,,,,
49234456,,mr queen,6,Phim Hàn Quốc,nabi tôi sẽ không yêu em,7,Phim Thái Lan,Yes,Changed,Phim Hàn Quốc -> Phim Thái Lan,,,,,,,,,
49234821,,sao băng,3,Khác,sat thu nhan tao,2,Khác,Yes,Unchanged,Unchanged,,,,,,,,,
49242718,,sự lãng mạn ngọt ngào,2,Khác,cô nàng đầu bếp của tôi,3,Phim Thái Lan,Yes,Changed,Khác -> Phim Thái Lan,,,,,,,,,
49253937,,múa,3,Khác,bolero,4,Âm nhạc,Yes,Changed,Khác -> Âm nhạc,,,,,,,,,
49261479,,pent,24,Khác,pent,4,Khác,No,Unchanged,Unchanged,,,,,,,,,
49267129,,kênh vtv1,7,Kênh truyền hình,kênh vtv1,2,Kênh truyền hình,No,Unchanged,Unchanged,,,,,,,,,
49270709,,hồng kim bảo,3,Khác,hồng kông kỳ án,4,Phim Hồng Kông,Yes,Changed,Khác -> Phim Hồng Kông,,,,,,,,,
49278303,,na tra ma đồng giáng thế,2,ma đồng giáng thế : Phim hoạt hình,true,5,Khác,Yes,Changed,ma đồng giáng thế : Phim hoạt hình -> Khác,,,,,,,,,
49299411,,cùng em đi đến tận cùng thế giới,7,Phim Trung Quốc,vô tình nhặt được tổng tài,3,Phim Trung Quốc,Yes,Unchanged,Unchanged,,,,,,,,,
49300149,,love,2,Khác,nàng bạch tuyết và bảy chú lùn,6,Phim hoạt hình,Yes,Changed,Khác -> Phim hoạt hình,,,,,,,,,
49300388,,yêu nhầm chị dâu,3,Phim Thái Lan,liên minh công lý phiên bản của zack snyder,3,phiên bản của zack snyder : Phim chiếu rạp / Siêu anh hùng,Yes,Changed,Phim Thái Lan -> phiên bản của zack snyder : Phim chiếu rạp / Siêu anh hùng,,,,,,,,,
49311706,,nỗi vương vấn của hạ tiên sinh,3,Phim Trung Quốc,thủ lĩnh thẻ bài,2,Anime,Yes,Changed,Phim Trung Quốc -> Anime,,,,,,,,,
49311963,,mairimashita iruma kun,3,Khác,hoc vien do den,3,Khác,Yes,Unchanged,Unchanged,,,,,,,,,
49340997,,boruto naruto the movie,17,Anime,boruto naruto the movie,25,Anime,No,Unchanged,Unchanged,,,,,,,,,
49349200,,boku no hero academia season 3,4,Anime,boku no hero academia season 4,5,Anime,Yes,Unchanged,Unchanged,,,,,,,,,
49353217,,hoa nở trăng vừa tròn,4,Khác,xin chào tay súng thần,2,Khác,Yes,Unchanged,Unchanged,,,,,,,,,
49362296,,liên minh công lý phiên bản của zack snyder,6,phiên bản của zack snyder : Phim chiếu rạp / Siêu anh hùng,nhanh và nguy hiểm 9,2,Phim chiếu rạp / Hành động,Yes,Changed,phiên bản của zack snyder : Phim chiếu rạp / Siêu anh hùng -> Phim chiếu rạp / Hành động,,,,,,,,,
49368149,,king dom,2,Khác,queendom,2,Chương trình Hàn Quốc,Yes,Changed,Khác -> Chương trình Hàn Quốc,,,,,,,,,
49380841,,aikatsu idol activity part 2,3,Khác,sakura thủ lĩnh thẻ bài,2,Anime,Yes,Changed,Khác -> Anime,,,,,,,,,
49381364,,shoo,7,Khác,yêu tinh,2,Phim Hàn Quốc,Yes,Changed,Khác -> Phim Hàn Quốc,,,,,,,,,
49396541,,mùa hè của hồ ly,4,Phim Trung Quốc,minh châu rực rỡ,2,Phim Thái Lan,Yes,Changed,Phim Trung Quốc -> Phim Thái Lan,,,,,,,,,
49399942,,ngôi sao khoai tây,6,Phim Hàn Quốc,phim tieng thai,2,Khác,Yes,Changed,Phim Hàn Quốc -> Khác,,,,,,,,,
49401280,,nhím sonic,7,Khác,chúa tể godzilla đế vương bất tử,3,Phim chiếu rạp,Yes,Changed,Khác -> Phim chiếu rạp,,,,,,,,,
49473133,,trữ tình,2,Âm nhạc,bolero,6,Âm nhạc,Yes,Unchanged,Unchanged,,,,,,,,,
49474274,,lưỡi gươm diệt quỷ,3,Anime,conan movie,2,Anime,Yes,Unchanged,Unchanged,,,,,,,,,
49478391,,lấy danh nghĩa người nhà,7,Phim Trung Quốc,lưu ly mỹ nhân sát,3,Phim Trung Quốc,Yes,Unchanged,Unchanged,,,,,,,,,
49513272,,liên minh công lý phiên bản của zack snyder,4,phiên bản của zack snyder : Phim chiếu rạp / Siêu anh hùng,liên minh công lý phiên bản của zack snyder,3,phiên bản của zack snyder : Phim chiếu rạp / Siêu anh hùng,No,Unchanged,Unchanged,,,,,,,,,
49513716,,one p,2,Khác,azur,9,Khác,Yes,Unchanged,Unchanged,,,,,,,,,
49640947,,liên minh công lý phiên bản của zack snyder,17,phiên bản của zack snyder : Phim chiếu rạp / Siêu anh hùng,liên minh công lý phiên bản của zack snyder,8,phiên bản của zack snyder : Phim chiếu rạp / Siêu anh hùng,No,Unchanged,Unchanged,,,,,,,,,
49643860,,bắt ma phá án,5,Phim Hàn Quốc,kim bok joo,2,Khác,Yes,Changed,Phim Hàn Quốc -> Khác,,,,,,,,,
49647613,,shooting star,3,Khác,người tình ánh trăng,2,Khác,Yes,Unchanged,Unchanged,,,,,,,,,
49665656,,ponyo,4,Khác,kẻ trộm mặt trăng minions,3,minions : Phim hoạt hình,Yes,Changed,Khác -> minions : Phim hoạt hình,,,,,,,,,
49669616,,one punch man,5,Anime,fairy tail,7,Anime,Yes,Unchanged,Unchanged,,,,,,,,,
49683628,,chu thu,2,Khác,nguyet d,2,Khác,Yes,Unchanged,Unchanged,,,,,,,,,
49688150,,lối ra,2,Khác,lối ra,2,Khác,No,Unchanged,Unchanged,,,,,,,,,
49692330,,phim sex,2,Nhạy cảm,yêu tinh,4,Phim Hàn Quốc,Yes,Changed,Nhạy cảm -> Phim Hàn Quốc,,,,,,,,,
49700201,,hoi p,14,Khác,hentai,6,Nhạy cảm,Yes,Changed,Khác -> Nhạy cảm,,,,,,,,,
49722640,,nhất dạ tân nương,3,Phim Trung Quốc,goblin,2,Phim Hàn Quốc,Yes,Changed,Phim Trung Quốc -> Phim Hàn Quốc,,,,,,,,,
49729470,,song diện thần thám,2,Khác,pháp sư đại tài,2,Khác,Yes,Unchanged,Unchanged,,,,,,,,,
49757340,,toriko,7,Khác,rxby,5,Khác,Yes,Unchanged,Unchanged,,,,,,,,,
49793179,,natsu,6,Khác,mixh,7,Khác,Yes,Unchanged,Unchanged,,,,,,,,,
49817875,,lửa chiến,2,Khác,thiếu nhi,5,Tìm kiếm chung,Yes,Changed,Khác -> Tìm kiếm chung,,,,,,,,,
49830085,,siêu nhân,6,Phim hoạt hình,siêu nhân,4,Phim hoạt hình,No,Unchanged,Unchanged,,,,,,,,,
49835829,,bí mật nơi bóng tối,2,Khác,minh châu rực rỡ,4,Phim Thái Lan,Yes,Changed,Khác -> Phim Thái Lan,,,,,,,,,
4986634,,hậu cung như ý truyện,3,Phim Trung Quốc,hậu cung như ý truyện,4,Phim Trung Quốc,No,Unchanged,Unchanged,,,,,,,,,
49888369,,trữ tình,2,Âm nhạc,trữ tình,2,Âm nhạc,No,Unchanged,Unchanged,,,,,,,,,
49909502,,ma ám,2,Tâm linh,fairy tail final,14,Anime,Yes,Changed,Tâm linh -> Anime,,,,,,,,,
49919353,,nếu em bình an đó mới là ngày đẹp trời,2,Phim Trung Quốc,cuộc chiến thượng lưu 3,2,Phim Hàn Quốc,Yes,Changed,Phim Trung Quốc -> Phim Hàn Quốc,,,,,,,,,
49919829,,lưỡi gươm diệt quỷ,3,Anime,doraemon,2,Anime,Yes,Unchanged,Unchanged,,,,,,,,,
49923598,,maika,3,Phim Việt Nam,lại là em oh,2,Khác,Yes,Changed,Phim Việt Nam -> Khác,,,,,,,,,
49933629,,yêu không kiểm soát,2,Phim Hàn Quốc,thử thách thần tượng,2,Chương trình truyền hình,Yes,Changed,Phim Hàn Quốc -> Chương trình truyền hình,,,,,,,,,
49960234,,doremon,2,Anime,liên minh công lý phiên bản của zack snyder,2,phiên bản của zack snyder : Phim chiếu rạp / Siêu anh hùng,Yes,Changed,Anime -> phiên bản của zack snyder : Phim chiếu rạp / Siêu anh hùng,,,,,,,,,
49979581,,siêu nhân,4,Phim hoạt hình,siêu nhân,2,Phim hoạt hình,No,Unchanged,Unchanged,,,,,,,,,
49982641,,attack on titan season 4,3,Anime,attack on titan,2,Anime,Yes,Unchanged,Unchanged,,,,,,,,,
49994350,,sakura,3,Khác,truong hoc,7,Khác,Yes,Unchanged,Unchanged,,,,,,,,,
49998312,,siêu nhân,2,Phim hoạt hình,siêu nhân,3,Phim hoạt hình,No,Unchanged,Unchanged,,,,,,,,,
5105676,,bí mật không thể yêu đương,2,Khác,anna,2,Phim Hàn Quốc,Yes,Changed,Khác -> Phim Hàn Quốc,,,,,,,,,
5197226,,thẩm phán ác ma,2,Phim Hàn Quốc,flight 7500,3,Khác,Yes,Changed,Phim Hàn Quốc -> Khác,,,,,,,,,
5287643,,tại sao boss lại muốn cưới tôi,2,Khác,thanh thanh tử khâm,3,Phim Trung Quốc,Yes,Changed,Khác -> Phim Trung Quốc,,,,,,,,,
5330817,,khach san ma qu,5,Khác,em là thành trì doanh lũy của anh,3,Phim Trung Quốc,Yes,Changed,Khác -> Phim Trung Quốc,,,,,,,,,
5385873,,cuoc,3,Khác,cuoc,4,Khác,No,Unchanged,Unchanged,,,,,,,,,
5403518,,phim ngu tu tieu ngo tac,2,Khác,đại đường minh nguyệt,3,Phim Trung Quốc,Yes,Changed,Khác -> Phim Trung Quốc,,,,,,,,,
5452102,,prime provider,2,Khác,hong kong martial arts movies,2,Khác,Yes,Unchanged,Unchanged,,,,,,,,,
5472371,,u23 việt nam u23 hàn quốc tinh thần việt nam highlights cúp bóng đá u23 châu á afc 2022,2,Khác,yến vân đài,3,Khác,Yes,Unchanged,Unchanged,,,,,,,,,
5561952,,võ tòng,3,Khác,truyện cổ tích việt nam phần 1,2,Tìm kiếm chung,Yes,Changed,Khác -> Tìm kiếm chung,,,,,,,,,
5707531,,bảo yến,7,Âm nhạc,bảo yến,12,Âm nhạc,No,Unchanged,Unchanged,,,,,,,,,
5718599,,masha,6,Khác,doi cho cuu ho,5,Khác,Yes,Unchanged,Unchanged,,,,,,,,,
5859177,,mị nguyệt truyện,3,Phim Trung Quốc,phim doa,2,Khác,Yes,Changed,Phim Trung Quốc -> Khác,,,,,,,,,
7051809,,đường chuyên,7,Khác,thủy hử,2,Khác,Yes,Unchanged,Unchanged,,,,,,,,,
7087942,,canh dep,2,Khác,running,2,Khác,Yes,Unchanged,Unchanged,,,,,,,,,
7127450,,baby shark,11,Âm nhạc thiếu nhi,baby shark,19,Âm nhạc thiếu nhi,No,Unchanged,Unchanged,,,,,,,,,
7355761,,gozila,5,Khác,quỷ đỏ,2,Khác,Yes,Unchanged,Unchanged,,,,,,,,,
7375496,,penthouse 2,4,Phim Hàn Quốc,cuộc chiến thượng lưu,3,Phim Hàn Quốc,Yes,Unchanged,Unchanged,,,,,,,,,
7423113,,cuộc sống thượng lưu,4,Phim Hàn Quốc,nếu thời gian trở lại,2,Khác,Yes,Changed,Phim Hàn Quốc -> Khác,,,,,,,,,
763709,,khúc hát mừng sinh nhật,2,Khác,phim kinh dị,2,Thể loại phim,Yes,Changed,Khác -> Thể loại phim,,,,,,,,,
7683339,,moi thu truyen kiep,2,Khác,cuộc chiến tình yêu,3,Khác,Yes,Unchanged,Unchanged,,,,,,,,,
7783849,,cho cuu,4,Khác,baby shark remix,2,Âm nhạc thiếu nhi,Yes,Changed,Khác -> Âm nhạc thiếu nhi,,,,,,,,,
7788373,,overlord ii,2,Anime,tate no yuusha no nariagari,2,Khác,Yes,Changed,Anime -> Khác,,,,,,,,,
7802692,,huyền thoại game thủ,2,Khác,pokemon,2,Anime,Yes,Changed,Khác -> Anime,,,,,,,,,
7817282,,chỉ vì được gặp em,2,Khác,tam sinh tam thế,3,Khác,Yes,Unchanged,Unchanged,,,,,,,,,
7841063,,nhật ký tự do,2,Khác,bác sĩ,2,Y khoa,Yes,Changed,Khác -> Y khoa,,,,,,,,,
7896525,,tokyo revengers,5,Anime,noi luu l,2,Khác,Yes,Changed,Anime -> Khác,,,,,,,,,
7960529,,jujutsu kaisen,2,Anime,boruto,5,naruto the movie : Anime,Yes,Changed,Anime -> naruto the movie : Anime,,,,,,,,,
8404377,,get out,2,Khác,sieu tri tue,2,Khác,Yes,Unchanged,Unchanged,,,,,,,,,
8643575,,mở youtube kid bài con vịt,2,Nền tảng,thiếu nhi,3,Tìm kiếm chung,Yes,Changed,Nền tảng -> Tìm kiếm chung,,,,,,,,,
8686699,,thinh,8,Khác,luu l,7,Khác,Yes,Unchanged,Unchanged,,,,,,,,,
8715021,,penthouse 3,4,Phim Hàn Quốc,running man,2,Chương trình truyền hình,Yes,Changed,Phim Hàn Quốc -> Chương trình truyền hình,,,,,,,,,
8719367,,fairy,2,Khác,fairy tail,5,Anime,Yes,Changed,Khác -> Anime,,,,,,,,,
8885447,,toán lớp 2 chương trình cũ,2,Tìm kiếm chung / Học tập,boruto,7,naruto the movie : Anime,Yes,Changed,Tìm kiếm chung / Học tập -> naruto the movie : Anime,,,,,,,,,
8992046,,liên minh công lý phiên bản của zack snyder,4,phiên bản của zack snyder : Phim chiếu rạp / Siêu anh hùng,liên minh công lý phiên bản của zack snyder,2,phiên bản của zack snyder : Phim chiếu rạp / Siêu anh hùng,No,Unchanged,Unchanged,,,,,,,,,
90024210,,cùng em bay lượn theo gió,2,Phim Trung Quốc,cùng em bay lượn theo gió,13,Phim Trung Quốc,No,Unchanged,Unchanged,,,,,,,,,
90061659,,ẩn danh,2,Khác,kẻ truy,2,Khác,Yes,Unchanged,Unchanged,,,,,,,,,
90126309,,ban trai toi,13,Khác,may hoa,6,Khác,Yes,Unchanged,Unchanged,,,,,,,,,
9013743,,bằng chứng thép 4,4,Phim Hồng Kông,phàm nhân tu tiên phần 3,2,Phim hoạt hình 3D Trung Quốc,Yes,Changed,Phim Hồng Kông -> Phim hoạt hình 3D Trung Quốc,,,,,,,,,
90180681,,vẻ đẹp đích thực,3,Phim Hàn Quốc,taxi driver,4,Phim Hàn Quốc,Yes,Unchanged,Unchanged,,,,,,,,,
9022921,,vietnam esport tv,4,Khác,nhảy zumba,2,Khác,Yes,Unchanged,Unchanged,,,,,,,,,
90248768,,chỉ là quan hệ hôn nhân,2,Khác,mối tình đầu của tôi,2,Phim Việt Nam,Yes,Changed,Khác -> Phim Việt Nam,,,,,,,,,
90269922,,cô nàng trong trắng oh woo ri,3,Phim Hàn Quốc,cuộc chiến tình yêu,2,Khác,Yes,Changed,Phim Hàn Quốc -> Khác,,,,,,,,,
90319099,,cuộc chiến người và thần,2,Khác,naruto,3,Anime,Yes,Changed,Khác -> Anime,,,,,,,,,
90407840,,hoán mệnh,3,Phim ảnh,mẹ chồng,2,Khác,Yes,Changed,Phim ảnh -> Khác,,,,,,,,,
90491805,,phim binh minh thang 7,2,Khác,thượng nguồn nước mắt,2,Khác,Yes,Unchanged,Unchanged,,,,,,,,,
90494818,,karakuri circus,2,Khác,dai chien ninja,2,Khác,Yes,Unchanged,Unchanged,,,,,,,,,
90541460,,cảnh đẹp,4,Khác,bạch ngọc,2,Khác,Yes,Unchanged,Unchanged,,,,,,,,,
90624718,,biệt đội chó bull,2,Khác,mot ngan noi dau,2,Khác,Yes,Unchanged,Unchanged,,,,,,,,,
90677811,,lạp tội đồ giám,4,Phim Trung Quốc,tinhkerbell,3,Khác,Yes,Changed,Phim Trung Quốc -> Khác,,,,,,,,,
90728874,,phim thái,2,Khác,mr queen,2,Phim Hàn Quốc,Yes,Changed,Khác -> Phim Hàn Quốc,,,,,,,,,
90760369,,sam sam đến rồi,2,Phim Trung Quốc,vẫn cứ thích em,3,Khác,Yes,Changed,Phim Trung Quốc -> Khác,,,,,,,,,
90804155,,luat,2,Khác,kẻ hủy diệt,4,Khác,Yes,Unchanged,Unchanged,,,,,,,,,
90895878,,great compassion mantra in sanskrit,4,Khác,niệm quan thế âm bồ tát,2,Khác,Yes,Unchanged,Unchanged,,,,,,,,,
90927131,,dem to,2,Khác,tham tu zomebie,2,Khác,Yes,Unchanged,Unchanged,,,,,,,,,
90932642,,hội pháp sư 2,2,Anime,học viện anh hùng phần 1,2,Anime,Yes,Unchanged,Unchanged,,,,,,,,,
90957065,,thegioichoem,27,Khác,uefa champion,5,Khác,Yes,Unchanged,Unchanged,,,,,,,,,
91261886,,học viện anh hùng phần 3,6,Anime,học viện anh hùng phần 2,2,Anime,Yes,Unchanged,Unchanged,,,,,,,,,
91352997,,dem d,2,Khác,chàng hậu,2,Phim Hàn Quốc,Yes,Changed,Khác -> Phim Hàn Quốc,,,,,,,,,
91447754,,người thầy y đức,3,Phim Hàn Quốc,con tim sắt đá,2,Phim Thái Lan,Yes,Changed,Phim Hàn Quốc -> Phim Thái Lan,,,,,,,,,
91450179,,tuyển việt nam hòa quả cảm trước nhật bản,2,Khác,siêu nhân,2,Phim hoạt hình,Yes,Changed,Khác -> Phim hoạt hình,,,,,,,,,
91492945,,nữ trình lập viên xinh đẹp,2,Khác,minh châu rực rỡ,2,Phim Thái Lan,Yes,Changed,Khác -> Phim Thái Lan,,,,,,,,,
91532616,,penthouse 3,6,Phim Hàn Quốc,vẻ đẹp đích thực,3,Phim Hàn Quốc,Yes,Unchanged,Unchanged,,,,,,,,,
91576221,,trữ tình,8,Âm nhạc,trữ tình,4,Âm nhạc,No,Unchanged,Unchanged,,,,,,,,,
9186095,,gfriend,13,Khác,khi em mim,2,Khác,Yes,Unchanged,Unchanged,,,,,,,,,
91916769,,vượt ra tội ác,2,Phim Hàn Quốc,bác sĩ ma,3,Phim Hàn Quốc,Yes,Unchanged,Unchanged,,,,,,,,,
91963065,,khách sạn ma quái,8,Phim Hàn Quốc,penthouse 2,18,Phim Hàn Quốc,Yes,Unchanged,Unchanged,,,,,,,,,
91994186,,be,3,Khác,naruto,3,Anime,Yes,Changed,Khác -> Anime,,,,,,,,,
92000083,,cuối cùng cũng tới lượt tôi yêu,3,Khác,làm trái tim em mỉm cười,3,Khác,Yes,Unchanged,Unchanged,,,,,,,,,
92100014,,em về miền tây,6,Khác,em về miền tây,2,Khác,No,Unchanged,Unchanged,,,,,,,,,
92263781,,bao thanh thiên,3,Phim Đài Loan,truyện cổ tích việt nam phần 1,6,Tìm kiếm chung,Yes,Changed,Phim Đài Loan -> Tìm kiếm chung,,,,,,,,,
92351059,,cuc,2,Khác,anh không thích thế giới này anh chỉ thích em,2,Phim Trung Quốc,Yes,Changed,Khác -> Phim Trung Quốc,,,,,,,,,
92360484,,ai la nu hoang,4,Khác,ai la nu hoang,3,Khác,No,Unchanged,Unchanged,,,,,,,,,
9238301,,bolero,2,Âm nhạc,bolero,4,Âm nhạc,No,Unchanged,Unchanged,,,,,,,,,
92384040,,bác sĩ ma,5,Phim Hàn Quốc,nam g,4,Khác,Yes,Changed,Phim Hàn Quốc -> Khác,,,,,,,,,
92503117,,ben a,2,Khác,tên tôi là busaba,2,Khác,Yes,Unchanged,Unchanged,,,,,,,,,
92557201,,dj matoom yêu nhầm chị dâu,3,Phim Thái Lan,nabi tôi sẽ không yêu em,2,Phim Thái Lan,Yes,Unchanged,Unchanged,,,,,,,,,
92575604,,attack on titan part 1,3,Anime,attack on titan season 4,6,Anime,Yes,Unchanged,Unchanged,,,,,,,,,
92605731,,lệnh cho trái tim ngừng yêu em,2,Khác,con tim sắt đá,3,Phim Thái Lan,Yes,Changed,Khác -> Phim Thái Lan,,,,,,,,,
92672922,,vô tình nhặt được tổng tài,3,Phim Trung Quốc,fairy tail,2,Anime,Yes,Changed,Phim Trung Quốc -> Anime,,,,,,,,,
9267597,,dog,2,Động vật,dog,2,Động vật,No,Unchanged,Unchanged,,,,,,,,,
92688855,,lưỡi gươm diệt quỷ,3,Anime,thanh xuân vật vã,2,Phim Hàn Quốc,Yes,Changed,Anime -> Phim Hàn Quốc,,,,,,,,,
9276077,,vân tịch truyện,2,Phim Trung Quốc,ly nhân tâm thượng,4,Phim Trung Quốc,Yes,Unchanged,Unchanged,,,,,,,,,
92774288,,bạn muốn hẹn hò,2,Chương trình truyền hình,bạn muốn hẹn hò,10,Chương trình truyền hình,No,Unchanged,Unchanged,,,,,,,,,
92784862,,lấy danh nghĩa người nhà,4,Phim Trung Quốc,thời gian lương thần mỹ cảnh,3,Khác,Yes,Changed,Phim Trung Quốc -> Khác,,,,,,,,,
92800633,,ba kiếp nhân,2,Khác,đẹp trai là số một,2,Phim Trung Quốc,Yes,Changed,Khác -> Phim Trung Quốc,,,,,,,,,
92810125,,cuộc chiến thượng lưu 2,3,Phim Hàn Quốc,co nang cu ta,2,Khác,Yes,Changed,Phim Hàn Quốc -> Khác,,,,,,,,,
93089452,,khủng long,2,Động vật,đẳng cấp thú cưng,2,Khác,Yes,Changed,Động vật -> Khác,,,,,,,,,
93158981,,tôi độc thân dựa vào thực lực,3,Phim Trung Quốc,overlord iv,2,Anime,Yes,Changed,Phim Trung Quốc -> Anime,,,,,,,,,
93179441,,bắc ninh,9,Khác,bắc ninh,5,Khác,No,Unchanged,Unchanged,,,,,,,,,
93249175,,oto,2,Khác,khi loa dau,5,Khác,Yes,Unchanged,Unchanged,,,,,,,,,
93282764,,nàng công chúa bí ẩn,3,Khác,hậu duệ mặt trời,2,Phim Hàn Quốc,Yes,Changed,Khác -> Phim Hàn Quốc,,,,,,,,,
93390754,,tại sao lại là oh soo jae,2,Phim Hàn Quốc,anna,2,Phim Hàn Quốc,Yes,Unchanged,Unchanged,,,,,,,,,
93498062,,bắt ma phá án,2,Phim Hàn Quốc,trái tim mùa thu,4,Khác,Yes,Changed,Phim Hàn Quốc -> Khác,,,,,,,,,
93638937,,thiếu nhi,26,Tìm kiếm chung,thiếu nhi,25,Tìm kiếm chung,No,Unchanged,Unchanged,,,,,,,,,
93703318,,cảnh đẹp ngày vui biết bao giờ,2,Phim Trung Quốc,sao băng,4,Khác,Yes,Changed,Phim Trung Quốc -> Khác,,,,,,,,,
93854752,,happi,2,Khác,liên minh công lý phiên bản của zack snyder,2,phiên bản của zack snyder : Phim chiếu rạp / Siêu anh hùng,Yes,Changed,Khác -> phiên bản của zack snyder : Phim chiếu rạp / Siêu anh hùng,,,,,,,,,
93862937,,boruto,9,naruto the movie : Anime,chào buổi sáng,2,Khác,Yes,Changed,naruto the movie : Anime -> Khác,,,,,,,,,
93899154,,undying secret,2,Khác,kingdom,2,Khác,Yes,Unchanged,Unchanged,,,,,,,,,
93937402,,song ca karaoke,3,Âm nhạc,tuyệt đỉnh kungfu,2,Khác,Yes,Changed,Âm nhạc -> Khác,,,,,,,,,
93939855,,người thầy y đức,5,Phim Hàn Quốc,true,12,Khác,Yes,Changed,Phim Hàn Quốc -> Khác,,,,,,,,,
93947008,,công chúa giá đáo,2,Khác,isekai,2,Khác,Yes,Unchanged,Unchanged,,,,,,,,,
93989959,,yêu tinh,19,Phim Hàn Quốc,yêu tinh,7,Phim Hàn Quốc,No,Unchanged,Unchanged,,,,,,,,,
94156681,,queendom,4,Chương trình Hàn Quốc,lối ra,4,Khác,Yes,Changed,Chương trình Hàn Quốc -> Khác,,,,,,,,,
94274313,,tôi thấy hoa vàng trên cỏ xanh,2,Phim Việt Nam,tôi thấy hoa vàng trên cỏ xanh,3,Phim Việt Nam,No,Unchanged,Unchanged,,,,,,,,,
94355136,,cô vợ bắt buộc,2,Phim Thái Lan,thừa kế,5,Khác,Yes,Changed,Phim Thái Lan -> Khác,,,,,,,,,
94355895,,bí mật nơi góc tối,2,Khác,mặt nạ thủy tinh,2,Khác,Yes,Unchanged,Unchanged,,,,,,,,,
94394053,,be m,5,Khác,street man fighter,3,Chương trình Hàn Quốc,Yes,Changed,Khác -> Chương trình Hàn Quốc,,,,,,,,,
94416748,,đao kiếm thần vực phần 3,4,Anime,chuyen s,5,Khác,Yes,Changed,Anime -> Khác,,,,,,,,,
94447124,,manh,4,Khác,sam,3,Khác,Yes,Unchanged,Unchanged,,,,,,,,,
94708578,,fairy,10,Khác,fairy,10,Khác,No,Unchanged,Unchanged,,,,,,,,,
94725447,,lang quân 100 ngày,4,Khác,penthous,4,Khác,Yes,Unchanged,Unchanged,,,,,,,,,
94746666,,quý ông hoàn hảo và cô nàng tạm được,2,Phim Trung Quốc,cardcaptor sakura,2,Anime,Yes,Changed,Phim Trung Quốc -> Anime,,,,,,,,,
94773729,,người tình của khang hy,2,Khác,yêu thầm anh xã,2,Phim Thái Lan,Yes,Changed,Khác -> Phim Thái Lan,,,,,,,,,
94886150,,con tim sắt đá,2,Phim Thái Lan,cuộc chiến thượng lưu,2,Phim Hàn Quốc,Yes,Changed,Phim Thái Lan -> Phim Hàn Quốc,,,,,,,,,
94886170,,mở bolero,9,Âm nhạc,bolero,3,Âm nhạc,Yes,Unchanged,Unchanged,,,,,,,,,
94912256,,cuộc sống thượng lưu,2,Phim Hàn Quốc,anna,2,Phim Hàn Quốc,Yes,Unchanged,Unchanged,,,,,,,,,
95043018,,sonic the hedgehog 2,6,Khác,sonic the hedgehog 2,5,Khác,No,Unchanged,Unchanged,,,,,,,,,
95189754,,hãy gọi tôi là tổng giám đốc,2,Khác,tình yêu hệ nhị phân,2,Khác,Yes,Unchanged,Unchanged,,,,,,,,,
95273067,,bolero,2,Âm nhạc,bolero,7,Âm nhạc,No,Unchanged,Unchanged,,,,,,,,,
95298629,,thanh xuân vật vã,6,Phim Hàn Quốc,mua he cua t,2,Khác,Yes,Changed,Phim Hàn Quốc -> Khác,,,,,,,,,
95367853,,boruto,7,naruto the movie : Anime,boruto,3,naruto the movie : Anime,No,Unchanged,Unchanged,,,,,,,,,
95779055,,trữ tình,4,Âm nhạc,trữ tình,8,Âm nhạc,No,Unchanged,Unchanged,,,,,,,,,
95905846,,cảnh đẹp ngày vui biết bao giờ,2,Phim Trung Quốc,con tim sắt đá,2,Phim Thái Lan,Yes,Changed,Phim Trung Quốc -> Phim Thái Lan,,,,,,,,,
95995641,,why her,2,Phim Hàn Quốc,hoàng hậu cuối cùng,2,Phim Hàn Quốc,Yes,Unchanged,Unchanged,,,,,,,,,
96221263,,tranh thiên hạ,2,Khác,khúc biến tấu ánh trăng,3,Khác,Yes,Unchanged,Unchanged,,,,,,,,,
9629641,,bà ơi bà,5,Khác,nhong nhong nhong bé bào ngư remix dance 2019,4,Khác,Yes,Unchanged,Unchanged,,,,,,,,,
96480201,,you raise me up,2,Khác,lê hấp đường phèn,2,Phim Trung Quốc,Yes,Changed,Khác -> Phim Trung Quốc,,,,,,,,,
96821329,,nanatsu,3,Khác,shezow babysitter,4,Khác,Yes,Unchanged,Unchanged,,,,,,,,,
96976928,,bingo,16,Khác,gau xie,4,Khác,Yes,Unchanged,Unchanged,,,,,,,,,
97015599,,tình yêu cùng em,2,Khác,hoàn hồn,2,Phim Hàn Quốc,Yes,Changed,Khác -> Phim Hàn Quốc,,,,,,,,,
97104837,,ve d,6,Khác,con tim sắt đá,3,Phim Thái Lan,Yes,Changed,Khác -> Phim Thái Lan,,,,,,,,,
97126098,,running man tập 379,2,Chương trình truyền hình,ngôi nhà chung,2,Khác,Yes,Changed,Chương trình truyền hình -> Khác,,,,,,,,,
97143156,,cuộc sống tình yêu dí dỏm,2,Khác,thanh xuân vật vã,11,Phim Hàn Quốc,Yes,Changed,Khác -> Phim Hàn Quốc,,,,,,,,,
97221162,,south korea u22 vs thailands u22,3,Khác,clb tp hồ chí minh vs flc hagl,2,Khác,Yes,Unchanged,Unchanged,,,,,,,,,
97258818,,horimiya,5,Anime,jujutsu kaisen,2,Anime,Yes,Unchanged,Unchanged,,,,,,,,,
97278725,,người đàm phán,8,Phim Trung Quốc,người đàm phán,4,Phim Trung Quốc,No,Unchanged,Unchanged,,,,,,,,,
97279684,,thiên cổ quyết trần,2,Phim Trung Quốc,trần tình lệnh,2,Phim Trung Quốc,Yes,Unchanged,Unchanged,,,,,,,,,
97313328,,tik tok,5,Khác,tik tok,4,Khác,No,Unchanged,Unchanged,,,,,,,,,
97385386,,fairy tail,8,Anime,yakusoku no neverland,4,Khác,Yes,Changed,Anime -> Khác,,,,,,,,,
9740270,,vẻ đẹp đích thực,2,Phim Hàn Quốc,nhiệt độ tình yêu,2,Khác,Yes,Changed,Phim Hàn Quốc -> Khác,,,,,,,,,
97455142,,thử thách thần tượng,2,Chương trình truyền hình,thanh lạc,2,Phim Trung Quốc,Yes,Changed,Chương trình truyền hình -> Phim Trung Quốc,,,,,,,,,
97474126,,lửa chiến,2,Khác,mẹ ma,2,Phim chiếu rạp / Kinh dị,Yes,Changed,Khác -> Phim chiếu rạp / Kinh dị,,,,,,,,,
97599312,,yêu thầm anh xã,4,Phim Thái Lan,hồ nhất thiên,2,Khác,Yes,Changed,Phim Thái Lan -> Khác,,,,,,,,,
97608519,,cảnh đẹp ngày vui biết bao giờ,2,Phim Trung Quốc,phép màu,2,Khác,Yes,Changed,Phim Trung Quốc -> Khác,,,,,,,,,
97659637,,thâm kế độc tình,2,Phim Thái Lan,quốc tử giám có một nữ đệ tử tập 3,2,Khác,Yes,Changed,Phim Thái Lan -> Khác,,,,,,,,,
97685217,,cho cuu,3,Khác,dich n,6,Khác,Yes,Unchanged,Unchanged,,,,,,,,,
97714116,,nhạc trữ tình,2,Âm nhạc,nhạc trữ tình,2,Âm nhạc,No,Unchanged,Unchanged,,,,,,,,,
97946102,,đại chiến titan,3,Anime,bang c,2,Khác,Yes,Changed,Anime -> Khác,,,,,,,,,
97972683,,tây du ký,2,Phim Trung Quốc,tân tây du ký 2011,2,Phim Trung Quốc,Yes,Unchanged,Unchanged,,,,,,,,,
9802013,,siêu nhân,16,Phim hoạt hình,siêu nhân,3,Phim hoạt hình,No,Unchanged,Unchanged,,,,,,,,,
98092530,,câu hò bên bến hiền lương,4,Khác,remix tàu anh qua núi,2,Khác,Yes,Unchanged,Unchanged,,,,,,,,,
98092638,,yêu tinh,5,Phim Hàn Quốc,hội pháp sư,5,Anime,Yes,Changed,Phim Hàn Quốc -> Anime,,,,,,,,,
98186531,,ban tr,7,Khác,phù thủy tinh nghịch sabrina,2,Khác,Yes,Unchanged,Unchanged,,,,,,,,,
98276019,,khách sạn ma quái,8,Phim Hàn Quốc,bác sĩ tim,4,Y khoa,Yes,Changed,Phim Hàn Quốc -> Y khoa,,,,,,,,,
98298919,,nhiet huyet than tuong,2,Khác,hoàng tử ếch,2,Khác,Yes,Unchanged,Unchanged,,,,,,,,,
98352735,,pinochio,2,Phim Hàn Quốc,you ra,3,Khác,Yes,Changed,Phim Hàn Quốc -> Khác,,,,,,,,,
98397639,,bên nhau trọn đời,2,Phim Trung Quốc,khu vườn bí mật,2,Phim Hàn Quốc,Yes,Changed,Phim Trung Quốc -> Phim Hàn Quốc,,,,,,,,,
98399857,,em đẹp nhất là khi mỉm cười,16,Phim Trung Quốc,hội pháp sư,4,Anime,Yes,Changed,Phim Trung Quốc -> Anime,,,,,,,,,
98462115,,tình yêu chốn công sở,2,Khác,mèo con của em,5,Khác,Yes,Unchanged,Unchanged,,,,,,,,,
98477763,,tìm kiếm bằng giọng nói,4,Tìm kiếm chung / Chức năng,tìm kiếm bằng giọng nói,2,Tìm kiếm chung / Chức năng,No,Unchanged,Unchanged,,,,,,,,,
98534032,,đao kiếm thần vực,2,Khác,overlord iv,3,Anime,Yes,Changed,Khác -> Anime,,,,,,,,,
98663880,,sửu phi giá đáo,2,Phim Trung Quốc,tiểu nương tử nhà tướng quân,6,Phim Trung Quốc,Yes,Unchanged,Unchanged,,,,,,,,,
98740261,,đao kiếm thần vực phần 3,4,Anime,đao kiếm thần vực phần 4,4,Anime,Yes,Unchanged,Unchanged,,,,,,,,,
98743071,,giữa thanh xuân,2,Phim Trung Quốc,ngọt ngào dành riêng em,2,Khác,Yes,Changed,Phim Trung Quốc -> Khác,,,,,,,,,
98907275,,vô tình nhặt được tổng tài,2,Phim Trung Quốc,hoa nở trăng vừa tròn,3,Khác,Yes,Changed,Phim Trung Quốc -> Khác,,,,,,,,,
98912367,,tiên nữ cử tạ kim bok joo,2,Phim Hàn Quốc,true beauty,4,Phim Hàn Quốc,Yes,Unchanged,Unchanged,,,,,,,,,
98929578,,bolero,3,Âm nhạc,bolero,2,Âm nhạc,No,Unchanged,Unchanged,,,,,,,,,
99015990,,siêu nhân,11,Phim hoạt hình,siêu nhân,4,Phim hoạt hình,No,Unchanged,Unchanged,,,,,,,,,
99158621,,tuoi t,2,Khác,doraemon,2,Anime,Yes,Changed,Khác -> Anime,,,,,,,,,
99216226,,bạn muốn hẹn hò,3,Chương trình truyền hình,bạn muốn hẹn hò,2,Chương trình truyền hình,No,Unchanged,Unchanged,,,,,,,,,
99273011,,fairy tail,4,Anime,fairy tail,2,Anime,No,Unchanged,Unchanged,,,,,,,,,
99278418,,tai nạn tình yêu,2,Khác,mộng hoa lục,2,Phim ảnh,Yes,Changed,Khác -> Phim ảnh,,,,,,,,,
99358347,,cặp đôi trái ngược,2,Phim Hàn Quốc,ha canh noi anh,2,Phim Hàn Quốc,Yes,Unchanged,Unchanged,,,,,,,,,
9942254,,đao kiếm thần vực phần 1,2,Khác,đêm tối tokyo phần 3,2,Khác,Yes,Unchanged,Unchanged,,,,,,,,,
99477015,,vuon sao bang,3,Khác,nguoi thua ke,2,Khác,Yes,Unchanged,Unchanged,,,,,,,,,
99511363,,one punch man 3,3,Anime,những đứa trẻ to xác 2,2,Khác,Yes,Changed,Anime -> Khác,,,,,,,,,
99540441,,ben 10 alien force s1,2,Khác,yêu tinh,6,Phim Hàn Quốc,Yes,Changed,Khác -> Phim Hàn Quốc,,,,,,,,,
99540946,,hội pháp sư,34,Anime,dr stone,7,Anime,Yes,Unchanged,Unchanged,,,,,,,,,
99571960,,em la,2,Khác,hóa ra thời gian đều ghi nhớ,2,Khác,Yes,Unchanged,Unchanged,,,,,,,,,
99622711,,luu l,4,Khác,đông cung,2,Phim Trung Quốc,Yes,Changed,Khác -> Phim Trung Quốc,,,,,,,,,
99664443,,huo fo ji gong,14,Khác,tan bang phong than,32,Khác,Yes,Unchanged,Unchanged,,,,,,,,,
99729262,,jujutsu kaisen,7,Anime,chú,2,Khác,Yes,Changed,Anime -> Khác,,,,,,,,,
99757315,,moi tinh no,3,Khác,hanh phuc d,2,Khác,Yes,Unchanged,Unchanged,,,,,,,,,
99783952,,bác sĩ thiên tài,2,Y khoa,lần theo dấu vết,2,Khác,Yes,Changed,Y khoa -> Khác,,,,,,,,,
99864722,,yêu em từ cái nhin,2,Khác,minion,2,Phim hoạt hình,Yes,Changed,Khác -> Phim hoạt hình,,,,,,,,,
99887574,,re zero,2,Khác,bóng đá hôm nay,2,Khác,Yes,Unchanged,Unchanged,,,,,,,,,
99906602,,yêu trong đau thương,3,Khác,người con thất lạc,8,Khác,Yes,Unchanged,Unchanged,,,,,,,,,
0097626,,hoa của quỷ,3,Phim Hàn Quốc,tư đằng,4,Phim Trung Quốc,Yes,Changed,Phim Hàn Quốc -> Phim Trung Quốc,,,,,,,,,
0142953,,lửa chiến,2,Khác,ca sĩ giấu mặt,2,Khác,Yes,Unchanged,Unchanged,,,,,,,,,
0227722,,boruto,16,naruto the movie : Anime,bat do,5,Khác,Yes,Changed,naruto the movie : Anime -> Khác,,,,,,,,,
0246052,,thiên nga bóng đêm,2,Phim Hàn Quốc,lời thì thầm,2,Khác,Yes,Changed,Phim Hàn Quốc -> Khác,,,,,,,,,
0504374,,karaoke ly cà phê cuối cùng,2,Âm nhạc,karaoke vì đó là em,3,Âm nhạc,Yes,Unchanged,Unchanged,,,,,,,,,
06004864,,boruto,2,naruto the movie : Anime,thẩm phán ác ma,8,Phim Hàn Quốc,Yes,Changed,naruto the movie : Anime -> Phim Hàn Quốc,,,,,,,,,
06006185,,hoi chun,3,Khác,tokyo revengers,2,Anime,Yes,Changed,Khác -> Anime,,,,,,,,,
06010851,,trữ tình,4,Âm nhạc,elvis phương,2,Khác,Yes,Changed,Âm nhạc -> Khác,,,,,,,,,
06022974,,penthouse 3,3,Phim Hàn Quốc,ly h,3,Khác,Yes,Changed,Phim Hàn Quốc -> Khác,,,,,,,,,
06026171,,frozen,2,Phim hoạt hình,sakura thủ lĩnh thẻ bài 2,10,Anime,Yes,Changed,Phim hoạt hình -> Anime,,,,,,,,,
06026982,,ban,2,Khác,liên kết an yeu chet,2,Khác,Yes,Unchanged,Unchanged,,,,,,,,,
06028605,,jonh wick,3,Khác,phim thù hử,2,Khác,Yes,Unchanged,Unchanged,,,,,,,,,
06031418,,the pink panther show,5,Khác,the pink panther show,4,Khác,No,Unchanged,Unchanged,,,,,,,,,
06034893,,biet doi t,2,Khác,doraemon,4,Anime,Yes,Changed,Khác -> Anime,,,,,,,,,
06043149,,vô tình nhặt được tổng tài,7,Phim Trung Quốc,hen ho chon cong so,2,Khác,Yes,Changed,Phim Trung Quốc -> Khác,,,,,,,,,
06047909,,tate no yuusha no nariagari,2,Khác,ma cà rồng quý tộc,5,Tâm linh,Yes,Changed,Khác -> Tâm linh,,,,,,,,,
06051983,,doraenmon,3,Khác,ca nhac,2,Âm nhạc,Yes,Changed,Khác -> Âm nhạc,,,,,,,,,
06065134,,cuoc c,11,Khác,thử thách thần tượng,3,Chương trình truyền hình,Yes,Changed,Khác -> Chương trình truyền hình,,,,,,,,,
06066675,,vẫn mãi tuổi 17,10,Khác,anh duong long toi,2,Khác,Yes,Unchanged,Unchanged,,,,,,,,,
06066858,,hội pháp sư phần cuối,9,Anime,hội pháp sư,2,Anime,Yes,Unchanged,Unchanged,,,,,,,,,
06067238,,nắm giữ sinh mệnh,4,Phim ảnh,nam giu,2,Khác,Yes,Changed,Phim ảnh -> Khác,,,,,,,,,
06068798,,black clover,2,Anime,oregairu,2,Khác,Yes,Changed,Anime -> Khác,,,,,,,,,
06075873,,sex,2,Nhạy cảm,sex,2,Nhạy cảm,No,Unchanged,Unchanged,,,,,,,,,
06080241,,haikyuu,4,Anime,super sentai series,2,Khác,Yes,Changed,Anime -> Khác,,,,,,,,,
06093355,,người nhện không còn nhà,2,không còn nhà : Phim chiếu rạp / Siêu anh hùng,thế giới khủng long,3,Phim chiếu rạp,Yes,Changed,không còn nhà : Phim chiếu rạp / Siêu anh hùng -> Phim chiếu rạp,,,,,,,,,
06405715,,diễn viên phim penthouse,2,Phim Hàn Quốc,lưỡi gươm diệt quỷ,2,Anime,Yes,Changed,Phim Hàn Quốc -> Anime,,,,,,,,,
06406358,,yêu không kiểm soát,3,Phim Hàn Quốc,hải thượng phồn hoa,2,Khác,Yes,Changed,Phim Hàn Quốc -> Khác,,,,,,,,,
06409293,,marvel,3,Khác,khách sạn huyền bí,2,Khác,Yes,Unchanged,Unchanged,,,,,,,,,
06414878,,trực tiếp hôm nay bồ đào nha và tây ban nha,3,Khác,liverpool manchester united martial hay nhất trận giao hữu hè 2022,2,Khác,Yes,Unchanged,Unchanged,,,,,,,,,
06417583,,lạp tội đồ giám,6,Phim Trung Quốc,tái sinh báo thù,7,Phim ảnh,Yes,Changed,Phim Trung Quốc -> Phim ảnh,,,,,,,,,
06434006,,penthouse 2,2,Phim Hàn Quốc,penthouse 2,2,Phim Hàn Quốc,No,Unchanged,Unchanged,,,,,,,,,
06439602,,faritall,4,Khác,hentai,3,Nhạy cảm,Yes,Changed,Khác -> Nhạy cảm,,,,,,,,,
06445010,,penthouse,3,Phim Hàn Quốc,penthouse,2,Phim Hàn Quốc,No,Unchanged,Unchanged,,,,,,,,,
06449371,,lưỡi gươm diệt quỷ,10,Anime,hội pháp sư,33,Anime,Yes,Unchanged,Unchanged,,,,,,,,,
06451121,,golbin,4,Khác,kẻ trộm mặt trăng minions,5,minions : Phim hoạt hình,Yes,Changed,Khác -> minions : Phim hoạt hình,,,,,,,,,
06451190,,liên khúc bolero,8,Âm nhạc,như đã dấu yêu,3,Khác,Yes,Changed,Âm nhạc -> Khác,,,,,,,,,
06454092,,sau khi bị đá khỏi tổ đội anh hùng vì không phải đồng đội nhé,2,Khác,chúa tể địa ngục,2,Khác,Yes,Unchanged,Unchanged,,,,,,,,,
06807086,,tien nu,8,Khác,doi dac,8,Khác,Yes,Unchanged,Unchanged,,,,,,,,,
06874692,,trực tiếp bóng đá,3,Khác,quang hải clb pau 10 7 22,2,Khác,Yes,Unchanged,Unchanged,,,,,,,,,
06890711,,bắt ma phá án,4,Phim Hàn Quốc,cô vợ bắt buộc,2,Phim Thái Lan,Yes,Changed,Phim Hàn Quốc -> Phim Thái Lan,,,,,,,,,
06890793,,yêu trong đau thương,4,Khác,phim xã hội thượng lưu,5,Khác,Yes,Unchanged,Unchanged,,,,,,,,,
06893112,,fairy tail,2,Anime,hội pháp sư,38,Anime,Yes,Unchanged,Unchanged,,,,,,,,,
06898933,,nhà trọ waikiki,8,Khác,nhà trọ waikiki,4,Khác,No,Unchanged,Unchanged,,,,,,,,,
0739503,,hoang ha,3,Khác,thẩm phán ác ma,2,Phim Hàn Quốc,Yes,Changed,Khác -> Phim Hàn Quốc,,,,,,,,,
1067129,,mộng hoa lục,2,Phim ảnh,my girl,9,Khác,Yes,Changed,Phim ảnh -> Khác,,,,,,,,,
1118906,,công tố viên quân sự do bae man,2,Phim Hàn Quốc,phù thủy tòa án,2,Khác,Yes,Changed,Phim Hàn Quốc -> Khác,,,,,,,,,
1190362,,thử thách thần tượng,8,Chương trình truyền hình,thử thách thần tượng,3,Chương trình truyền hình,No,Unchanged,Unchanged,,,,,,,,,
1334068,,hậu cung như ý truyện,2,Phim Trung Quốc,kẻ trộm mặt trăng minions,2,minions : Phim hoạt hình,Yes,Changed,Phim Trung Quốc -> minions : Phim hoạt hình,,,,,,,,,
1349020,,mai hoa nhi hương,2,Khác,happy sisters,3,Khác,Yes,Unchanged,Unchanged,,,,,,,,,
1388080,,nữ thanh tra tài ba,2,Phim Hàn Quốc,huyền của ôn noãn,2,Khác,Yes,Changed,Phim Hàn Quốc -> Khác,,,,,,,,,
1402754,,wifi,2,Khác,tình cờ,4,Khác,Yes,Unchanged,Unchanged,,,,,,,,,
1689460,,kong,2,Khác,ninja,5,Khác,Yes,Unchanged,Unchanged,,,,,,,,,
1778114,,garo,5,Khác,kamen,3,Khác,Yes,Unchanged,Unchanged,,,,,,,,,
1803273,,nhac hay,2,Khác,liên minh công lý phiên bản của zack snyder,4,phiên bản của zack snyder : Phim chiếu rạp / Siêu anh hùng,Yes,Changed,Khác -> phiên bản của zack snyder : Phim chiếu rạp / Siêu anh hùng,,,,,,,,,
1813578,,vua bếp soma phần 1,2,Anime,yêu tinh,3,Phim Hàn Quốc,Yes,Changed,Anime -> Phim Hàn Quốc,,,,,,,,,
1819261,,cuộc chiến thượng lưu 3,2,Phim Hàn Quốc,cuộc chiến thượng lưu 2,5,Phim Hàn Quốc,Yes,Unchanged,Unchanged,,,,,,,,,
2010038,,quỳnh búp bê,2,Khác,thách thức danh hài,3,Chương trình truyền hình,Yes,Changed,Khác -> Chương trình truyền hình,,,,,,,,,
2029701,,ninja rùa phần 1,15,Khác,doremon,2,Anime,Yes,Changed,Khác -> Anime,,,,,,,,,
2031969,,cô nàng trong trắng oh woo ri,3,Phim Hàn Quốc,yêu thầm anh xã,8,Phim Thái Lan,Yes,Changed,Phim Hàn Quốc -> Phim Thái Lan,,,,,,,,,
2124605,,blog hay,5,Khác,minio,2,Khác,Yes,Unchanged,Unchanged,,,,,,,,,
234215,,hoc vien q,4,Khác,hoc vien q,13,Khác,No,Unchanged,Unchanged,,,,,,,,,
2417460,,truc tiep bong da,5,Khác,ca,2,Khác,Yes,Unchanged,Unchanged,,,,,,,,,
2521810,,quý ông hoàn hảo,18,Khác,cạm bẫy,3,Khác,Yes,Unchanged,Unchanged,,,,,,,,,
2665604,,người vận chuyển,2,Khác,kim da mi,2,Khác,Yes,Unchanged,Unchanged,,,,,,,,,
2785644,,vân tịch truyện,2,Phim Trung Quốc,one piece,2,phim : Anime,Yes,Changed,Phim Trung Quốc -> phim : Anime,,,,,,,,,
2791534,,chàng hậu,2,Phim Hàn Quốc,phim mặt trăng ôm mặt trời,2,Phim Hàn Quốc,Yes,Unchanged,Unchanged,,,,,,,,,
281667,,giờ cao điểm,2,Khác,harry potter,2,Phim chiếu rạp / Giả tưởng,Yes,Changed,Khác -> Phim chiếu rạp / Giả tưởng,,,,,,,,,
3214374,,aot,5,Khác,atta,2,Khác,Yes,Unchanged,Unchanged,,,,,,,,,
3234771,,lửa chiến,3,Khác,lửa chiến,2,Khác,No,Unchanged,Unchanged,,,,,,,,,
3263942,,vị đắng tình yêu,2,Khác,chàng hậu,2,Phim Hàn Quốc,Yes,Changed,Khác -> Phim Hàn Quốc,,,,,,,,,
3290554,,tại sao lại là oh soo jae,2,Phim Hàn Quốc,tokyo ghoul re,2,re : Anime,Yes,Changed,Phim Hàn Quốc -> re : Anime,,,,,,,,,
3621611,,u23 việt nam,3,Khác,sân ga tình yêu,3,Khác,Yes,Unchanged,Unchanged,,,,,,,,,
3628522,,penthouse 2,2,Phim Hàn Quốc,kẻ cắp mặt trăng,2,Phim hoạt hình,Yes,Changed,Phim Hàn Quốc -> Phim hoạt hình,,,,,,,,,
3654501,,fast furious,4,Phim chiếu rạp / Hành động,tvb,3,Khác,Yes,Changed,Phim chiếu rạp / Hành động -> Khác,,,,,,,,,
3666005,,hoán mệnh,2,Phim ảnh,mùa hè của hồ ly,2,Phim Trung Quốc,Yes,Changed,Phim ảnh -> Phim Trung Quốc,,,,,,,,,
3950505,,penthouse 2,15,Phim Hàn Quốc,sao băng,3,Khác,Yes,Changed,Phim Hàn Quốc -> Khác,,,,,,,,,
3973231,,vtv6,2,Kênh truyền hình,vtv6,7,Kênh truyền hình,No,Unchanged,Unchanged,,,,,,,,,
40077305,,yêu tinh,5,Phim Hàn Quốc,fairy tail,2,Anime,Yes,Changed,Phim Hàn Quốc -> Anime,,,,,,,,,
40123920,,liên khúc,2,Âm nhạc,liên khúc nhạc vàng,3,Âm nhạc,Yes,Unchanged,Unchanged,,,,,,,,,
40169786,,thủ lĩnh thẻ bài,11,Anime,lưỡi gươm diệt quỷ,2,Anime,Yes,Unchanged,Unchanged,,,,,,,,,
40198362,,thử thách thần tượng,13,Chương trình truyền hình,thử thách thần tượng,5,Chương trình truyền hình,No,Unchanged,Unchanged,,,,,,,,,
40242636,,bí kíp luyện rồng 3,4,Khác,boruto naruto the movie,3,Anime,Yes,Changed,Khác -> Anime,,,,,,,,,
40244585,,cô vợ bắt buộc,3,Phim Thái Lan,cô nàng đầu bếp của tôi,2,Phim Thái Lan,Yes,Unchanged,Unchanged,,,,,,,,,
40278145,,doraemon,4,Anime,thử thách thần tượng,7,Chương trình truyền hình,Yes,Changed,Anime -> Chương trình truyền hình,,,,,,,,,
40313262,,tên tôi là busaba,3,Khác,những người thừa kế,3,Phim Hàn Quốc,Yes,Changed,Khác -> Phim Hàn Quốc,,,,,,,,,
40360937,,yêu tinh,2,Phim Hàn Quốc,cá mực hầm mật,3,Phim Trung Quốc,Yes,Changed,Phim Hàn Quốc -> Phim Trung Quốc,,,,,,,,,
40409060,,thần ấn vương tọa,3,Khác,vào ma giới rồi đấy iruma kun,3,Tâm linh,Yes,Changed,Khác -> Tâm linh,,,,,,,,,
40437121,,re n,2,Khác,phu dao hoang hauu,3,Phim Trung Quốc,Yes,Changed,Khác -> Phim Trung Quốc,,,,,,,,,
4044181,,spongebob,2,Khác,spongebob,3,Khác,No,Unchanged,Unchanged,,,,,,,,,
4062171,,thiên sứ bắt ma,2,Tâm linh,minion,2,Phim hoạt hình,Yes,Changed,Tâm linh -> Phim hoạt hình,,,,,,,,,
4063783,,edge of tomorrow,3,Khác,kẻ trộm mặt trăng minions,2,minions : Phim hoạt hình,Yes,Changed,Khác -> minions : Phim hoạt hình,,,,,,,,,
40679461,,nông dân hiện đại,2,Khác,tình yêu từ 0 đến 1,2,Phim Trung Quốc,Yes,Changed,Khác -> Phim Trung Quốc,,,,,,,,,
40720170,,nàng bạch tuyết và bảy chú lùn,3,Phim hoạt hình,nàng bạch tuyết và bảy chú lùn,2,Phim hoạt hình,No,Unchanged,Unchanged,,,,,,,,,
40794298,,chú thuật hồi chiến,4,Anime,overlord iii,2,Anime,Yes,Unchanged,Unchanged,,,,,,,,,
40813749,,reply,2,Khác,ca the,2,Khác,Yes,Unchanged,Unchanged,,,,,,,,,
40888693,,sao băng,2,Khác,điên thì có sao,2,Phim Hàn Quốc,Yes,Changed,Khác -> Phim Hàn Quốc,,,,,,,,,
4090060,,haikyuu,21,Anime,miền đất hứa,3,Anime,Yes,Unchanged,Unchanged,,,,,,,,,
4093037,,hương mật tựa khói sương,2,Phim Trung Quốc,những tay chơi siêu đẳng,2,Khác,Yes,Changed,Phim Trung Quốc -> Khác,,,,,,,,,
41009507,,kênh truyền hình vtc14,2,Khác,kênh truyền hình vtc14,2,Khác,No,Unchanged,Unchanged,,,,,,,,,
41055258,,fairy tail,2,Anime,fairy tail,3,Anime,No,Unchanged,Unchanged,,,,,,,,,
41057118,,tại sao lại là oh soo jae why her,3,Phim Hàn Quốc,thanh xuân vật vã,2,Phim Hàn Quốc,Yes,Unchanged,Unchanged,,,,,,,,,
41076467,,phim thái lan yêu nhầm chị dâu tập 21,3,Phim Thái Lan,co dau bi cao,2,Khác,Yes,Changed,Phim Thái Lan -> Khác,,,,,,,,,
41090739,,trần tình lệnh,2,Phim Trung Quốc,vtv3,2,Kênh truyền hình,Yes,Changed,Phim Trung Quốc -> Kênh truyền hình,,,,,,,,,
41159918,,vtv3,3,Kênh truyền hình,doraemon,3,Anime,Yes,Changed,Kênh truyền hình -> Anime,,,,,,,,,
41291131,,chu thu,2,Khác,hentai,5,Nhạy cảm,Yes,Changed,Khác -> Nhạy cảm,,,,,,,,,
41450969,,bolero,5,Âm nhạc,thiếu nhi,2,Tìm kiếm chung,Yes,Changed,Âm nhạc -> Tìm kiếm chung,,,,,,,,,
41480804,,một con vịt,8,Âm nhạc thiếu nhi,một con vịt,3,Âm nhạc thiếu nhi,No,Unchanged,Unchanged,,,,,,,,,
41513003,,baby shark,2,Âm nhạc thiếu nhi,quỳnh búp bê,2,Khác,Yes,Changed,Âm nhạc thiếu nhi -> Khác,,,,,,,,,
41521180,,yêu tinh,2,Phim Hàn Quốc,yêu tinh,5,Phim Hàn Quốc,No,Unchanged,Unchanged,,,,,,,,,
41521913,,siêu nhân,2,Phim hoạt hình,siêu nhân,3,Phim hoạt hình,No,Unchanged,Unchanged,,,,,,,,,
41522922,,giống nòi,4,Khác,doraemon,4,Anime,Yes,Changed,Khác -> Anime,,,,,,,,,
41549701,,chàng hậu,8,Phim Hàn Quốc,hoa d,5,Khác,Yes,Changed,Phim Hàn Quốc -> Khác,,,,,,,,,
41582263,,thế giới động vật,2,Tìm kiếm chung / Tài liệu,thế giới động vật,2,Tìm kiếm chung / Tài liệu,No,Unchanged,Unchanged,,,,,,,,,
41614146,,hội pháp sư,3,Anime,lưỡi gươm diệt quỷ,3,Anime,Yes,Unchanged,Unchanged,,,,,,,,,
41614158,,tình yêu từ 0 đến 1,2,Phim Trung Quốc,cuộc chiến thượng lưu,2,Phim Hàn Quốc,Yes,Changed,Phim Trung Quốc -> Phim Hàn Quốc,,,,,,,,,
41641578,,pháp y tần minh,2,người đọc tâm : Phim Trung Quốc,nữ luật sư,2,Khác,Yes,Changed,người đọc tâm : Phim Trung Quốc -> Khác,,,,,,,,,
41642476,,voice,2,Phim Hàn Quốc,extraordinary you,6,Phim Hàn Quốc,Yes,Unchanged,Unchanged,,,,,,,,,
41650396,,chuyển sinh thành slime,2,Anime,phim,3,Khác,Yes,Changed,Anime -> Khác,,,,,,,,,
41720632,,nhất dạ tân nương,3,Phim Trung Quốc,minh châu rực rỡ,2,Phim Thái Lan,Yes,Changed,Phim Trung Quốc -> Phim Thái Lan,,,,,,,,,
41843567,,quán rượu di động,2,Khác,thanh gươm diệt quỷ chuyến tàu vô tận,2,Anime,Yes,Changed,Khác -> Anime,,,,,,,,,
41889699,,chu thu,2,Khác,chu thu,2,Khác,No,Unchanged,Unchanged,,,,,,,,,
41959413,,bolero,2,Âm nhạc,nối vòng tay lớn,3,Khác,Yes,Changed,Âm nhạc -> Khác,,,,,,,,,
41973992,,truong an nhu co,2,Khác,fary,10,Khác,Yes,Unchanged,Unchanged,,,,,,,,,
41995501,,tế công,2,Khác,ngôi trường xác sống,2,Khác,Yes,Unchanged,Unchanged,,,,,,,,,
4199671,,chồng hai vợ,3,Khác,làm dâu xứ lạ,4,Khác,Yes,Unchanged,Unchanged,,,,,,,,,
42012133,,khanh,2,Khác,thính tuyết lâu,2,Phim Trung Quốc,Yes,Changed,Khác -> Phim Trung Quốc,,,,,,,,,
42032041,,học viện anh hùng phần 5,3,Anime,học viện anh hùng phần 2,5,Anime,Yes,Unchanged,Unchanged,,,,,,,,,
42057177,,liên minh công lý phiên bản của zack snyder,2,phiên bản của zack snyder : Phim chiếu rạp / Siêu anh hùng,liên minh công lý phiên bản của zack snyder,2,phiên bản của zack snyder : Phim chiếu rạp / Siêu anh hùng,No,Unchanged,Unchanged,,,,,,,,,
42088066,,nghĩ sao khi,2,Khác,tìm kiếm bằng giọng nói,6,Tìm kiếm chung / Chức năng,Yes,Changed,Khác -> Tìm kiếm chung / Chức năng,,,,,,,,,
42097124,,sieu anh hung daany,3,Khác,c14 naruto,2,Anime,Yes,Changed,Khác -> Anime,,,,,,,,,
42188713,,tiên nữ cử tạ kim bok joo,2,Phim Hàn Quốc,sao băng,6,Khác,Yes,Changed,Phim Hàn Quốc -> Khác,,,,,,,,,
42211991,,kết hôn rồi bắt đầu yêu,15,Phim Trung Quốc,moi t,5,Khác,Yes,Changed,Phim Trung Quốc -> Khác,,,,,,,,,
42221353,,reply 1988,2,Phim Hàn Quốc,con ruột con riêng,2,Phim Hàn Quốc,Yes,Unchanged,Unchanged,,,,,,,,,
42227586,,đại chiến kén rể,3,Chương trình truyền hình,naruto,3,Anime,Yes,Changed,Chương trình truyền hình -> Anime,,,,,,,,,
4223457,,hoa bay,3,Khác,thời sự,2,Tìm kiếm chung / Tin tức,Yes,Changed,Khác -> Tìm kiếm chung / Tin tức,,,,,,,,,
42248372,,cuộc chiến thượng lưu,4,Phim Hàn Quốc,chàng hậu,2,Phim Hàn Quốc,Yes,Unchanged,Unchanged,,,,,,,,,
42263743,,yêu nhầm chị dâu,2,Phim Thái Lan,doraem,2,Khác,Yes,Changed,Phim Thái Lan -> Khác,,,,,,,,,
42295477,,thời sự,6,Tìm kiếm chung / Tin tức,thời sự,7,Tìm kiếm chung / Tin tức,No,Unchanged,Unchanged,,,,,,,,,
42325526,,siêu nhân,5,Phim hoạt hình,siêu nhân,6,Phim hoạt hình,No,Unchanged,Unchanged,,,,,,,,,
42381237,,frozen,3,Phim hoạt hình,iu,2,Khác,Yes,Changed,Phim hoạt hình -> Khác,,,,,,,,,
42434430,,bao thanh thiên,6,Phim Đài Loan,bao thanh thiên,9,Phim Đài Loan,No,Unchanged,Unchanged,,,,,,,,,
42485150,,nữ thanh tra tài ba,2,Phim Hàn Quốc,người thầy y đức,2,Phim Hàn Quốc,Yes,Unchanged,Unchanged,,,,,,,,,
42519146,,chuyện tình người đan áo,3,Khác,thế giới khủng long lãnh địa,3,Phim chiếu rạp,Yes,Changed,Khác -> Phim chiếu rạp,,,,,,,,,
42534772,,hàng xóm của tôi không chịu lớn,5,Phim Trung Quốc,định luật 80 20,2,Khác,Yes,Changed,Phim Trung Quốc -> Khác,,,,,,,,,
42551333,,ấu trùng tinh nghịch,2,Phim hoạt hình,avengers cuộc chiến vô cực,2,Khác,Yes,Changed,Phim hoạt hình -> Khác,,,,,,,,,
42578149,,cha cha cha,2,Khác,cha cha cha,3,Khác,No,Unchanged,Unchanged,,,,,,,,,
4259656,,bống bống bang bang,7,Âm nhạc thiếu nhi,bống bống bang bang,2,Âm nhạc thiếu nhi,No,Unchanged,Unchanged,,,,,,,,,
42671351,,lửa chiến,3,Khác,lửa chiến,3,Khác,No,Unchanged,Unchanged,,,,,,,,,
42680972,,lucy,2,Phim chiếu rạp / Hành động,anh em siêu quây,2,Khác,Yes,Changed,Phim chiếu rạp / Hành động -> Khác,,,,,,,,,
42703181,,hội pháp sư,3,Anime,hội pháp sư,19,Anime,No,Unchanged,Unchanged,,,,,,,,,
42714215,,chú vịt con,8,Âm nhạc thiếu nhi,chú vịt con,11,Âm nhạc thiếu nhi,No,Unchanged,Unchanged,,,,,,,,,
42724423,,bolero,2,Âm nhạc,bolero,7,Âm nhạc,No,Unchanged,Unchanged,,,,,,,,,
42791369,,overlord ii,9,Anime,chang trai nam,5,Khác,Yes,Changed,Anime -> Khác,,,,,,,,,
42794271,,mở chú thỏ con,16,Khác,mở chú thỏ con,8,Khác,No,Unchanged,Unchanged,,,,,,,,,
42831493,,trữ tình,28,Âm nhạc,trữ tình,17,Âm nhạc,No,Unchanged,Unchanged,,,,,,,,,
42831506,,fairy tail,14,Anime,fairy tail,11,Anime,No,Unchanged,Unchanged,,,,,,,,,
42943448,,lạ lắm à nha,3,Khác,giọng ca bí ẩn,2,Khác,Yes,Unchanged,Unchanged,,,,,,,,,
42970958,,penthouse 2,6,Phim Hàn Quốc,con tim sắt đá,4,Phim Thái Lan,Yes,Changed,Phim Hàn Quốc -> Phim Thái Lan,,,,,,,,,
43090572,,con ruột con riêng,2,Phim Hàn Quốc,hoa du ký,3,Phim Hàn Quốc,Yes,Unchanged,Unchanged,,,,,,,,,
43131657,,thiếu nhi,6,Tìm kiếm chung,thiếu nhi,5,Tìm kiếm chung,No,Unchanged,Unchanged,,,,,,,,,
43171451,,chú thuật hồi chiến,9,Anime,chú thuật hồi chiến,3,Anime,No,Unchanged,Unchanged,,,,,,,,,
43180107,,thiếu nhi,3,Tìm kiếm chung,john wick,3,Phim chiếu rạp / Hành động,Yes,Changed,Tìm kiếm chung -> Phim chiếu rạp / Hành động,,,,,,,,,
43215786,,vtv6 kênh,2,Kênh truyền hình,vtv3 kênh,2,Kênh truyền hình,Yes,Unchanged,Unchanged,,,,,,,,,
43230957,,kết hôn rồi bắt đầu yêu,2,Phim Trung Quốc,nỗi vương vấn của hạ tiên sinh,5,Phim Trung Quốc,Yes,Unchanged,Unchanged,,,,,,,,,
43301483,,attack on titan final season,3,Anime,overlord iii,2,Anime,Yes,Unchanged,Unchanged,,,,,,,,,
43393775,,danh gia vong toc,2,Khác,shooting stars,10,Phim Hàn Quốc,Yes,Changed,Khác -> Phim Hàn Quốc,,,,,,,,,
43461486,,mở video chú bộ đội,2,Khác,mở video đêm qua em mơ gặp bác hồ,5,Khác,Yes,Unchanged,Unchanged,,,,,,,,,
43481193,,liverpool real madrid xem lại trận đấu,3,Khác,tình yêu từ 0 đến 1,6,Phim Trung Quốc,Yes,Changed,Khác -> Phim Trung Quốc,,,,,,,,,
43502691,,chuyển sinh thành nhện,10,Anime,thanh gươm diệt quỷ phần kỹ viện trấn,5,Anime,Yes,Unchanged,Unchanged,,,,,,,,,
43572497,,ngôi sao tình yêu,24,Phim Hàn Quốc,ngôi sao tình yêu,36,Phim Hàn Quốc,No,Unchanged,Unchanged,,,,,,,,,
43613264,,vân tịch truyện,2,Phim Trung Quốc,sam sam đến rồi,2,Phim Trung Quốc,Yes,Unchanged,Unchanged,,,,,,,,,
43658037,,penthouse 2,2,Phim Hàn Quốc,yêu tinh,2,Phim Hàn Quốc,Yes,Unchanged,Unchanged,,,,,,,,,
43745860,,vương quốc pha lê,5,Khác,maycat,11,Khác,Yes,Unchanged,Unchanged,,,,,,,,,
43747076,,mật thất vây cá lội,2,Khác,nhất dạ tân nương 2,5,Phim Trung Quốc,Yes,Changed,Khác -> Phim Trung Quốc,,,,,,,,,
43766249,,cẩm tâm tựa ngọc,2,Khác,hạc lệ hoa đình,2,Khác,Yes,Unchanged,Unchanged,,,,,,,,,
43800061,,yêu tinh,5,Phim Hàn Quốc,bạn trai tôi là hồ ly,9,Phim Hàn Quốc,Yes,Unchanged,Unchanged,,,,,,,,,
43919429,,man on the moon,2,Khác,confession,2,Khác,Yes,Unchanged,Unchanged,,,,,,,,,
44025562,,kinporsche,2,Khác,cuộc chiến thượng lưu,2,Phim Hàn Quốc,Yes,Changed,Khác -> Phim Hàn Quốc,,,,,,,,,
44025927,,why her,2,Phim Hàn Quốc,mây họa ánh trăng,2,Phim Hàn Quốc,Yes,Unchanged,Unchanged,,,,,,,,,
44048936,,hotnews nl,2,Khác,tuyển tập phim ngắn việt nam,2,phim ngắn việt nam : Phim Việt Nam,Yes,Changed,Khác -> phim ngắn việt nam : Phim Việt Nam,,,,,,,,,
44086032,,tây bắc,4,Địa lý,red,2,Khác,Yes,Changed,Địa lý -> Khác,,,,,,,,,
44088662,,những chàng trai tham vọng,2,Phim Thái Lan,conan,2,Anime,Yes,Changed,Phim Thái Lan -> Anime,,,,,,,,,
44100266,,yêu tinh,3,Phim Hàn Quốc,ngọt ngào dành,3,Khác,Yes,Changed,Phim Hàn Quốc -> Khác,,,,,,,,,
44107015,,thần điêu đại hiệp,2,Khác,tam sinh tam thế thập lý đào hoa,2,Khác,Yes,Unchanged,Unchanged,,,,,,,,,
44117980,,larva,8,Khác,016tandu,24,Khác,Yes,Unchanged,Unchanged,,,,,,,,,
44133382,,thiếu nhi,6,Tìm kiếm chung,thiếu nhi,7,Tìm kiếm chung,No,Unchanged,Unchanged,,,,,,,,,
44134196,,ai l,2,Khác,horimiya,2,Anime,Yes,Changed,Khác -> Anime,,,,,,,,,
44149303,,vtv,2,Khác,lấy danh nghĩa người nhà,2,Phim Trung Quốc,Yes,Changed,Khác -> Phim Trung Quốc,,,,,,,,,
44218498,,chau tinh tri,16,Khác,anime,3,Khác,Yes,Unchanged,Unchanged,,,,,,,,,
4422493,,american wrestler the wizard,12,the wizard : Phim chiếu rạp,american wrestler the wizard,3,the wizard : Phim chiếu rạp,No,Unchanged,Unchanged,,,,,,,,,
44250266,,vô tình nhặt được tổng tài,3,Phim Trung Quốc,kết hôn rồi bắt đầu yêu,3,Phim Trung Quốc,Yes,Unchanged,Unchanged,,,,,,,,,
44346315,,huyết giới chiến tuyến phần 2,2,Khác,true beauty,2,Phim Hàn Quốc,Yes,Changed,Khác -> Phim Hàn Quốc,,,,,,,,,
44366672,,viet nam vs thai lan u,5,Khác,u19 thai lan vs u19 lao,3,Khác,Yes,Unchanged,Unchanged,,,,,,,,,
44372572,,naruto,3,Anime,chuyen s,2,Khác,Yes,Changed,Anime -> Khác,,,,,,,,,
44382411,,tom and jerry tales,3,Phim hoạt hình,người hùng tí hon,2,Khác,Yes,Changed,Phim hoạt hình -> Khác,,,,,,,,,
44411522,,sau khi làm chuyện ấy,2,Khác,khắc tinh ma cà rồng,3,Tâm linh,Yes,Changed,Khác -> Tâm linh,,,,,,,,,
44440415,,oggy,10,Phim hoạt hình,minio,3,Khác,Yes,Changed,Phim hoạt hình -> Khác,,,,,,,,,
44489439,,hồi kí vanitas,9,Anime,dr stone,21,Anime,Yes,Unchanged,Unchanged,,,,,,,,,
44521904,,người đẹp tóc mây,2,Phim hoạt hình,superman red son,3,Khác,Yes,Changed,Phim hoạt hình -> Khác,,,,,,,,,
44609491,,zombie zombie,2,Khác,hừng đông phần 1,2,Khác,Yes,Unchanged,Unchanged,,,,,,,,,
44620195,,overlord ii,3,Anime,chú thuật hồi chiến,2,Anime,Yes,Unchanged,Unchanged,,,,,,,,,
44640984,,fairy tail,23,Anime,fairy tail,5,Anime,No,Unchanged,Unchanged,,,,,,,,,
44674855,,con đường xưa em đi,4,Khác,trữ tình,6,Âm nhạc,Yes,Changed,Khác -> Âm nhạc,,,,,,,,,
44692077,,pháp sư đại tài,2,Khác,lưỡi gươm diệt quỷ,5,Anime,Yes,Changed,Khác -> Anime,,,,,,,,,
44692756,,prime provider,5,Khác,prime provider,2,Khác,No,Unchanged,Unchanged,,,,,,,,,
44732739,,cảnh đẹp ngày vui biết bao giờ,2,Phim Trung Quốc,nhất kiến khuynh tâm,6,Phim Trung Quốc,Yes,Unchanged,Unchanged,,,,,,,,,
44781571,,prime provider,2,Khác,siêu nhân,3,Phim hoạt hình,Yes,Changed,Khác -> Phim hoạt hình,,,,,,,,,
44787241,,liên minh công lý phiên bản của zack snyder,11,phiên bản của zack snyder : Phim chiếu rạp / Siêu anh hùng,liên minh công lý phiên bản của zack snyder,9,phiên bản của zack snyder : Phim chiếu rạp / Siêu anh hùng,No,Unchanged,Unchanged,,,,,,,,,
44858949,,nhất dạ tân nương,2,Phim Trung Quốc,nhất dạ tân nương,4,Phim Trung Quốc,No,Unchanged,Unchanged,,,,,,,,,
44900613,,sao băng,2,Khác,thanh thanh tử khâm,10,Phim Trung Quốc,Yes,Changed,Khác -> Phim Trung Quốc,,,,,,,,,
44911295,,bolero,8,Âm nhạc,bolero,3,Âm nhạc,No,Unchanged,Unchanged,,,,,,,,,
44934918,,lưu ly mỹ nhân sát,10,Phim Trung Quốc,phép màu,2,Khác,Yes,Changed,Phim Trung Quốc -> Khác,,,,,,,,,
44965820,,boruto naruto the movie,3,Anime,boruto naruto the movie,5,Anime,No,Unchanged,Unchanged,,,,,,,,,
44966400,,thương nhớ ở ai,2,Khác,hương vị tình yêu,6,Khác,Yes,Unchanged,Unchanged,,,,,,,,,
44987594,,annab,2,Khác,thu k,2,Khác,Yes,Unchanged,Unchanged,,,,,,,,,
45085454,,đao kiếm thần vực phần 4,2,Anime,sword art online alicization,2,alicization : Anime,Yes,Changed,Anime -> alicization : Anime,,,,,,,,,
45086788,,fairy tail,13,Anime,fairy tail,2,Anime,No,Unchanged,Unchanged,,,,,,,,,
45090339,,top gun,3,Phim chiếu rạp,top gun,3,Phim chiếu rạp,No,Unchanged,Unchanged,,,,,,,,,
45091895,,tình em biển cả,2,Khác,sapa nơi gặp gỡ đất trời,2,Khác,Yes,Unchanged,Unchanged,,,,,,,,,
45097509,,khách sạn bí ẩn,3,Khác,devil sister,2,Khác,Yes,Unchanged,Unchanged,,,,,,,,,
45102332,,hoi p,11,Khác,hoi p,3,Khác,No,Unchanged,Unchanged,,,,,,,,,
4512382,,sakura thủ lĩnh thẻ bài,9,Anime,hoa du ký,3,Phim Hàn Quốc,Yes,Changed,Anime -> Phim Hàn Quốc,,,,,,,,,
45154696,,liên minh công lý phiên bản của zack snyder,2,phiên bản của zack snyder : Phim chiếu rạp / Siêu anh hùng,perc,2,Khác,Yes,Changed,phiên bản của zack snyder : Phim chiếu rạp / Siêu anh hùng -> Khác,,,,,,,,,
45196991,,toàn chức cao thủ,3,Khác,vân tịch truyện,4,Phim Trung Quốc,Yes,Changed,Khác -> Phim Trung Quốc,,,,,,,,,
45220684,,ghiep trong,2,Khác,sơn trại tiểu manh chủ,2,Phim Trung Quốc,Yes,Changed,Khác -> Phim Trung Quốc,,,,,,,,,
45258949,,cảnh đẹp ngày vui biết bao giờ,2,Phim Trung Quốc,đậu kiêu,2,Khác,Yes,Changed,Phim Trung Quốc -> Khác,,,,,,,,,
45270389,,ho ly,9,Khác,cao va,5,Khác,Yes,Unchanged,Unchanged,,,,,,,,,
45281099,,fairy tail,2,Anime,fairy tail,3,Anime,No,Unchanged,Unchanged,,,,,,,,,
4532708,,mot doi mot,3,Khác,runningman,3,Khác,Yes,Unchanged,Unchanged,,,,,,,,,
45364644,,cuộc chiến thượng lưu 3,2,Phim Hàn Quốc,shooting stars,2,Phim Hàn Quốc,Yes,Unchanged,Unchanged,,,,,,,,,
45449041,,lý tiểu long và tôi,2,Phim ảnh,na tra ma đồng giáng thế,2,ma đồng giáng thế : Phim hoạt hình,Yes,Changed,Phim ảnh -> ma đồng giáng thế : Phim hoạt hình,,,,,,,,,
45454499,,machine,2,Khác,siêu nhân,2,Phim hoạt hình,Yes,Changed,Khác -> Phim hoạt hình,,,,,,,,,
45467409,,overlord ii,2,Anime,đặc nhiệm thám tử phần 3,2,Khác,Yes,Changed,Anime -> Khác,,,,,,,,,
45619484,,game,5,Khác,phim ma,2,Tâm linh,Yes,Changed,Khác -> Tâm linh,,,,,,,,,
45699028,,giữa thanh xuân,2,Phim Trung Quốc,eve,2,Phim Hàn Quốc,Yes,Changed,Phim Trung Quốc -> Phim Hàn Quốc,,,,,,,,,
45732129,,liên minh công lý phiên bản của zack snyder,4,phiên bản của zack snyder : Phim chiếu rạp / Siêu anh hùng,liên minh công lý phiên bản của zack snyder,2,phiên bản của zack snyder : Phim chiếu rạp / Siêu anh hùng,No,Unchanged,Unchanged,,,,,,,,,
45747494,,trận đá bóng bán kết trận thứ hai ngày 11 6 2022,2,Khác,gặp em cô gái rực rỡ,2,Khác,Yes,Unchanged,Unchanged,,,,,,,,,
45756778,,sống hay chết,2,Khác,khu rừng bí mật,4,Khác,Yes,Unchanged,Unchanged,,,,,,,,,
45853788,,call me by yours name,2,Khác,hoc vien do den,2,Khác,Yes,Unchanged,Unchanged,,,,,,,,,
45861001,,one piece phim,3,phim : Anime,boruto naruto the movie,4,Anime,Yes,Changed,phim : Anime -> Anime,,,,,,,,,
45867339,,thanh gươm diệt quỷ phần kỹ viện trấn,2,Anime,chú thuật hồi chiến,2,Anime,Yes,Unchanged,Unchanged,,,,,,,,,
45869961,,mở youtube coi em bé xảy ngựa,2,Nền tảng,tân ỷ thiên đồ long ký 2019,2,Khác,Yes,Changed,Nền tảng -> Khác,,,,,,,,,
45932623,,tìm kiếm bằng giọng nói,4,Tìm kiếm chung / Chức năng,thư ký kim sao thế,2,Phim Hàn Quốc,Yes,Changed,Tìm kiếm chung / Chức năng -> Phim Hàn Quốc,,,,,,,,,
45942007,,pokémon,5,Anime,tom and jerry tales,2,Phim hoạt hình,Yes,Changed,Anime -> Phim hoạt hình,,,,,,,,,
45978953,,baby shark,2,Âm nhạc thiếu nhi,khủng long,2,Động vật,Yes,Changed,Âm nhạc thiếu nhi -> Động vật,,,,,,,,,
46084149,,fary tail,2,Khác,fairy tail final,3,Anime,Yes,Changed,Khác -> Anime,,,,,,,,,
46113687,,thu linh,2,Khác,lạp tội đồ giám,9,Phim Trung Quốc,Yes,Changed,Khác -> Phim Trung Quốc,,,,,,,,,
46200961,,đẳng cấp thượng lưu,2,Phim Hàn Quốc,boss,2,Khác,Yes,Changed,Phim Hàn Quốc -> Khác,,,,,,,,,
4626771,,battleship,4,Khác,kẻ hủy diệt,3,Khác,Yes,Unchanged,Unchanged,,,,,,,,,
4628992,,diệp lâm anh ly thân chồng,2,Khác,miền đất hứa,3,Anime,Yes,Changed,Khác -> Anime,,,,,,,,,
46452204,,thiên nga đen,2,Phim chiếu rạp,bất động sản trừ tà,2,Phim Hàn Quốc,Yes,Changed,Phim chiếu rạp -> Phim Hàn Quốc,,,,,,,,,
46496139,,thám tử phố tàu,2,Khác,sóng tử thần,2,Khác,Yes,Unchanged,Unchanged,,,,,,,,,
46505942,,happi,3,Khác,học viện anh hùng phần 4,3,Anime,Yes,Changed,Khác -> Anime,,,,,,,,,
46566901,,kế hoạch nguồn nhịp tim,3,Khác,thế giới cool ngầu,7,Khác,Yes,Unchanged,Unchanged,,,,,,,,,
46609721,,attack on titan season 4,4,Anime,sao băng,8,Khác,Yes,Changed,Anime -> Khác,,,,,,,,,
46638585,,tái sinh báo thù,3,Phim ảnh,kẻ trộm mặt trăng minions,2,minions : Phim hoạt hình,Yes,Changed,Phim ảnh -> minions : Phim hoạt hình,,,,,,,,,
46671217,,luu l,11,Khác,luu l,6,Khác,No,Unchanged,Unchanged,,,,,,,,,
46734378,,cuộc chiến thượng lưu 3,2,Phim Hàn Quốc,diên hi công lược,2,Khác,Yes,Changed,Phim Hàn Quốc -> Khác,,,,,,,,,
46740205,,em là thành trì doanh lũy của anh,3,Phim Trung Quốc,p hoi ci em,2,Khác,Yes,Changed,Phim Trung Quốc -> Khác,,,,,,,,,
46790478,,fairy tail,2,Anime,người thừa kế,2,Khác,Yes,Changed,Anime -> Khác,,,,,,,,,
46912252,,hóa ra em rất yêu anh,2,Khác,chàng hậu,2,Phim Hàn Quốc,Yes,Changed,Khác -> Phim Hàn Quốc,,,,,,,,,
46917306,,bolero,7,Âm nhạc,bolero,9,Âm nhạc,No,Unchanged,Unchanged,,,,,,,,,
47018381,,jurassic world,2,Khác,the karate kid,2,Khác,Yes,Unchanged,Unchanged,,,,,,,,,
47115566,,ghibli,6,Anime,kiki,2,Khác,Yes,Changed,Anime -> Khác,,,,,,,,,
47129096,,khách sạn ma quái,5,Phim Hàn Quốc,18 again,22,Khác,Yes,Changed,Phim Hàn Quốc -> Khác,,,,,,,,,
47212215,,hoa của quỷ,2,Phim Hàn Quốc,hoa thiên cốt,3,Phim Trung Quốc,Yes,Changed,Phim Hàn Quốc -> Phim Trung Quốc,,,,,,,,,
47349947,,kênh vtv1,3,Kênh truyền hình,học viện anh hùng phần 5,2,Anime,Yes,Changed,Kênh truyền hình -> Anime,,,,,,,,,
4745253,,bà ơi bà,7,Khác,con cá sấu,6,Khác,Yes,Unchanged,Unchanged,,,,,,,,,
47473567,,hoqan,5,Khác,naruto,6,Anime,Yes,Changed,Khác -> Anime,,,,,,,,,
47482886,,hội pháp sư,2,Anime,hội pháp sư phần cuối,3,Anime,Yes,Unchanged,Unchanged,,,,,,,,,
47490532,,fat girl,12,Khác,fat girl,8,Khác,No,Unchanged,Unchanged,,,,,,,,,
47581180,,produce,2,Chương trình Hàn Quốc,kake,3,Khác,Yes,Changed,Chương trình Hàn Quốc -> Khác,,,,,,,,,
4772202,,shooting stars,4,Phim Hàn Quốc,yêu tinh,9,Phim Hàn Quốc,Yes,Unchanged,Unchanged,,,,,,,,,
47926882,,nhạc lính,4,Khác,trữ tình,4,Âm nhạc,Yes,Changed,Khác -> Âm nhạc,,,,,,,,,
47989191,,hoa gian tân,2,Khác,thư ký kim sao thế,3,Phim Hàn Quốc,Yes,Changed,Khác -> Phim Hàn Quốc,,,,,,,,,
48119940,,lưu ly mỹ nhân sát,5,Phim Trung Quốc,bầu trời rực đỏ,2,Phim Hàn Quốc,Yes,Changed,Phim Trung Quốc -> Phim Hàn Quốc,,,,,,,,,
48294743,,nhanh như chớp,8,Khác,nhanh như chớp,6,Khác,No,Unchanged,Unchanged,,,,,,,,,
48492391,,vân tịch truyện,2,Phim Trung Quốc,iland,9,Khác,Yes,Changed,Phim Trung Quốc -> Khác,,,,,,,,,
48723380,,penthouse 3,5,Phim Hàn Quốc,hậu duệ mặt trời,2,Phim Hàn Quốc,Yes,Unchanged,Unchanged,,,,,,,,,
48802473,,hoa của quỷ,4,Phim Hàn Quốc,cặp đôi lệch,2,Khác,Yes,Changed,Phim Hàn Quốc -> Khác,,,,,,,,,
48826185,,thế giới động vật,2,Tìm kiếm chung / Tài liệu,thế giới động vật,2,Tìm kiếm chung / Tài liệu,No,Unchanged,Unchanged,,,,,,,,,
48918109,,khủng long,2,Động vật,những người vui tính,2,Khác,Yes,Changed,Động vật -> Khác,,,,,,,,,
49013771,,siêu nhân,7,Phim hoạt hình,siêu nhân,2,Phim hoạt hình,No,Unchanged,Unchanged,,,,,,,,,
49031558,,baby shark,24,Âm nhạc thiếu nhi,baby shark,15,Âm nhạc thiếu nhi,No,Unchanged,Unchanged,,,,,,,,,
49048285,,siêu nhân,2,Phim hoạt hình,jimmy fallon catchphrase,2,Khác,Yes,Changed,Phim hoạt hình -> Khác,,,,,,,,,
49059063,,tây du ký,2,Phim Trung Quốc,ngôi sao khoai tây,13,Phim Hàn Quốc,Yes,Changed,Phim Trung Quốc -> Phim Hàn Quốc,,,,,,,,,
49085048,,ẩm thực tây bắc,2,Địa lý,thợ rừng,2,Khác,Yes,Changed,Địa lý -> Khác,,,,,,,,,
4911541,,hạnh phúc trong tầm tay,2,Phim Trung Quốc,mùa hè của hồ ly,2,Phim Trung Quốc,Yes,Unchanged,Unchanged,,,,,,,,,
49125512,,ghost,2,Khác,conan,2,Anime,Yes,Changed,Khác -> Anime,,,,,,,,,
49127579,,chảo lửa tình yêu,10,Khác,tik tak tail,2,Khác,Yes,Unchanged,Unchanged,,,,,,,,,
49144349,,hoa của quỷ,7,Phim Hàn Quốc,nga quy,3,Khác,Yes,Changed,Phim Hàn Quốc -> Khác,,,,,,,,,
49144808,,thử thách thần tượng,5,Chương trình truyền hình,thử thách thần tượng,6,Chương trình truyền hình,No,Unchanged,Unchanged,,,,,,,,,
49152661,,ban sung,2,Khác,yout,2,Khác,Yes,Unchanged,Unchanged,,,,,,,,,
49155703,,caribe,2,Khác,kế hoạch thoát ế,2,Khác,Yes,Unchanged,Unchanged,,,,,,,,,
49158181,,penthouse 3,3,Phim Hàn Quốc,cách mạng tình yêu,2,Khác,Yes,Changed,Phim Hàn Quốc -> Khác,,,,,,,,,
49163277,,naruto,2,Anime,naruto,2,Anime,No,Unchanged,Unchanged,,,,,,,,,
49189319,,cong to,7,Khác,gia tai,12,Khác,Yes,Unchanged,Unchanged,,,,,,,,,
49194496,,kênh vtv1,2,Kênh truyền hình,kênh vtv1,3,Kênh truyền hình,No,Unchanged,Unchanged,,,,,,,,,
49205740,,mộng hoa lục,2,Phim ảnh,xóm nhiều chuyện,3,Khác,Yes,Changed,Phim ảnh -> Khác,,,,,,,,,
49206657,,phim việt nam hay nhất 2021 xin chào hạnh phúc người giúp việc trọn bộ,6,Khác,nasdaily,6,Khác,Yes,Unchanged,Unchanged,,,,,,,,,
49209765,,yêu trong đau thương,11,Khác,lật mặt,2,Khác,Yes,Unchanged,Unchanged,,,,,,,,,
49210915,,fairy tail,11,Anime,attack on titan season 2 shingeki no kyojin,2,Anime,Yes,Unchanged,Unchanged,,,,,,,,,
49228293,,dien hi cong,4,Khác,diên hy công lược,2,Phim Trung Quốc,Yes,Changed,Khác -> Phim Trung Quốc,,,,,,,,,
49228561,,em đẹp nhất là khi mỉm cười,19,Phim Trung Quốc,em đẹp nhất là khi mỉm cười,3,Phim Trung Quốc,No,Unchanged,Unchanged,,,,,,,,,
49230251,,zombei,4,Khác,biệt đội chó bull,3,Khác,Yes,Unchanged,Unchanged,,,,,,,,,
49232770,,tìm kiếm bằng giọng nói,5,Tìm kiếm chung / Chức năng,tìm kiếm bằng giọng nói,5,Tìm kiếm chung / Chức năng,No,Unchanged,Unchanged,,,,,,,,,
49253884,,nhactre,7,Khác,liên minh công lý phiên bản của zack snyder,2,phiên bản của zack snyder : Phim chiếu rạp / Siêu anh hùng,Yes,Changed,Khác -> phiên bản của zack snyder : Phim chiếu rạp / Siêu anh hùng,,,,,,,,,
49266291,,tìm kiếm bằng giọng nói,2,Tìm kiếm chung / Chức năng,buc ma,2,Tâm linh,Yes,Changed,Tìm kiếm chung / Chức năng -> Tâm linh,,,,,,,,,
49271472,,chung toi,4,Khác,khach,3,Khác,Yes,Unchanged,Unchanged,,,,,,,,,
49307188,,dục vọng tình yêu,2,Phim Thái Lan,u23 việt nam u23 thái lan vỡ oà cảm xúc,2,Khác,Yes,Changed,Phim Thái Lan -> Khác,,,,,,,,,
49316597,,fairy,3,Khác,fairy tail,9,Anime,Yes,Changed,Khác -> Anime,,,,,,,,,
49348311,,mẹ,3,Khác,hiền mai,2,Khác,Yes,Unchanged,Unchanged,,,,,,,,,
49356690,,lê hấp đường phèn,7,Phim Trung Quốc,mua he cua,2,Khác,Yes,Changed,Phim Trung Quốc -> Khác,,,,,,,,,
49360859,,eve,2,Phim Hàn Quốc,gia truyền s1,3,Khác,Yes,Changed,Phim Hàn Quốc -> Khác,,,,,,,,,
49363288,,nữ thanh tra tài ba,3,Phim Hàn Quốc,meet li,2,Khác,Yes,Changed,Phim Hàn Quốc -> Khác,,,,,,,,,
49368782,,bảng chữ cái,8,Khác,bảng chữ cái,5,Khác,No,Unchanged,Unchanged,,,,,,,,,
49372618,,truyền thông indonesia hài lòng về 1 điểm trước tuyển việt nam,7,Khác,truyền thông indonesia hài lòng về 1 điểm trước tuyển việt nam,16,Khác,No,Unchanged,Unchanged,,,,,,,,,
49372658,,võ mỵ nương truyền kỳ,2,Phim Trung Quốc,vườn sao băng,4,Khác,Yes,Changed,Phim Trung Quốc -> Khác,,,,,,,,,
49373281,,làm sao boss lại làm sao nữa,2,Phim Trung Quốc,giao dịch tình yêu,2,Khác,Yes,Changed,Phim Trung Quốc -> Khác,,,,,,,,,
49389834,,cuộc chiến thượng lưu,7,Phim Hàn Quốc,kim tịch hà tịch,2,Phim Trung Quốc,Yes,Changed,Phim Hàn Quốc -> Phim Trung Quốc,,,,,,,,,
49434569,,trực tiếp bóng đá việt nam hàn quốc,2,Khác,thái lan với lào u19 đông nam á thái lan với lào,2,Khác,Yes,Unchanged,Unchanged,,,,,,,,,
49452259,,hậu duệ mặt trời,2,Phim Hàn Quốc,hậu duệ mặt trời,2,Phim Hàn Quốc,No,Unchanged,Unchanged,,,,,,,,,
49462224,,đặc vụ áo đen 2,2,Khác,the little mermaid,2,Phim chiếu rạp,Yes,Changed,Khác -> Phim chiếu rạp,,,,,,,,,
49503371,,bằng chứng thép 4,2,Phim Hồng Kông,yêu từng centimet,2,Phim Trung Quốc,Yes,Changed,Phim Hồng Kông -> Phim Trung Quốc,,,,,,,,,
49508431,,thiên nga bóng đêm,3,Phim Hàn Quốc,hồ sơ trinh sát,3,Phim Hồng Kông,Yes,Changed,Phim Hàn Quốc -> Phim Hồng Kông,,,,,,,,,
49513593,,minh la,3,Khác,minh l,22,Khác,Yes,Unchanged,Unchanged,,,,,,,,,
49513771,,em là thành trì doanh lũy của anh,4,Phim Trung Quốc,vẻ đẹp đích thực,2,Phim Hàn Quốc,Yes,Changed,Phim Trung Quốc -> Phim Hàn Quốc,,,,,,,,,
49515848,,chú thuật hồi chiến,10,Anime,conan,2,Anime,Yes,Unchanged,Unchanged,,,,,,,,,
49517627,,chie,2,Khác,chien d,3,Khác,Yes,Unchanged,Unchanged,,,,,,,,,
49525286,,chuyện bà tám,3,Khác,chuyện bà tám,6,Khác,No,Unchanged,Unchanged,,,,,,,,,
49526704,,on titan,2,Anime,academia,6,Khác,Yes,Changed,Anime -> Khác,,,,,,,,,
49555583,,chú voi đi lạc,2,Khác,đêm kinh hoàng,2,Khác,Yes,Unchanged,Unchanged,,,,,,,,,
49560310,,kim b,13,Khác,thu k,9,Khác,Yes,Unchanged,Unchanged,,,,,,,,,
49588043,,hai con thằn lằn con,3,Khác,hai con thằn lằn con,7,Khác,No,Unchanged,Unchanged,,,,,,,,,
49620520,,doraemon,5,Anime,phim hành động,3,Thể loại phim,Yes,Changed,Anime -> Thể loại phim,,,,,,,,,
49621993,,sakura thủ lĩnh thẻ bài,7,Anime,em đẹp nhất là khi mỉm cười,3,Phim Trung Quốc,Yes,Changed,Anime -> Phim Trung Quốc,,,,,,,,,
49626817,,danh y vượt thời gian,2,Khác,kim tịch hà tịch,5,Phim Trung Quốc,Yes,Changed,Khác -> Phim Trung Quốc,,,,,,,,,
49633200,,chàng hậu,2,Phim Hàn Quốc,vẻ đẹp đích thực,3,Phim Hàn Quốc,Yes,Unchanged,Unchanged,,,,,,,,,
49641655,,counjuring,2,Khác,anna,2,Phim Hàn Quốc,Yes,Changed,Khác -> Phim Hàn Quốc,,,,,,,,,
49642033,,định mệnh anh yêu em,2,Phim Đài Loan,2 tuần,4,Khác,Yes,Changed,Phim Đài Loan -> Khác,,,,,,,,,
49657783,,boruto naruto the movie,3,Anime,boruto naruto the movie,2,Anime,No,Unchanged,Unchanged,,,,,,,,,
49658883,,khi người đàn ông yêu,2,Khác,bắt ma phá án,3,Phim Hàn Quốc,Yes,Changed,Khác -> Phim Hàn Quốc,,,,,,,,,
49660446,,van t,2,Khác,tuong q,2,Khác,Yes,Unchanged,Unchanged,,,,,,,,,
49673986,,mat t,2,Khác,hon ca,2,Khác,Yes,Unchanged,Unchanged,,,,,,,,,
49688307,,qq ô tô,15,Khác,ô tô cần cẩu,6,Khác,Yes,Unchanged,Unchanged,,,,,,,,,
49710743,,chuyện tình bác sĩ,2,Phim Hàn Quốc,vô tình tìm thấy cậu,2,Khác,Yes,Changed,Phim Hàn Quốc -> Khác,,,,,,,,,
49761978,,trữ tình,2,Âm nhạc,trữ tình,2,Âm nhạc,No,Unchanged,Unchanged,,,,,,,,,
49782125,,liên khúc tuấn vũ,4,Âm nhạc,liên khúc modern talking,2,Âm nhạc,Yes,Unchanged,Unchanged,,,,,,,,,
49809194,,hoi p,10,Khác,hoi p,31,Khác,No,Unchanged,Unchanged,,,,,,,,,
49809776,,repply,2,Khác,tìm kiếm bằng giọng nói,16,Tìm kiếm chung / Chức năng,Yes,Changed,Khác -> Tìm kiếm chung / Chức năng,,,,,,,,,
49815668,,nhat he,2,Khác,doi xe bien hinh,3,Khác,Yes,Unchanged,Unchanged,,,,,,,,,
49819300,,su tr,2,Khác,attack on titan final season,2,Anime,Yes,Changed,Khác -> Anime,,,,,,,,,
49848063,,siêu nhân,5,Phim hoạt hình,thủy thủ mặt trăng,4,Khác,Yes,Changed,Phim hoạt hình -> Khác,,,,,,,,,
4987747,,thiên nga đen,2,Phim chiếu rạp,nhất kiến khuynh tâm,4,Phim Trung Quốc,Yes,Changed,Phim chiếu rạp -> Phim Trung Quốc,,,,,,,,,
49900042,,thiếu lâm tự,2,Khác,thu hiền,13,Khác,Yes,Unchanged,Unchanged,,,,,,,,,
49901430,,attack on titan season 4,10,Anime,attack on titan season 4,4,Anime,No,Unchanged,Unchanged,,,,,,,,,
49902309,,minh châu rực rỡ,2,Phim Thái Lan,yêu thầm anh xã,3,Phim Thái Lan,Yes,Unchanged,Unchanged,,,,,,,,,
49926520,,như ý phương phi,2,Khác,miễn bầu trời còn có mặt trời,2,Phim Thái Lan,Yes,Changed,Khác -> Phim Thái Lan,,,,,,,,,
49930066,,cổ trang,2,Khác,phim hoang đế,2,Khác,Yes,Unchanged,Unchanged,,,,,,,,,
49954338,,sweetygame,3,Khác,tìm kiếm bằng giọng nói,8,Tìm kiếm chung / Chức năng,Yes,Changed,Khác -> Tìm kiếm chung / Chức năng,,,,,,,,,
49955764,,thu,2,Khác,khi bóng,2,Khác,Yes,Unchanged,Unchanged,,,,,,,,,
49967167,,cô dâu bị bán,2,Khác,minh châu rực rỡ,5,Phim Thái Lan,Yes,Changed,Khác -> Phim Thái Lan,,,,,,,,,
49978922,,gia đình là số 1 phần 2,23,Phim Hàn Quốc,gia đình là số 1 phần 2,2,Phim Hàn Quốc,No,Unchanged,Unchanged,,,,,,,,,
49986293,,buoc qua ranh gioi,2,Khác,can mot bo vai,2,Khác,Yes,Unchanged,Unchanged,,,,,,,,,
49988762,,vtv,2,Khác,vtv,2,Khác,No,Unchanged,Unchanged,,,,,,,,,
49996314,,mèo oggy và những chú gián tinh nghịch,2,Phim hoạt hình,the little mermaid,2,Phim chiếu rạp,Yes,Changed,Phim hoạt hình -> Phim chiếu rạp,,,,,,,,,
49996981,,thế giới động vật,2,Tìm kiếm chung / Tài liệu,thế giới động vật,2,Tìm kiếm chung / Tài liệu,No,Unchanged,Unchanged,,,,,,,,,
49998544,,gokusen,2,Khác,sk8,2,Khác,Yes,Unchanged,Unchanged,,,,,,,,,
5112425,,phim hành động,5,Thể loại phim,phim hành động,2,Thể loại phim,No,Unchanged,Unchanged,,,,,,,,,
524060,,taoma,4,Khác,nhac boc nhat,3,Khác,Yes,Unchanged,Unchanged,,,,,,,,,
5753391,,siêu nhân,5,Phim hoạt hình,tìm mẹ,2,Chương trình truyền hình,Yes,Changed,Phim hoạt hình -> Chương trình truyền hình,,,,,,,,,
5943944,,pháp y tần minh người đọc tâm,3,người đọc tâm : Phim Trung Quốc,oan gia phòng cấp cứu,2,Khác,Yes,Changed,người đọc tâm : Phim Trung Quốc -> Khác,,,,,,,,,
7041922,,hai thế giới,2,Phim Hàn Quốc,overlord ii,2,Anime,Yes,Changed,Phim Hàn Quốc -> Anime,,,,,,,,,
7187257,,lấy danh nghĩa người nhà,6,Phim Trung Quốc,lọ lem,4,Khác,Yes,Changed,Phim Trung Quốc -> Khác,,,,,,,,,
7331316,,choc tuc vo yeu,2,Khác,giữa thanh xuân,3,Phim Trung Quốc,Yes,Changed,Khác -> Phim Trung Quốc,,,,,,,,,
7354179,,lưỡi gươm diệt quỷ,2,Anime,vùng đất linh hồn,2,Tâm linh,Yes,Changed,Anime -> Tâm linh,,,,,,,,,
7380240,,mộng hoa lục,3,Phim ảnh,dữ quân ca,2,Khác,Yes,Changed,Phim ảnh -> Khác,,,,,,,,,
7429014,,be mbitious,2,Chương trình Hàn Quốc,be,2,Khác,Yes,Changed,Chương trình Hàn Quốc -> Khác,,,,,,,,,
762913,,jujutsu kaisen,2,Anime,luffy,4,Anime,Yes,Unchanged,Unchanged,,,,,,,,,
7687303,,chu bo doi nhac thieu nhi,6,Tìm kiếm chung,winx,5,Khác,Yes,Changed,Tìm kiếm chung -> Khác,,,,,,,,,
787239,,mở baby shark,2,Âm nhạc thiếu nhi,mở châu chấu,2,Khác,Yes,Changed,Âm nhạc thiếu nhi -> Khác,,,,,,,,,
8146443,,cô nàng trong trắng oh woo ri,2,Phim Hàn Quốc,cách mạng tình yêu,2,Khác,Yes,Changed,Phim Hàn Quốc -> Khác,,,,,,,,,
8150617,,bolero,6,Âm nhạc,bolero,3,Âm nhạc,No,Unchanged,Unchanged,,,,,,,,,
8244731,,liên minh công lý phiên bản của zack snyder,2,phiên bản của zack snyder : Phim chiếu rạp / Siêu anh hùng,liên minh công lý phiên bản của zack snyder,2,phiên bản của zack snyder : Phim chiếu rạp / Siêu anh hùng,No,Unchanged,Unchanged,,,,,,,,,
8287000,,luu l,6,Khác,gundam,2,Anime,Yes,Changed,Khác -> Anime,,,,,,,,,
8346286,,mộng hoa,2,Khác,tinh hoa,2,Khác,Yes,Unchanged,Unchanged,,,,,,,,,
8418056,,liên minh công lý phiên bản của zack snyder,3,phiên bản của zack snyder : Phim chiếu rạp / Siêu anh hùng,người sắt,4,Khác,Yes,Changed,phiên bản của zack snyder : Phim chiếu rạp / Siêu anh hùng -> Khác,,,,,,,,,
862437,,mission impossible,2,Khác,anime,2,Khác,Yes,Unchanged,Unchanged,,,,,,,,,
8744525,,doraemon,12,Anime,co n,2,Khác,Yes,Changed,Anime -> Khác,,,,,,,,,
8786377,,cuộc chiến thượng lưu,5,Phim Hàn Quốc,cô nàng cử tạ,3,Khác,Yes,Changed,Phim Hàn Quốc -> Khác,,,,,,,,,
8979612,,oggy,7,Phim hoạt hình,su ti,5,Khác,Yes,Changed,Phim hoạt hình -> Khác,,,,,,,,,
90158426,,tha thi thien ha,3,Khác,hàng xóm của tôi không chịu lớn,2,Phim Trung Quốc,Yes,Changed,Khác -> Phim Trung Quốc,,,,,,,,,
90234181,,dr stone season 2,2,Anime,fairy tail,2,Anime,Yes,Unchanged,Unchanged,,,,,,,,,
9028794,,la chính,2,Khác,chảo lửa tình yêu,2,Khác,Yes,Unchanged,Unchanged,,,,,,,,,
90333076,,vtv1,2,Kênh truyền hình,vtv1,2,Kênh truyền hình,No,Unchanged,Unchanged,,,,,,,,,
90349155,,sao băng,2,Khác,hôn lễ vĩnh hằng,2,Khác,Yes,Unchanged,Unchanged,,,,,,,,,
90457177,,phim công chúa ohrora,2,Khác,bạn gái lầu dưới xinh kỳ nhận thuyết minh,2,Khác,Yes,Unchanged,Unchanged,,,,,,,,,
90495703,,đàn gà trong sân,4,Khác,đàn gà trong sân,2,Khác,No,Unchanged,Unchanged,,,,,,,,,
90496985,,kenshin,2,Khác,run,2,Khác,Yes,Unchanged,Unchanged,,,,,,,,,
90508614,,cảnh đẹp ngày vui biết bao giờ,11,Phim Trung Quốc,nhất dạ tân nương 2,7,Phim Trung Quốc,Yes,Unchanged,Unchanged,,,,,,,,,
90561459,,eve,2,Phim Hàn Quốc,đêm tối tokyo,2,Khác,Yes,Changed,Phim Hàn Quốc -> Khác,,,,,,,,,
90587887,,thách thức danh hài,5,Chương trình truyền hình,biet tai ti hon,2,Khác,Yes,Changed,Chương trình truyền hình -> Khác,,,,,,,,,
90627835,,trữ tình,4,Âm nhạc,che linh thanh tuyen,2,Khác,Yes,Changed,Âm nhạc -> Khác,,,,,,,,,
90645971,,cuộc chiến,3,Khác,con ruột con riêng,7,Phim Hàn Quốc,Yes,Changed,Khác -> Phim Hàn Quốc,,,,,,,,,
90652185,,luu l,4,Khác,phù dao hoàng hậu,4,Phim Trung Quốc,Yes,Changed,Khác -> Phim Trung Quốc,,,,,,,,,
90680927,,oggy,5,Phim hoạt hình,ghost doctor,5,Khác,Yes,Changed,Phim hoạt hình -> Khác,,,,,,,,,
90682046,,người anh yêu chính là em,2,Khác,em là niềm kiêu hãnh của anh,2,Khác,Yes,Unchanged,Unchanged,,,,,,,,,
90754985,,bằng chứng thép,2,Phim Hồng Kông,tinh hà xán lạn 56 tập love like the galaxy,2,Phim Trung Quốc,Yes,Changed,Phim Hồng Kông -> Phim Trung Quốc,,,,,,,,,
90811924,,chiến tranh giữa các vì sao tập i hiểm họa bóng ma,3,Tâm linh,chiến tranh giữa các vì sao tập i hiểm họa bóng ma,3,Tâm linh,No,Unchanged,Unchanged,,,,,,,,,
90920023,,boruto,7,naruto the movie : Anime,boruto,4,naruto the movie : Anime,No,Unchanged,Unchanged,,,,,,,,,
90983450,,đội bay siêu đẳng,12,Khác,đội bay siêu đẳng,8,Khác,No,Unchanged,Unchanged,,,,,,,,,
90990517,,hospital ship,2,Khác,zootopia,2,Khác,Yes,Unchanged,Unchanged,,,,,,,,,
91097076,,trầm thụy hoa viên,3,Khác,10 năm 3 tháng 30 ngày,2,Phim Trung Quốc,Yes,Changed,Khác -> Phim Trung Quốc,,,,,,,,,
91161192,,bong da giao huu,2,Khác,yêu tinh,2,Phim Hàn Quốc,Yes,Changed,Khác -> Phim Hàn Quốc,,,,,,,,,
91166436,,cùng em bay lượn theo gió,2,Phim Trung Quốc,phim hoa ngữ,2,Khác,Yes,Changed,Phim Trung Quốc -> Khác,,,,,,,,,
91378133,,blended,6,Khác,biệt đội siêu anh hùng,3,Phim chiếu rạp / Siêu anh hùng,Yes,Changed,Khác -> Phim chiếu rạp / Siêu anh hùng,,,,,,,,,
91440439,,cháu yêu chú bộ đội,9,Khác,cháu yêu chú bộ đội,8,Khác,No,Unchanged,Unchanged,,,,,,,,,
91571150,,hat cung,3,Khác,cocomelon,12,Khác,Yes,Unchanged,Unchanged,,,,,,,,,
91586691,,bác sĩ luật sư,2,Y khoa,đời sống ngục tù,3,Phim Hàn Quốc,Yes,Changed,Y khoa -> Phim Hàn Quốc,,,,,,,,,
91948579,,bác sĩ,2,Y khoa,minh c,2,Khác,Yes,Changed,Y khoa -> Khác,,,,,,,,,
91969860,,naruto,2,Anime,untraman,11,Khác,Yes,Changed,Anime -> Khác,,,,,,,,,
91976745,,cỗ máy thời gian,3,Khác,sher,8,Khác,Yes,Unchanged,Unchanged,,,,,,,,,
92008904,,cô nàng trong trắng oh woo ri,2,Phim Hàn Quốc,hoa gian tân nương,2,Phim Trung Quốc,Yes,Changed,Phim Hàn Quốc -> Phim Trung Quốc,,,,,,,,,
92081398,,prime provider,2,Khác,prime provider,2,Khác,No,Unchanged,Unchanged,,,,,,,,,
92176916,,hương mật tựa khói sương,19,Phim Trung Quốc,mặt trời của chàng joo,4,Khác,Yes,Changed,Phim Trung Quốc -> Khác,,,,,,,,,
92241812,,sao băng,4,Khác,sword art online alicization,2,alicization : Anime,Yes,Changed,Khác -> alicization : Anime,,,,,,,,,
92308157,,bên nhau trọn đời,2,Phim Trung Quốc,nhất kiến khuynh tâm,3,Phim Trung Quốc,Yes,Unchanged,Unchanged,,,,,,,,,
92396243,,chàng hậu,2,Phim Hàn Quốc,true beauty,2,Phim Hàn Quốc,Yes,Unchanged,Unchanged,,,,,,,,,
92459448,,46 ngày san bằng đám cưới,2,Phim Thái Lan,tìm em trong ký ức,2,Khác,Yes,Changed,Phim Thái Lan -> Khác,,,,,,,,,
92469418,,fresh,4,Khác,fresh,3,Khác,No,Unchanged,Unchanged,,,,,,,,,
92474755,,fairy tail,2,Anime,overlord iv,4,Anime,Yes,Unchanged,Unchanged,,,,,,,,,
92481211,,uoc d,22,Khác,work,4,Khác,Yes,Unchanged,Unchanged,,,,,,,,,
92532810,,ba kiếp,2,Khác,nghịch thiên kỳ án,2,Khác,Yes,Unchanged,Unchanged,,,,,,,,,
9260381,,khủng long bạo chúa,5,Động vật,khủng long bạo chúa,2,Động vật,No,Unchanged,Unchanged,,,,,,,,,
92606784,,mị nguyệt truyện,4,Phim Trung Quốc,mị nguyệt truyện,2,Phim Trung Quốc,No,Unchanged,Unchanged,,,,,,,,,
92730314,,rogo,3,Khác,love,2,Khác,Yes,Unchanged,Unchanged,,,,,,,,,
92996573,,kimetsu no yaiba,7,Anime,hội pháp sư,15,Anime,Yes,Unchanged,Unchanged,,,,,,,,,
93054237,,tìm kiếm bằng giọng nói,2,Tìm kiếm chung / Chức năng,tìm kiếm bằng giọng nói,4,Tìm kiếm chung / Chức năng,No,Unchanged,Unchanged,,,,,,,,,
93309782,,tại sao lại là oh soo jae,2,Phim Hàn Quốc,bảy viên ngọc rồng,2,Khác,Yes,Changed,Phim Hàn Quốc -> Khác,,,,,,,,,
93417197,,sao băng,4,Khác,prime provider,4,Khác,Yes,Unchanged,Unchanged,,,,,,,,,
93584235,,bắt ma phá án,2,Phim Hàn Quốc,cặp đôi trái ngược,2,Phim Hàn Quốc,Yes,Unchanged,Unchanged,,,,,,,,,
93631202,,vua bếp soma phần 4,7,Anime,liên minh công lý phiên bản của zack snyder,4,phiên bản của zack snyder : Phim chiếu rạp / Siêu anh hùng,Yes,Changed,Anime -> phiên bản của zack snyder : Phim chiếu rạp / Siêu anh hùng,,,,,,,,,
93638883,,10 năm 3 tháng 30 ngày,2,Phim Trung Quốc,giữa thanh xuân,2,Phim Trung Quốc,Yes,Unchanged,Unchanged,,,,,,,,,
93721367,,khi nguoi ta yeu,2,Khác,cảnh đẹp ngày vui biết bao giờ,2,Phim Trung Quốc,Yes,Changed,Khác -> Phim Trung Quốc,,,,,,,,,
93751450,,tìm kiếm bằng giọng nói,2,Tìm kiếm chung / Chức năng,gạo nếp gạo tẻ,4,Khác,Yes,Changed,Tìm kiếm chung / Chức năng -> Khác,,,,,,,,,
93896715,,tư đằng,9,Phim Trung Quốc,bạch ngọc nhớ vô hà,3,Khác,Yes,Changed,Phim Trung Quốc -> Khác,,,,,,,,,
94050770,,jang na ra,2,Khác,chàng quản gia của tôi,2,Khác,Yes,Unchanged,Unchanged,,,,,,,,,
94054311,,nỗi vương vấn của hạ tiên sinh,7,Phim Trung Quốc,cuoc c,4,Khác,Yes,Changed,Phim Trung Quốc -> Khác,,,,,,,,,
94116962,,trữ tình,5,Âm nhạc,trữ tình,4,Âm nhạc,No,Unchanged,Unchanged,,,,,,,,,
94439675,,eve,2,Phim Hàn Quốc,tinh,2,Khác,Yes,Changed,Phim Hàn Quốc -> Khác,,,,,,,,,
94458623,,bolero,2,Âm nhạc,trữ tình,2,Âm nhạc,Yes,Unchanged,Unchanged,,,,,,,,,
94695574,,tokyo ghoul re,2,re : Anime,người yêu siêu cấp phần 2,2,Khác,Yes,Changed,re : Anime -> Khác,,,,,,,,,
94699549,,yêu tinh,2,Phim Hàn Quốc,sakura thủ lĩnh thẻ bài,2,Anime,Yes,Changed,Phim Hàn Quốc -> Anime,,,,,,,,,
94780499,,mở youtube hương dừa,2,Nền tảng,1 night 2 days,2,Khác,Yes,Changed,Nền tảng -> Khác,,,,,,,,,
94794722,,xuân hoa thu nguyệt,3,Khác,chàng kiêu ngạo nàng định kiến,3,Khác,Yes,Unchanged,Unchanged,,,,,,,,,
94935692,,siêu người mẫu,2,Khác,cánh đồng hoang,2,Khác,Yes,Unchanged,Unchanged,,,,,,,,,
94973003,,overlord iii,2,Anime,overlord,2,Anime,Yes,Unchanged,Unchanged,,,,,,,,,
95113655,,thầy ơi em yêu anh,2,Khác,công chúa giá đáu,2,Khác,Yes,Unchanged,Unchanged,,,,,,,,,
95138808,,hồ sơ trinh sát,3,Phim Hồng Kông,hồ sơ trinh sát,4,Phim Hồng Kông,No,Unchanged,Unchanged,,,,,,,,,
95213954,,nhím sonic 2,2,Phim hoạt hình,nhím sonic 2,2,Phim hoạt hình,No,Unchanged,Unchanged,,,,,,,,,
95262116,,fairy tail,7,Anime,vanit,5,Khác,Yes,Changed,Anime -> Khác,,,,,,,,,
95321114,,su tro,3,Khác,su tr,4,Khác,Yes,Unchanged,Unchanged,,,,,,,,,
9557285,,lấy danh nghĩa người nhà,2,Phim Trung Quốc,hậu trường vui nhộn,2,Khác,Yes,Changed,Phim Trung Quốc -> Khác,,,,,,,,,
95674355,,người thầy y đức,2,Phim Hàn Quốc,tên tôi là busaba,5,Khác,Yes,Changed,Phim Hàn Quốc -> Khác,,,,,,,,,
95707198,,attack on titan part 1,4,Anime,attack on titan part 1,7,Anime,No,Unchanged,Unchanged,,,,,,,,,
9575857,,em là thành trì doanh lũy của anh,3,Phim Trung Quốc,doc nu qua,2,Khác,Yes,Changed,Phim Trung Quốc -> Khác,,,,,,,,,
95774698,,mối tình đầu của tôi,2,Phim Việt Nam,tươi cười phấn,2,Khác,Yes,Changed,Phim Việt Nam -> Khác,,,,,,,,,
96012867,,khi màn đêm gợn sóng,35,Phim Trung Quốc,hạnh phúc trong tầm tay,16,Phim Trung Quốc,Yes,Unchanged,Unchanged,,,,,,,,,
96194565,,naruto,9,Anime,doremon,2,Anime,Yes,Unchanged,Unchanged,,,,,,,,,
96235742,,hướng về hà nội,8,Khác,tiếng xưa,8,Khác,Yes,Unchanged,Unchanged,,,,,,,,,
96386133,,train to busan,3,Khác,lọ lem thời đại,6,Khác,Yes,Unchanged,Unchanged,,,,,,,,,
96438571,,baby shark,4,Âm nhạc thiếu nhi,baby shark,2,Âm nhạc thiếu nhi,No,Unchanged,Unchanged,,,,,,,,,
96539930,,nhân duyên đại nhân xin dừng bước,2,Khác,thanh thanh tử khâm,3,Phim Trung Quốc,Yes,Changed,Khác -> Phim Trung Quốc,,,,,,,,,
96735286,,cung tâm kế,2,Khác,phù dao hoàn hậu,2,Khác,Yes,Unchanged,Unchanged,,,,,,,,,
9676048,,chieu,2,Khác,nguy,9,Khác,Yes,Unchanged,Unchanged,,,,,,,,,
96769066,,trầm thụy hoa viên,2,Khác,đẹp trai là số một,2,Phim Trung Quốc,Yes,Changed,Khác -> Phim Trung Quốc,,,,,,,,,
96846192,,nàng bạch tuyết và bảy chú lùn,5,Phim hoạt hình,nàng bạch tuyết và bảy chú lùn,7,Phim hoạt hình,No,Unchanged,Unchanged,,,,,,,,,
97044982,,running man,4,Chương trình truyền hình,running man,7,Chương trình truyền hình,No,Unchanged,Unchanged,,,,,,,,,
97060811,,mạng xã hội,2,Khác,boruto naruto the movie,2,Anime,Yes,Changed,Khác -> Anime,,,,,,,,,
97100285,,em la ban noi c,2,Khác,bắc kim thang,2,Khác,Yes,Unchanged,Unchanged,,,,,,,,,
97219132,,mr,2,Khác,chàng hậu,3,Phim Hàn Quốc,Yes,Changed,Khác -> Phim Hàn Quốc,,,,,,,,,
97230313,,penthouse 2,2,Phim Hàn Quốc,chiếc lá cuốn bay,2,Khác,Yes,Changed,Phim Hàn Quốc -> Khác,,,,,,,,,
97254344,,nguoi thay,2,Khác,chao lua ti,2,Khác,Yes,Unchanged,Unchanged,,,,,,,,,
97269656,,sono,4,Khác,nagato,6,Khác,Yes,Unchanged,Unchanged,,,,,,,,,
97274806,,moebius,2,Khác,prime provider,4,Khác,Yes,Unchanged,Unchanged,,,,,,,,,
97336712,,dr romantic,2,Khác,while you were sleeping,2,Khác,Yes,Unchanged,Unchanged,,,,,,,,,
97368559,,phim hoa ngu,2,Khác,con tim sắt đá,2,Phim Thái Lan,Yes,Changed,Khác -> Phim Thái Lan,,,,,,,,,
97374181,,em la thanh tri doanh luy,2,Khác,dai duong,2,Khác,Yes,Unchanged,Unchanged,,,,,,,,,
97424838,,bằng chứng thép,3,Phim Hồng Kông,chàng hậu,4,Phim Hàn Quốc,Yes,Changed,Phim Hồng Kông -> Phim Hàn Quốc,,,,,,,,,
97430288,,zack snyder s justice league,4,Khác,minions,2,Phim hoạt hình,Yes,Changed,Khác -> Phim hoạt hình,,,,,,,,,
9745001,,lính trận miền xa,2,Khác,chuyện hẹn hò,2,Khác,Yes,Unchanged,Unchanged,,,,,,,,,
97516075,,cuộc chiến siêu sao,3,Khác,mien b,3,Khác,Yes,Unchanged,Unchanged,,,,,,,,,
97567799,,baby shark,7,Âm nhạc thiếu nhi,baby shark,5,Âm nhạc thiếu nhi,No,Unchanged,Unchanged,,,,,,,,,
97595650,,kagamijishi,2,Khác,kagamijishi,5,Khác,No,Unchanged,Unchanged,,,,,,,,,
97654934,,công tố viên quân sự,4,Khác,sao băng,4,Khác,Yes,Unchanged,Unchanged,,,,,,,,,
9766499,,penhouse,2,Khác,học viện anh hùng phần 5,2,Anime,Yes,Changed,Khác -> Anime,,,,,,,,,
97725654,,van t,2,Khác,ve de,6,Khác,Yes,Unchanged,Unchanged,,,,,,,,,
97733361,,kim nha đại trạng sư ii,10,Khác,bước qua ranh giới 2,6,Khác,Yes,Unchanged,Unchanged,,,,,,,,,
97735487,,về nhà đi con,2,Khác,kết hôn rồi bắt đầu yêu,2,Phim Trung Quốc,Yes,Changed,Khác -> Phim Trung Quốc,,,,,,,,,
97761426,,tiền nữ cử tạ,2,Khác,tien nữ cử tạ,2,Khác,Yes,Unchanged,Unchanged,,,,,,,,,
97789498,,thiếu nhi,5,Tìm kiếm chung,thiếu nhi,19,Tìm kiếm chung,No,Unchanged,Unchanged,,,,,,,,,
97871653,,đội chó cứu hộ,3,Khác,hội pháp sư,2,Anime,Yes,Changed,Khác -> Anime,,,,,,,,,
97875107,,sóc bom bo,4,Khác,wheels on the bus,3,Khác,Yes,Unchanged,Unchanged,,,,,,,,,
97913210,,cô nàng trong trắng oh woo ri,2,Phim Hàn Quốc,anna,2,Phim Hàn Quốc,Yes,Unchanged,Unchanged,,,,,,,,,
9793677,,thủy thủ mặt trăng,6,Khác,thủy thủ mặt trăng,13,Khác,No,Unchanged,Unchanged,,,,,,,,,
97937237,,giữa thanh xuân,2,Phim Trung Quốc,anh chỉ thích em,2,Khác,Yes,Changed,Phim Trung Quốc -> Khác,,,,,,,,,
98011318,,jujutsu kaisen,2,Anime,jujutsu kaisen,3,Anime,No,Unchanged,Unchanged,,,,,,,,,
98139144,,fairy tail,10,Anime,fairy tail,6,Anime,No,Unchanged,Unchanged,,,,,,,,,
98161281,,be mbitious,2,Chương trình Hàn Quốc,thien ng,2,Khác,Yes,Changed,Chương trình Hàn Quốc -> Khác,,,,,,,,,
98173170,,rung đông khi bên em,2,Khác,ly nhân tâm thượng,2,Phim Trung Quốc,Yes,Changed,Khác -> Phim Trung Quốc,,,,,,,,,
98280030,,the girl next door,3,Khác,sex and the city,3,Nhạy cảm,Yes,Changed,Khác -> Nhạy cảm,,,,,,,,,
98286120,,luu ly,15,Khác,yeu em tu,3,Khác,Yes,Unchanged,Unchanged,,,,,,,,,
98325156,,một mảnh băng tâm tại ngọc hồ,7,Khác,nhat d,4,Khác,Yes,Unchanged,Unchanged,,,,,,,,,
9837663,,2 fast 2 furious,2,Khác,tiên nữ cử tạ,4,Khác,Yes,Unchanged,Unchanged,,,,,,,,,
98377597,,bạn trai tôi là hồ ly,7,Phim Hàn Quốc,bạn trai tôi là hồ ly,2,Phim Hàn Quốc,No,Unchanged,Unchanged,,,,,,,,,
98456809,,sống,6,Khác,cậu bé mất tích,2,Phim truyền hình / Viễn tưởng (Stranger Things),Yes,Changed,Khác -> Phim truyền hình / Viễn tưởng (Stranger Things),,,,,,,,,
9855644,,chó cứu hộ,2,Khác,liên khúc đàm vĩnh hưng,2,Âm nhạc,Yes,Changed,Khác -> Âm nhạc,,,,,,,,,
9857344,,fairy tail,2,Anime,học viện anh hùng phần 3,2,Anime,Yes,Unchanged,Unchanged,,,,,,,,,
98973785,,khie,2,Khác,khie,5,Khác,No,Unchanged,Unchanged,,,,,,,,,
98992150,,phim bộ thái lan,2,Khác,lời nguyền ma lai,2,Phim Thái Lan,Yes,Changed,Khác -> Phim Thái Lan,,,,,,,,,
9922635,,co nang,32,Khác,yeu,15,Khác,Yes,Unchanged,Unchanged,,,,,,,,,
99305789,,touken rabun,2,Khác,horimiya,2,Anime,Yes,Changed,Khác -> Anime,,,,,,,,,
99312967,,mouse,5,Phim Hàn Quốc,tai sinh,2,Khác,Yes,Changed,Phim Hàn Quốc -> Khác,,,,,,,,,
99355834,,naruto,9,Anime,jojo,12,Khác,Yes,Changed,Anime -> Khác,,,,,,,,,
99417968,,lời nguyền,3,Khác,mặt trời của chàng joo,2,Khác,Yes,Unchanged,Unchanged,,,,,,,,,
99444810,,tranformer,2,Khác,ngoai vong,2,Khác,Yes,Unchanged,Unchanged,,,,,,,,,
9946739,,yoyo,6,Khác,truyện cổ tích việt nam phần 1,5,Tìm kiếm chung,Yes,Changed,Khác -> Tìm kiếm chung,,,,,,,,,
99488300,,fairy,3,Khác,sakura,2,Khác,Yes,Unchanged,Unchanged,,,,,,,,,
99562147,,qeendom,2,Khác,hoi ban,2,Khác,Yes,Unchanged,Unchanged,,,,,,,,,
99587968,,dragonball evolution,2,Khác,masamune báo thù,4,Khác,Yes,Unchanged,Unchanged,,,,,,,,,
99627201,,thong linh phi,4,Khác,maika,8,Phim Việt Nam,Yes,Changed,Khác -> Phim Việt Nam,,,,,,,,,
99642075,,yêu trong đau thương,8,Khác,minh châu rực rỡ,2,Phim Thái Lan,Yes,Changed,Khác -> Phim Thái Lan,,,,,,,,,
99739548,,thử thách thần tượng,3,Chương trình truyền hình,thử thách thần tượng,2,Chương trình truyền hình,No,Unchanged,Unchanged,,,,,,,,,
99888183,,công tố viên quân sự do bae man,2,Phim Hàn Quốc,thẩm phán ác ma,2,Phim Hàn Quốc,Yes,Unchanged,Unchanged,,,,,,,,,
99908400,,ma tốc độ,4,Phim chiếu rạp,chú hề ma quái,2,Tâm linh,Yes,Changed,Phim chiếu rạp -> Tâm linh,,,,,,,,,
0010270,,kênh vtv1,2,Kênh truyền hình,kênh truyền hình khánh hòa,2,Khác,Yes,Changed,Kênh truyền hình -> Khác,,,,,,,,,
0070178,,khoảnh khắc tình yêu,2,Khác,tha chi thien,2,Khác,Yes,Unchanged,Unchanged,,,,,,,,,
0092852,,liên minh công lý phiên bản của zack snyder,6,phiên bản của zack snyder : Phim chiếu rạp / Siêu anh hùng,liên minh công lý phiên bản của zack snyder,6,phiên bản của zack snyder : Phim chiếu rạp / Siêu anh hùng,No,Unchanged,Unchanged,,,,,,,,,
0099596,,cuộc chiến,2,Khác,hơn cả tình bạn,2,Phim Hàn Quốc,Yes,Changed,Khác -> Phim Hàn Quốc,,,,,,,,,
0103382,,chuyếntàu,5,Khác,thành long,2,Khác,Yes,Unchanged,Unchanged,,,,,,,,,
0417719,,prime provider,4,Khác,prime provider,3,Khác,No,Unchanged,Unchanged,,,,,,,,,
0477658,,mở ca nhạc thiếu nhi,3,Tìm kiếm chung,mở ca nhạc thiếu nhi,9,Tìm kiếm chung,No,Unchanged,Unchanged,,,,,,,,,
057906,,thế chiến z,2,Khác,bằng chứng thép 3,8,Phim Hồng Kông,Yes,Changed,Khác -> Phim Hồng Kông,,,,,,,,,
06002762,,hilda,2,Khác,minion,2,Phim hoạt hình,Yes,Changed,Khác -> Phim hoạt hình,,,,,,,,,
06003294,,con tim sắt đá,2,Phim Thái Lan,chàng hậu,2,Phim Hàn Quốc,Yes,Changed,Phim Thái Lan -> Phim Hàn Quốc,,,,,,,,,
06003297,,yêu trong đau thương,3,Khác,chị đã thành công thu hút sự chú ý của tôi,2,Phim Trung Quốc,Yes,Changed,Khác -> Phim Trung Quốc,,,,,,,,,
06006429,,sao băng,6,Khác,penthouse special episodes,4,Phim Hàn Quốc,Yes,Changed,Khác -> Phim Hàn Quốc,,,,,,,,,
06010488,,inuyasa,3,Khác,inuyasa,3,Khác,No,Unchanged,Unchanged,,,,,,,,,
06011875,,godzilla,4,Phim chiếu rạp,disney,4,Khác,Yes,Changed,Phim chiếu rạp -> Khác,,,,,,,,,
06013318,,quỳnh búp bê tập 19,3,Khác,doremon,2,Anime,Yes,Changed,Khác -> Anime,,,,,,,,,
06016177,,harry potter,2,Phim chiếu rạp / Giả tưởng,earwig,24,Khác,Yes,Changed,Phim chiếu rạp / Giả tưởng -> Khác,,,,,,,,,
06022736,,liên minh công lý phiên bản của zack snyder,2,phiên bản của zack snyder : Phim chiếu rạp / Siêu anh hùng,sammy,5,Khác,Yes,Changed,phiên bản của zack snyder : Phim chiếu rạp / Siêu anh hùng -> Khác,,,,,,,,,
06022960,,bắt ma phá án,2,Phim Hàn Quốc,bạn trai tôi là hồ ly,5,Phim Hàn Quốc,Yes,Unchanged,Unchanged,,,,,,,,,
06029394,,fairy tail,4,Anime,fairy tail,2,Anime,No,Unchanged,Unchanged,,,,,,,,,
06036997,,boku no hero academia season 2,2,Anime,boku no hero academia season 5,2,Anime,Yes,Unchanged,Unchanged,,,,,,,,,
06037032,,toriko,2,Khác,hạ cánh nơi anh,2,Phim Hàn Quốc,Yes,Changed,Khác -> Phim Hàn Quốc,,,,,,,,,
06041575,,khách sạn ánh trăng,3,Khác,gia đình bất hạnh,2,Khác,Yes,Unchanged,Unchanged,,,,,,,,,
06053920,,yêu từng centimet,2,Phim Trung Quốc,độc cô quân vị,2,Khác,Yes,Changed,Phim Trung Quốc -> Khác,,,,,,,,,
06061818,,em đẹp nhất là khi mỉm cười,20,Phim Trung Quốc,lấy danh nghĩa người nhà,35,Phim Trung Quốc,Yes,Unchanged,Unchanged,,,,,,,,,
06063129,,bắt ma phá án,3,Phim Hàn Quốc,nhung cuo,3,Khác,Yes,Changed,Phim Hàn Quốc -> Khác,,,,,,,,,
06069982,,sao băng,4,Khác,vẻ đẹp đích thực,5,Phim Hàn Quốc,Yes,Changed,Khác -> Phim Hàn Quốc,,,,,,,,,
06073788,,trở lại tuổi 18,4,Phim Hàn Quốc,lời hồi đáp,2,Khác,Yes,Changed,Phim Hàn Quốc -> Khác,,,,,,,,,
06088751,,thế giới động vật,2,Tìm kiếm chung / Tài liệu,thiên đường ẩm thực,2,Khác,Yes,Changed,Tìm kiếm chung / Tài liệu -> Khác,,,,,,,,,
06091695,,extreme job,2,Khác,voice,4,Phim Hàn Quốc,Yes,Changed,Khác -> Phim Hàn Quốc,,,,,,,,,
06092088,,fairy,2,Khác,fairy,3,Khác,No,Unchanged,Unchanged,,,,,,,,,
06094171,,cuộc chiến thượng lưu 2,2,Phim Hàn Quốc,hoa của quỷ,3,Phim Hàn Quốc,Yes,Unchanged,Unchanged,,,,,,,,,
06095262,,tuyển tập phim ngắn việt nam,2,phim ngắn việt nam : Phim Việt Nam,nguoi y,2,Khác,Yes,Changed,phim ngắn việt nam : Phim Việt Nam -> Khác,,,,,,,,,
06097903,,fairy tail,3,Anime,fairy tail,4,Anime,No,Unchanged,Unchanged,,,,,,,,,
0624287,,giữa thanh xuân,2,Phim Trung Quốc,không nói tạm biệt tập 5,2,Khác,Yes,Changed,Phim Trung Quốc -> Khác,,,,,,,,,
06400364,,happiness,2,Phim Hàn Quốc,tại sao lại là oh soo jae,2,Phim Hàn Quốc,Yes,Unchanged,Unchanged,,,,,,,,,
06401965,,liên minh công lý phiên bản của zack snyder,3,phiên bản của zack snyder : Phim chiếu rạp / Siêu anh hùng,liên minh công lý phiên bản của zack snyder,5,phiên bản của zack snyder : Phim chiếu rạp / Siêu anh hùng,No,Unchanged,Unchanged,,,,,,,,,
06404622,,nam chiến binh đường phố,2,Khác,street man fighter,3,Chương trình Hàn Quốc,Yes,Changed,Khác -> Chương trình Hàn Quốc,,,,,,,,,
06405405,,keep running,2,Chương trình Trung Quốc,yêu nhầm chị dâu,3,Phim Thái Lan,Yes,Changed,Chương trình Trung Quốc -> Phim Thái Lan,,,,,,,,,
06408328,,em là định mệnh của anh,4,Phim Đài Loan,miễn bầu trời còn có mặt trời,2,Phim Thái Lan,Yes,Changed,Phim Đài Loan -> Phim Thái Lan,,,,,,,,,
06418452,,đao kiếm thần vực phần 4,2,Anime,thanh gươm diệt quỷ,2,Anime,Yes,Unchanged,Unchanged,,,,,,,,,
06432477,,dr stone,4,Anime,one pi,3,Khác,Yes,Changed,Anime -> Khác,,,,,,,,,
06439125,,cuộc chiến thượng lưu,2,Phim Hàn Quốc,nắm giữ sinh mệnh,2,Phim ảnh,Yes,Changed,Phim Hàn Quốc -> Phim ảnh,,,,,,,,,
06442476,,penthouse,9,Phim Hàn Quốc,thư ký kim sao thế,2,Phim Hàn Quốc,Yes,Unchanged,Unchanged,,,,,,,,,
06452609,,truyện cổ tích việt nam phần 1,4,Tìm kiếm chung,truyện cổ tích việt nam phần 1,19,Tìm kiếm chung,No,Unchanged,Unchanged,,,,,,,,,
06466720,,mục trung vô nhân,2,Khác,hoàn hồn,2,Phim Hàn Quốc,Yes,Changed,Khác -> Phim Hàn Quốc,,,,,,,,,
06499047,,1994 wo,2,Khác,hoa của quỷ,2,Phim Hàn Quốc,Yes,Changed,Khác -> Phim Hàn Quốc,,,,,,,,,
06804356,,fairy,4,Khác,fairy tail,13,Anime,Yes,Changed,Khác -> Anime,,,,,,,,,
06805057,,hoa du ký,3,Phim Hàn Quốc,yêu tinh,3,Phim Hàn Quốc,Yes,Unchanged,Unchanged,,,,,,,,,
06808129,,demon sl,2,Khác,tate no yuusha no nariagari,11,Khác,Yes,Unchanged,Unchanged,,,,,,,,,
06808209,,fifa online 4,4,Khác,gucu,2,Khác,Yes,Unchanged,Unchanged,,,,,,,,,
06825907,,yêu nhầm chị dâu,2,Phim Thái Lan,dục vọng tình yêu,2,Phim Thái Lan,Yes,Unchanged,Unchanged,,,,,,,,,
06827383,,hội pháp sư phần cuối,2,Anime,hội pháp sư 2,2,Anime,Yes,Unchanged,Unchanged,,,,,,,,,
06827721,,bạn trai tôi là hồ ly phần 2,2,Phim Hàn Quốc,thanh thanh tử khâm,5,Phim Trung Quốc,Yes,Changed,Phim Hàn Quốc -> Phim Trung Quốc,,,,,,,,,
06861464,,trữ tình,2,Âm nhạc,siêu nhân,2,Phim hoạt hình,Yes,Changed,Âm nhạc -> Phim hoạt hình,,,,,,,,,
06861564,,hậu duệ mặt trời,2,Phim Hàn Quốc,bat do,2,Khác,Yes,Changed,Phim Hàn Quốc -> Khác,,,,,,,,,
06865945,,kraoke,5,Khác,nhac,2,Khác,Yes,Unchanged,Unchanged,,,,,,,,,
06868933,,tan co con gai cua me,2,Khác,chuyện cổ tích của cô gái thời taisho,2,Khác,Yes,Unchanged,Unchanged,,,,,,,,,
06877203,,hội pháp sư,7,Anime,hội pháp sư,9,Anime,No,Unchanged,Unchanged,,,,,,,,,
06881631,,chú thuật hồi chiến,3,Anime,doraemon,15,Anime,Yes,Unchanged,Unchanged,,,,,,,,,
06885326,,lưu ly mỹ nhân sát,7,Phim Trung Quốc,lưu ly mỹ nhân sát,4,Phim Trung Quốc,No,Unchanged,Unchanged,,,,,,,,,
06891592,,fairy tail,2,Anime,fairy tail ova,2,Anime,Yes,Unchanged,Unchanged,,,,,,,,,
0689516,,black cover,3,Khác,naruto,6,Anime,Yes,Changed,Khác -> Anime,,,,,,,,,
0689579,,annarasumanara,2,Khác,true,10,Khác,Yes,Unchanged,Unchanged,,,,,,,,,
06897312,,bà thám tử tài ba,2,Khác,extraordinary you,3,Phim Hàn Quốc,Yes,Changed,Khác -> Phim Hàn Quốc,,,,,,,,,
06898013,,chiếu rạp vn,2,Khác,truyền thuyết thành phố vàng 2,3,Khác,Yes,Unchanged,Unchanged,,,,,,,,,
0760698,,prime provider,2,Khác,prime provider,9,Khác,No,Unchanged,Unchanged,,,,,,,,,
0838693,,hội pháp sư,12,Anime,tokyo ghoul re season 2,2,re : Anime,Yes,Changed,Anime -> re : Anime,,,,,,,,,
0879468,,mở video nhạc yêu một mình,11,Khác,mở video nhạc yêu một mình,6,Khác,No,Unchanged,Unchanged,,,,,,,,,
0965414,,khủng long,7,Động vật,nàng bạch tuyết và bảy chú lùn,25,Phim hoạt hình,Yes,Changed,Động vật -> Phim hoạt hình,,,,,,,,,
1017629,,su tr,2,Khác,su tr,4,Khác,No,Unchanged,Unchanged,,,,,,,,,
1144160,,super sentai,2,Khác,chiến đội,2,Khác,Yes,Unchanged,Unchanged,,,,,,,,,
1307808,,hội pháp sư,2,Anime,hương mật tựa khói sương,2,Phim Trung Quốc,Yes,Changed,Anime -> Phim Trung Quốc,,,,,,,,,
1308349,,ký ức tội ác,3,Khác,luật sư vô pháp,2,Khác,Yes,Unchanged,Unchanged,,,,,,,,,
1310632,,giữa thanh xuân,2,Phim Trung Quốc,hạnh phúc đến vạn gia,2,Phim Trung Quốc,Yes,Unchanged,Unchanged,,,,,,,,,
1318224,,siêu nhân,3,Phim hoạt hình,siêu nhân,6,Phim hoạt hình,No,Unchanged,Unchanged,,,,,,,,,
1339996,,dau tri,2,Khác,the avengers,2,Phim chiếu rạp / Siêu anh hùng,Yes,Changed,Khác -> Phim chiếu rạp / Siêu anh hùng,,,,,,,,,
1431866,,hội pháp sư,9,Anime,vẻ đẹp đích thực,2,Phim Hàn Quốc,Yes,Changed,Anime -> Phim Hàn Quốc,,,,,,,,,
1553755,,lạp tội đồ giám,2,Phim Trung Quốc,con tim sắt đá,2,Phim Thái Lan,Yes,Changed,Phim Trung Quốc -> Phim Thái Lan,,,,,,,,,
1665674,,vườn sao băng,2,Khác,sự quyến rũ xấu xa,2,Khác,Yes,Unchanged,Unchanged,,,,,,,,,
1748330,,nang,4,Khác,hanh p,2,Khác,Yes,Unchanged,Unchanged,,,,,,,,,
1783376,,linh hồn,4,Tâm linh,linh hồn,2,Tâm linh,No,Unchanged,Unchanged,,,,,,,,,
1817452,,nhật ký thường ngày của tiên vương,2,Phim hoạt hình 3D Trung Quốc,đường chuyên,2,Khác,Yes,Changed,Phim hoạt hình 3D Trung Quốc -> Khác,,,,,,,,,
1834241,,sing2,3,Khác,khach,3,Khác,Yes,Unchanged,Unchanged,,,,,,,,,
1881922,,thông linh phi,2,Khác,cô phù thủy nhỏ kiki,2,Khác,Yes,Unchanged,Unchanged,,,,,,,,,
1896203,,sự trỗi dậy của khiên hiệp sĩ phần 2,2,Anime,sự trỗi dậy của khiên hiệp sĩ phần 2,6,Anime,No,Unchanged,Unchanged,,,,,,,,,
1919488,,chồngcũ,2,Khác,bạch phát vương phi,2,Phim Trung Quốc,Yes,Changed,Khác -> Phim Trung Quốc,,,,,,,,,
1925817,,chỉ vì phút giây được gặp em,2,Khác,con tim sắt đá,2,Phim Thái Lan,Yes,Changed,Khác -> Phim Thái Lan,,,,,,,,,
1926839,,quân sư liên minh,2,Phim Trung Quốc,trường ca hành,2,Khác,Yes,Changed,Phim Trung Quốc -> Khác,,,,,,,,,
1953221,,sao băng,2,Khác,kênh truyền hình htv2,2,Khác,Yes,Unchanged,Unchanged,,,,,,,,,
1981705,,gác kiếm,6,Khác,snake eyes g i joe origins,2,Khác,Yes,Unchanged,Unchanged,,,,,,,,,
2070063,,châu tinh trì phủ nhận yêu người đẹp kém 42 tuổi,2,Tìm kiếm chung / Tin tức giải trí,châu tinh trì phủ nhận yêu người đẹp kém 42 tuổi,3,Tìm kiếm chung / Tin tức giải trí,No,Unchanged,Unchanged,,,,,,,,,
208108,,mở youtube hát cho ngày mai,2,Nền tảng,thiếu nhi,2,Tìm kiếm chung,Yes,Changed,Nền tảng -> Tìm kiếm chung,,,,,,,,,
2162852,,nu thanh tra tai ba,3,Phim Hàn Quốc,mặt trăng ôm mặt trời,2,Phim Hàn Quốc,Yes,Unchanged,Unchanged,,,,,,,,,
2301947,,boruto,6,naruto the movie : Anime,cuộc chiến thượng lưu,3,Phim Hàn Quốc,Yes,Changed,naruto the movie : Anime -> Phim Hàn Quốc,,,,,,,,,
2318772,,tôi và chúng ta ở bên nhau,2,Khác,lấy danh nghĩa người nhà,2,Phim Trung Quốc,Yes,Changed,Khác -> Phim Trung Quốc,,,,,,,,,
2638638,,hài hoài linh,3,Tìm kiếm chung,bean,3,Khác,Yes,Changed,Tìm kiếm chung -> Khác,,,,,,,,,
2660826,,trữ tình,3,Âm nhạc,trữ tình,3,Âm nhạc,No,Unchanged,Unchanged,,,,,,,,,
2712323,,trữ tình,4,Âm nhạc,trữ tình,6,Âm nhạc,No,Unchanged,Unchanged,,,,,,,,,
2755206,,chàng trai tham vọng,3,Khác,street man,2,Khác,Yes,Unchanged,Unchanged,,,,,,,,,
3216565,,game of thrones s1,3,Khác,trò chơi vương quyền s1,4,Khác,Yes,Unchanged,Unchanged,,,,,,,,,
3268286,,tìm kiếm bằng giọng nói,4,Tìm kiếm chung / Chức năng,tìm kiếm bằng giọng nói,9,Tìm kiếm chung / Chức năng,No,Unchanged,Unchanged,,,,,,,,,
332978,,nu tha,2,Khác,top gun,2,Phim chiếu rạp,Yes,Changed,Khác -> Phim chiếu rạp,,,,,,,,,
3420485,,đấu la đại lục,2,Khác,overlord,2,Anime,Yes,Changed,Khác -> Anime,,,,,,,,,
3649727,,extraordinary you,2,Phim Hàn Quốc,bắt ma phá án,2,Phim Hàn Quốc,Yes,Unchanged,Unchanged,,,,,,,,,
3691251,,30 chưa phải là hết,3,Phim Trung Quốc,30 chưa phải là hết,2,Phim Trung Quốc,No,Unchanged,Unchanged,,,,,,,,,
3824334,,hạnh phúc mãn đường,2,Khác,thanh thanh tử khâm,3,Phim Trung Quốc,Yes,Changed,Khác -> Phim Trung Quốc,,,,,,,,,
3924849,,phàm nhân tu tiên phần 3,2,Phim hoạt hình 3D Trung Quốc,phàm nhân tu tiên phần 3,2,Phim hoạt hình 3D Trung Quốc,No,Unchanged,Unchanged,,,,,,,,,
3962212,,boruto,6,naruto the movie : Anime,hạnh phúc đến vạn gia,2,Phim Trung Quốc,Yes,Changed,naruto the movie : Anime -> Phim Trung Quốc,,,,,,,,,
3967234,,đêm tối tokyo phần 3,2,Khác,than,4,Khác,Yes,Unchanged,Unchanged,,,,,,,,,
3968573,,thế giới động vật,3,Tìm kiếm chung / Tài liệu,cọp trắng,2,Khác,Yes,Changed,Tìm kiếm chung / Tài liệu -> Khác,,,,,,,,,
40044890,,lưỡi gươm diệt quỷ,4,Anime,lưỡi gươm diệt quỷ,3,Anime,No,Unchanged,Unchanged,,,,,,,,,
40094781,,hồng kông kỳ án,2,Phim Hồng Kông,hồng kông kỳ án,2,Phim Hồng Kông,No,Unchanged,Unchanged,,,,,,,,,
40094903,,thanh gươm diệt quỷ phần kỹ viện trấn,4,Anime,kimetsu no yaiba,2,Anime,Yes,Unchanged,Unchanged,,,,,,,,,
40113172,,ma,2,Tâm linh,scooby,3,Khác,Yes,Changed,Tâm linh -> Khác,,,,,,,,,
40134025,,one punch man,2,Anime,học viện anh hùng phần 2,2,Anime,Yes,Unchanged,Unchanged,,,,,,,,,
40178616,,siêu nhân,3,Phim hoạt hình,siêu nhân,2,Phim hoạt hình,No,Unchanged,Unchanged,,,,,,,,,
40190593,,vẻ đẹp đích thực,4,Phim Hàn Quốc,bí mật nơi góc tối,2,Khác,Yes,Changed,Phim Hàn Quốc -> Khác,,,,,,,,,
40219969,,the sixth sense,2,Khác,run bts,2,Khác,Yes,Unchanged,Unchanged,,,,,,,,,
40234390,,chúc bé ngủ ngon,3,Khác,con lợn đất,4,Khác,Yes,Unchanged,Unchanged,,,,,,,,,
40247220,,bạn trai tôi là hồ ly,2,Phim Hàn Quốc,yêu thầm anh xã,2,Phim Thái Lan,Yes,Changed,Phim Hàn Quốc -> Phim Thái Lan,,,,,,,,,
40298656,,hoa c,2,Khác,overlord iii,5,Anime,Yes,Changed,Khác -> Anime,,,,,,,,,
40386704,,cảnh sát hình sự,2,Phim Việt Nam,cảnh sát hình sự,3,Phim Việt Nam,No,Unchanged,Unchanged,,,,,,,,,
40404722,,hoa nở trăng vừa tròn,3,Khác,penthouse 2,2,Phim Hàn Quốc,Yes,Changed,Khác -> Phim Hàn Quốc,,,,,,,,,
40432635,,dumb,2,Khác,ready,2,Khác,Yes,Unchanged,Unchanged,,,,,,,,,
40434810,,yuushibu,6,Khác,liên minh công lý phiên bản của zack snyder,2,phiên bản của zack snyder : Phim chiếu rạp / Siêu anh hùng,Yes,Changed,Khác -> phiên bản của zack snyder : Phim chiếu rạp / Siêu anh hùng,,,,,,,,,
40577245,,thử lĩnh thẻ bài,2,Anime,lycoris recoil quán cà phê bất ổn,2,Khác,Yes,Changed,Anime -> Khác,,,,,,,,,
40663082,,ghost doctor,3,Khác,bạn trai tôi là hồ ly,3,Phim Hàn Quốc,Yes,Changed,Khác -> Phim Hàn Quốc,,,,,,,,,
40679761,,tân ỷ thiên đồ long ký,2,Khác,luật sư,2,Khác,Yes,Unchanged,Unchanged,,,,,,,,,
40700023,,ninja r,2,Khác,gia su sieu quay ribo,2,Khác,Yes,Unchanged,Unchanged,,,,,,,,,
40702371,,một con vịt,3,Âm nhạc thiếu nhi,bật video catchphrase của jimmy fallon trên tv của tôi,2,Khác,Yes,Changed,Âm nhạc thiếu nhi -> Khác,,,,,,,,,
40711698,,hote,9,Khác,may h,7,Khác,Yes,Unchanged,Unchanged,,,,,,,,,
40745271,,phim lego 2,2,Phim hoạt hình,nữ thư ký,5,Khác,Yes,Changed,Phim hoạt hình -> Khác,,,,,,,,,
40767619,,ben nhau,2,Khác,hạ cánh,2,Khác,Yes,Unchanged,Unchanged,,,,,,,,,
40782113,,lời nguyền ma lai,2,Phim Thái Lan,doremon,3,Anime,Yes,Changed,Phim Thái Lan -> Anime,,,,,,,,,
40800813,,vô tình nhặt được tổng tài,8,Phim Trung Quốc,vẻ đẹp đích thực,2,Phim Hàn Quốc,Yes,Changed,Phim Trung Quốc -> Phim Hàn Quốc,,,,,,,,,
40864448,,baki,3,Anime,yato,5,Khác,Yes,Changed,Anime -> Khác,,,,,,,,,
40879084,,running man,10,Chương trình truyền hình,thử thách thần chết giữa hai thế giới,2,giữa hai thế giới : Phim chiếu rạp / Giả tưởng,Yes,Changed,Chương trình truyền hình -> giữa hai thế giới : Phim chiếu rạp / Giả tưởng,,,,,,,,,
40886293,,weightlifting fairy kim bok joo,2,Khác,tại sao lại là oh soo jae,2,Phim Hàn Quốc,Yes,Changed,Khác -> Phim Hàn Quốc,,,,,,,,,
40891757,,trữ tình,4,Âm nhạc,trữ tình,3,Âm nhạc,No,Unchanged,Unchanged,,,,,,,,,
40892806,,tôi thấy hoa vàng trên cỏ xanh,7,Phim Việt Nam,lửa chiến,5,Khác,Yes,Changed,Phim Việt Nam -> Khác,,,,,,,,,
40896712,,quynh,3,Khác,evangelion,2,Khác,Yes,Unchanged,Unchanged,,,,,,,,,
40900281,,tây bắc,2,Địa lý,tây bắc,9,Địa lý,No,Unchanged,Unchanged,,,,,,,,,
40941769,,mở bắn súng,3,Khác,chiến tranh giữa các vì sao phần iv niềm hy vọng mới,20,Khác,Yes,Unchanged,Unchanged,,,,,,,,,
40957970,,lửa chiến,4,Khác,lửa chiến,5,Khác,No,Unchanged,Unchanged,,,,,,,,,
40957977,,cinderella,5,Phim chiếu rạp,cinderella,5,Phim chiếu rạp,No,Unchanged,Unchanged,,,,,,,,,
40969973,,anti japanese war movie,5,Khác,tribes,2,Khác,Yes,Unchanged,Unchanged,,,,,,,,,
41072612,,nữ thanh tra tài ba,2,Phim Hàn Quốc,con tim sắt đá,2,Phim Thái Lan,Yes,Changed,Phim Hàn Quốc -> Phim Thái Lan,,,,,,,,,
41073340,,đao kiếm thần vực phần 4,2,Anime,hoi chun,4,Khác,Yes,Changed,Anime -> Khác,,,,,,,,,
41106816,,nữ thanh tra tài ba,2,Phim Hàn Quốc,nhà sử học goo,2,Khác,Yes,Changed,Phim Hàn Quốc -> Khác,,,,,,,,,
41128021,,sword art online alicization,5,alicization : Anime,the heirs,6,Khác,Yes,Changed,alicization : Anime -> Khác,,,,,,,,,
41165583,,yêu nhầm chị dâu,3,Phim Thái Lan,sao băng,4,Khác,Yes,Changed,Phim Thái Lan -> Khác,,,,,,,,,
41165891,,khach san anh trang,2,Khác,yêu tinh,12,Phim Hàn Quốc,Yes,Changed,Khác -> Phim Hàn Quốc,,,,,,,,,
41167380,,bolero,3,Âm nhạc,bolero,8,Âm nhạc,No,Unchanged,Unchanged,,,,,,,,,
41179704,,siêu nhân,17,Phim hoạt hình,siêu nhân,5,Phim hoạt hình,No,Unchanged,Unchanged,,,,,,,,,
41180850,,tìm kiếm bằng giọng nói,3,Tìm kiếm chung / Chức năng,tìm kiếm bằng giọng nói,7,Tìm kiếm chung / Chức năng,No,Unchanged,Unchanged,,,,,,,,,
41285823,,con tàu ma,2,Tâm linh,xã hội đen kiểu cũ cuối cùng phần 2,5,Phim ảnh,Yes,Changed,Tâm linh -> Phim ảnh,,,,,,,,,
41373384,,hoa gian tận nương,2,Phim Trung Quốc,tình yêu phía sau giai điệu,2,Khác,Yes,Changed,Phim Trung Quốc -> Khác,,,,,,,,,
41385375,,hậu duệ mặt trời,3,Phim Hàn Quốc,cuộc chiến thượng lưu,3,Phim Hàn Quốc,Yes,Unchanged,Unchanged,,,,,,,,,
41405456,,bang c,3,Khác,phim ho so tri,5,Khác,Yes,Unchanged,Unchanged,,,,,,,,,
41407675,,thanh guom diet quy 2,2,Anime,ranknagork,2,Khác,Yes,Changed,Anime -> Khác,,,,,,,,,
41414778,,cakhia tv,2,Khác,loi ng,2,Khác,Yes,Unchanged,Unchanged,,,,,,,,,
41498254,,naruto,2,Anime,blech,4,Khác,Yes,Changed,Anime -> Khác,,,,,,,,,
41504676,,io,2,Khác,xe cấp cứu,46,Phương tiện,Yes,Changed,Khác -> Phương tiện,,,,,,,,,
41509682,,lưỡi gươm diệt quỷ,14,Anime,lưỡi gươm diệt quỷ,13,Anime,No,Unchanged,Unchanged,,,,,,,,,
41572831,,cậu bé mất tích,2,Phim truyền hình / Viễn tưởng (Stranger Things),kẻ trộm mặt trăng minions,3,minions : Phim hoạt hình,Yes,Changed,Phim truyền hình / Viễn tưởng (Stranger Things) -> minions : Phim hoạt hình,,,,,,,,,
41575539,,thương ngày nắng về,13,Phim Việt Nam,thương ngày nắng về,14,Phim Việt Nam,No,Unchanged,Unchanged,,,,,,,,,
41577640,,nữ thanh tra tài ba,2,Phim Hàn Quốc,yêu tinh,2,Phim Hàn Quốc,Yes,Unchanged,Unchanged,,,,,,,,,
4159701,,cổ tay áo màu đỏ,9,Phim Hàn Quốc,chị em nhà feller,18,Khác,Yes,Changed,Phim Hàn Quốc -> Khác,,,,,,,,,
41601629,,hát nhạc vàng,2,Khác,mười năm tình cũ,7,Khác,Yes,Unchanged,Unchanged,,,,,,,,,
41618725,,gửi thời thanh xuân ngây thơ tươi đẹp,2,Phim Trung Quốc,the call,2,Khác,Yes,Changed,Phim Trung Quốc -> Khác,,,,,,,,,
41638437,,i land,3,Khác,fairy tail,3,Anime,Yes,Changed,Khác -> Anime,,,,,,,,,
41640859,,bóng đá việt nam 2018,3,Khác,bắt đầu,3,Khác,Yes,Unchanged,Unchanged,,,,,,,,,
41644156,,cô nàng trong trắng oh woo ri,4,Phim Hàn Quốc,một nửa hoàn hảo,2,Khác,Yes,Changed,Phim Hàn Quốc -> Khác,,,,,,,,,
41645326,,canh de,3,Khác,dưới bóng mộc miên,2,Khác,Yes,Unchanged,Unchanged,,,,,,,,,
41651684,,quý ông hoàn hảo và cô nàng tạm được,4,Phim Trung Quốc,yêu thầm anh xã,2,Phim Thái Lan,Yes,Changed,Phim Trung Quốc -> Phim Thái Lan,,,,,,,,,
41654173,,boruto naruto the movie,7,Anime,boruto naruto the movie,11,Anime,No,Unchanged,Unchanged,,,,,,,,,
41663949,,netflix,3,Khác,youtube,2,Nền tảng,Yes,Changed,Khác -> Nền tảng,,,,,,,,,
41681969,,biệt đội bất hảo,2,Khác,ma trận,2,Tâm linh,Yes,Changed,Khác -> Tâm linh,,,,,,,,,
41691041,,mẹ ma,5,Phim chiếu rạp / Kinh dị,dog,4,Động vật,Yes,Changed,Phim chiếu rạp / Kinh dị -> Động vật,,,,,,,,,
41715071,,một con vịt,3,Âm nhạc thiếu nhi,chú ếch con,2,Âm nhạc thiếu nhi,Yes,Unchanged,Unchanged,,,,,,,,,
41742236,,người đàn ông thép,3,Khác,siêu nhân,16,Phim hoạt hình,Yes,Changed,Khác -> Phim hoạt hình,,,,,,,,,
41766674,,trữ tình,2,Âm nhạc,trữ tình,3,Âm nhạc,No,Unchanged,Unchanged,,,,,,,,,
41803805,,sao băng,10,Khác,lưu ly mỹ nhân sát,15,Phim Trung Quốc,Yes,Changed,Khác -> Phim Trung Quốc,,,,,,,,,
4181625,,ha tien sinh,2,Khác,thương,2,Khác,Yes,Unchanged,Unchanged,,,,,,,,,
41835384,,sao băng,2,Khác,nu luat su ky la,2,Khác,Yes,Unchanged,Unchanged,,,,,,,,,
41848569,,boruto naruto the movie,6,Anime,boruto naruto the movie,2,Anime,No,Unchanged,Unchanged,,,,,,,,,
41907019,,chàng hậu,2,Phim Hàn Quốc,học viện anh hùng,2,Khác,Yes,Changed,Phim Hàn Quốc -> Khác,,,,,,,,,
41909306,,gia đình mafia,7,Khác,king kong,13,Phim chiếu rạp,Yes,Changed,Khác -> Phim chiếu rạp,,,,,,,,,
41923308,,một con vịt,10,Âm nhạc thiếu nhi,một con vịt,8,Âm nhạc thiếu nhi,No,Unchanged,Unchanged,,,,,,,,,
41941856,,maika,2,Phim Việt Nam,dục vọng tình yêu,2,Phim Thái Lan,Yes,Changed,Phim Việt Nam -> Phim Thái Lan,,,,,,,,,
41951330,,yêu em từ cái nhìn đầu tiên,2,Phim Trung Quốc,dr stone,2,Anime,Yes,Changed,Phim Trung Quốc -> Anime,,,,,,,,,
41977287,,hoa của quỷ,4,Phim Hàn Quốc,huyền thoại biển xanh,2,Phim Hàn Quốc,Yes,Unchanged,Unchanged,,,,,,,,,
42002664,,u23 australia u23 jordan xem lại trận đấu cúp bóng đá u23 châu á afc 2022,2,Khác,u19 việt nam u19 malaysia xem lại trận đấu u19 đông nam á,3,Khác,Yes,Unchanged,Unchanged,,,,,,,,,
42015603,,tân tây du ký,3,Phim Trung Quốc,chú cừu shaun,3,Khác,Yes,Changed,Phim Trung Quốc -> Khác,,,,,,,,,
42019336,,tân tây du ký 2011,2,Phim Trung Quốc,siêu nhân vũ trụ,4,Phim hoạt hình,Yes,Changed,Phim Trung Quốc -> Phim hoạt hình,,,,,,,,,
42020452,,sao bang,3,Khác,ve dep,2,Khác,Yes,Unchanged,Unchanged,,,,,,,,,
42032557,,tôi thấy hoa vàng trên cỏ xanh,2,Phim Việt Nam,lặng yên dưới vực sâu,12,Khác,Yes,Changed,Phim Việt Nam -> Khác,,,,,,,,,
42042415,,true,4,Khác,penthouse 2,3,Phim Hàn Quốc,Yes,Changed,Khác -> Phim Hàn Quốc,,,,,,,,,
42047829,,cặp đôi trái ngược,4,Phim Hàn Quốc,lưu ly mỹ nhân sát,5,Phim Trung Quốc,Yes,Changed,Phim Hàn Quốc -> Phim Trung Quốc,,,,,,,,,
42073648,,hoi ki,2,Khác,boku no hero academia season 1,5,Anime,Yes,Changed,Khác -> Anime,,,,,,,,,
42082094,,siêu nhân,9,Phim hoạt hình,siêu nhân,7,Phim hoạt hình,No,Unchanged,Unchanged,,,,,,,,,
42083074,,khanh khanh ngã tâm,2,Khác,cặp đôi trái ngược,3,Phim Hàn Quốc,Yes,Changed,Khác -> Phim Hàn Quốc,,,,,,,,,
42086024,,hoa c,5,Khác,ca m,2,Khác,Yes,Unchanged,Unchanged,,,,,,,,,
42098718,,trữ tình,3,Âm nhạc,trữ tình,7,Âm nhạc,No,Unchanged,Unchanged,,,,,,,,,
42111091,,fairy tail,9,Anime,vẻ đẹp đích thực,9,Phim Hàn Quốc,Yes,Changed,Anime -> Phim Hàn Quốc,,,,,,,,,
42135054,,again my life,2,Phim Hàn Quốc,sao băng,3,Khác,Yes,Changed,Phim Hàn Quốc -> Khác,,,,,,,,,
42148240,,yeu tr,2,Khác,2ngay 1dem,4,Khác,Yes,Unchanged,Unchanged,,,,,,,,,
42152126,,baki,2,Anime,vermeil,4,Khác,Yes,Changed,Anime -> Khác,,,,,,,,,
42183588,,cùng em đi đến tận cùng thế giới,2,Phim Trung Quốc,hóa ra thời gian đều ghi nhớ,2,Khác,Yes,Changed,Phim Trung Quốc -> Khác,,,,,,,,,
42192807,,tam giác vuông tròn tròn tam giác,2,Khác,tam giác vuông tròn tròn tam giác,2,Khác,No,Unchanged,Unchanged,,,,,,,,,
42200486,,kết hôn rồi bắt đầu yêu,4,Phim Trung Quốc,kết hôn rồi bắt đầu yêu,2,Phim Trung Quốc,No,Unchanged,Unchanged,,,,,,,,,
42205332,,tấu hài,22,Khác,tấu hài,23,Khác,No,Unchanged,Unchanged,,,,,,,,,
42219098,,trữ tình,2,Âm nhạc,trữ tình,4,Âm nhạc,No,Unchanged,Unchanged,,,,,,,,,
42231556,,anh thợ xây có giọng hát hay ngất ngây khiến cả khán phòng đứng,4,Khác,truyền hình vĩnh long,3,Khác,Yes,Unchanged,Unchanged,,,,,,,,,
42232212,,seri baki,3,Anime,ne zha,3,Khác,Yes,Changed,Anime -> Khác,,,,,,,,,
42237334,,bolero,2,Âm nhạc,liên minh công lý phiên bản của zack snyder,4,phiên bản của zack snyder : Phim chiếu rạp / Siêu anh hùng,Yes,Changed,Âm nhạc -> phiên bản của zack snyder : Phim chiếu rạp / Siêu anh hùng,,,,,,,,,
42256262,,thiếu nhi,9,Tìm kiếm chung,thiếu nhi,5,Tìm kiếm chung,No,Unchanged,Unchanged,,,,,,,,,
42257976,,siêu nhân,6,Phim hoạt hình,siêu nhân,6,Phim hoạt hình,No,Unchanged,Unchanged,,,,,,,,,
42259878,,aladin và cây thần đèn magi,4,Khác,ne zero,3,Khác,Yes,Unchanged,Unchanged,,,,,,,,,
42264143,,bolero,4,Âm nhạc,bolero,4,Âm nhạc,No,Unchanged,Unchanged,,,,,,,,,
42268647,,onepice,2,Khác,doraemon,2,Anime,Yes,Changed,Khác -> Anime,,,,,,,,,
42289332,,vừa lúc em tỏa sáng,2,Khác,ước định thời gian yêu em,2,Khác,Yes,Unchanged,Unchanged,,,,,,,,,
42313650,,cuộc chiến thượng lưu,3,Phim Hàn Quốc,cuộc chiến thượng lưu,4,Phim Hàn Quốc,No,Unchanged,Unchanged,,,,,,,,,
42327901,,doukyuusei,6,Khác,boku,18,Anime,Yes,Changed,Khác -> Anime,,,,,,,,,
42346305,,duy khánh,2,Người nổi tiếng,duy khánh,4,Người nổi tiếng,No,Unchanged,Unchanged,,,,,,,,,
42351481,,linh hồn tượng đá,4,Tâm linh,taxi em tên gì,2,Phim Việt Nam,Yes,Changed,Tâm linh -> Phim Việt Nam,,,,,,,,,
42351856,,my hero academia,2,Khác,tuyển thủ vô hình,2,Khác,Yes,Unchanged,Unchanged,,,,,,,,,
42357935,,siêu nhân,4,Phim hoạt hình,thiếu nhi,5,Tìm kiếm chung,Yes,Changed,Phim hoạt hình -> Tìm kiếm chung,,,,,,,,,
42383042,,cuộc chiến,3,Khác,one punch man,2,Anime,Yes,Changed,Khác -> Anime,,,,,,,,,
42386083,,fairy tail,2,Anime,fairy tail,5,Anime,No,Unchanged,Unchanged,,,,,,,,,
42414154,,những quý cô say xỉn,3,Khác,su tr,4,Khác,Yes,Unchanged,Unchanged,,,,,,,,,
42417416,,wolfoo,3,Khác,con cào cào,4,Âm nhạc thiếu nhi,Yes,Changed,Khác -> Âm nhạc thiếu nhi,,,,,,,,,
42425020,,ca cổ,14,Âm nhạc,ca cổ,6,Âm nhạc,No,Unchanged,Unchanged,,,,,,,,,
42437285,,hong kong martial arts movies,2,Khác,trữ tình,2,Âm nhạc,Yes,Changed,Khác -> Âm nhạc,,,,,,,,,
42498569,,sam sam đến rồi,2,Phim Trung Quốc,con tim sắt đá,2,Phim Thái Lan,Yes,Changed,Phim Trung Quốc -> Phim Thái Lan,,,,,,,,,
42516736,,hlv uae thắng việt nam là trận đấu hay nhất của chúng tôi,13,Khác,hlv uae thắng việt nam là trận đấu hay nhất của chúng tôi,6,Khác,No,Unchanged,Unchanged,,,,,,,,,
42519885,,biệt đội siêu anh hùng,2,Phim chiếu rạp / Siêu anh hùng,phim siêu nhân,2,Phim hoạt hình,Yes,Changed,Phim chiếu rạp / Siêu anh hùng -> Phim hoạt hình,,,,,,,,,
42540194,,cổ tay áo màu đỏ,4,Phim Hàn Quốc,cổ tay áo màu đỏ,2,Phim Hàn Quốc,No,Unchanged,Unchanged,,,,,,,,,
42546677,,thập nhị đàm,2,Khác,siêu nhân,3,Phim hoạt hình,Yes,Changed,Khác -> Phim hoạt hình,,,,,,,,,
42556561,,công chúa aurora,2,Khác,vẻ đẹp đích thực,2,Phim Hàn Quốc,Yes,Changed,Khác -> Phim Hàn Quốc,,,,,,,,,
42573439,,xin đừng gặp anh ấy,2,Phim Hàn Quốc,bi mat,8,Khác,Yes,Changed,Phim Hàn Quốc -> Khác,,,,,,,,,
42576064,,jurassic world,2,Khác,minio,3,Khác,Yes,Unchanged,Unchanged,,,,,,,,,
42586833,,con tim sắt đá,2,Phim Thái Lan,sao băng,2,Khác,Yes,Changed,Phim Thái Lan -> Khác,,,,,,,,,
42589737,,penthouse 2,6,Phim Hàn Quốc,sao băng,5,Khác,Yes,Changed,Phim Hàn Quốc -> Khác,,,,,,,,,
42599163,,thu li,2,Khác,đao kiếm thần vực phần 3,2,Anime,Yes,Changed,Khác -> Anime,,,,,,,,,
42621053,,siêu nhân,2,Phim hoạt hình,dragon ball super,3,Khác,Yes,Changed,Phim hoạt hình -> Khác,,,,,,,,,
42621369,,thách thức danh hài,2,Chương trình truyền hình,truyện cổ tích việt nam phần 1,2,Tìm kiếm chung,Yes,Changed,Chương trình truyền hình -> Tìm kiếm chung,,,,,,,,,
42623042,,như ý phương phi,2,Khác,nhất dạ tân nương,2,Phim Trung Quốc,Yes,Changed,Khác -> Phim Trung Quốc,,,,,,,,,
42628011,,kênh vtv1,2,Kênh truyền hình,liên minh công lý phiên bản của zack snyder,2,phiên bản của zack snyder : Phim chiếu rạp / Siêu anh hùng,Yes,Changed,Kênh truyền hình -> phiên bản của zack snyder : Phim chiếu rạp / Siêu anh hùng,,,,,,,,,
42629288,,movie one piece,2,phim : Anime,black clover,2,Anime,Yes,Changed,phim : Anime -> Anime,,,,,,,,,
42666573,,tìm mẹ,2,Chương trình truyền hình,siêu nhân,2,Phim hoạt hình,Yes,Changed,Chương trình truyền hình -> Phim hoạt hình,,,,,,,,,
42676404,,tuyển tập phim ngắn việt nam,8,phim ngắn việt nam : Phim Việt Nam,bố già,3,Khác,Yes,Changed,phim ngắn việt nam : Phim Việt Nam -> Khác,,,,,,,,,
42682567,,kênh vtv1,9,Kênh truyền hình,kênh vtv1,8,Kênh truyền hình,No,Unchanged,Unchanged,,,,,,,,,
42691089,,búp bê bằng bông,5,Khác,một con vịt,5,Âm nhạc thiếu nhi,Yes,Changed,Khác -> Âm nhạc thiếu nhi,,,,,,,,,
4269175,,o nha,2,Khác,nha co m,4,Khác,Yes,Unchanged,Unchanged,,,,,,,,,
42736341,,liên minh công lý phiên bản của zack snyder,3,phiên bản của zack snyder : Phim chiếu rạp / Siêu anh hùng,liên minh công lý phiên bản của zack snyder,4,phiên bản của zack snyder : Phim chiếu rạp / Siêu anh hùng,No,Unchanged,Unchanged,,,,,,,,,
42739592,,ngày mai cũng muốn gặp anh,2,Khác,hải đường kinh vũ yên chi thấu,2,Khác,Yes,Unchanged,Unchanged,,,,,,,,,
42741971,,vẻ đẹp đích thực,3,Phim Hàn Quốc,mùa hè của hồ ly,2,Phim Trung Quốc,Yes,Changed,Phim Hàn Quốc -> Phim Trung Quốc,,,,,,,,,
42763512,,muốn gặp anh,3,Khác,youtv,2,Khác,Yes,Unchanged,Unchanged,,,,,,,,,
42765961,,baby sh,2,Khác,bung cai la co tie,2,Khác,Yes,Unchanged,Unchanged,,,,,,,,,
42784459,,chu,2,Khác,kdrama,2,Khác,Yes,Unchanged,Unchanged,,,,,,,,,
42840772,,tình,2,Khác,tình,8,Khác,No,Unchanged,Unchanged,,,,,,,,,
42841753,,hiha,13,Khác,liên minh công lý phiên bản của zack snyder,3,phiên bản của zack snyder : Phim chiếu rạp / Siêu anh hùng,Yes,Changed,Khác -> phiên bản của zack snyder : Phim chiếu rạp / Siêu anh hùng,,,,,,,,,
42893288,,siêu nhân,3,Phim hoạt hình,siêu nhân,5,Phim hoạt hình,No,Unchanged,Unchanged,,,,,,,,,
42916068,,tìm kiếm bằng giọng nói,4,Tìm kiếm chung / Chức năng,nhân sinh nếu như lần đầu gặp gỡ,17,Khác,Yes,Changed,Tìm kiếm chung / Chức năng -> Khác,,,,,,,,,
42966538,,zombieland saga season 1,2,Khác,kẻ trộm mặt trăng minions,5,minions : Phim hoạt hình,Yes,Changed,Khác -> minions : Phim hoạt hình,,,,,,,,,
42973507,,thế gả công chúa,2,Khác,thế gả công chúa,2,Khác,No,Unchanged,Unchanged,,,,,,,,,
42992126,,hoan,2,Khác,co vo,3,Khác,Yes,Unchanged,Unchanged,,,,,,,,,
42999984,,siêu nhân,4,Phim hoạt hình,siêu nhân,10,Phim hoạt hình,No,Unchanged,Unchanged,,,,,,,,,
4305350,,yêu không kiểm soát,8,Phim Hàn Quốc,keep running,2,Chương trình Trung Quốc,Yes,Changed,Phim Hàn Quốc -> Chương trình Trung Quốc,,,,,,,,,
43161967,,paw patrol,20,Phim hoạt hình,paw patrol,10,Phim hoạt hình,No,Unchanged,Unchanged,,,,,,,,,
43274960,,true,4,Khác,true be,2,Khác,Yes,Unchanged,Unchanged,,,,,,,,,
43402963,,nhất kiến khuynh tâm,2,Phim Trung Quốc,hoàng hậu cuối cùng,2,Phim Hàn Quốc,Yes,Changed,Phim Trung Quốc -> Phim Hàn Quốc,,,,,,,,,
43420719,,bolero,3,Âm nhạc,bolero,9,Âm nhạc,No,Unchanged,Unchanged,,,,,,,,,
4344751,,conan,2,Anime,conan,2,Anime,No,Unchanged,Unchanged,,,,,,,,,
43460565,,bolero,4,Âm nhạc,bolero,2,Âm nhạc,No,Unchanged,Unchanged,,,,,,,,,
43557130,,sao băng,2,Khác,why her,2,Phim Hàn Quốc,Yes,Changed,Khác -> Phim Hàn Quốc,,,,,,,,,
43595543,,đẹp trai là số một,2,Phim Trung Quốc,em là thành trì doanh lũy của anh,2,Phim Trung Quốc,Yes,Unchanged,Unchanged,,,,,,,,,
43636601,,fruits basket,2,Khác,học viện đỏ đen,2,Khác,Yes,Unchanged,Unchanged,,,,,,,,,
43652976,,thiếu nhi,3,Tìm kiếm chung,bolero,3,Âm nhạc,Yes,Changed,Tìm kiếm chung -> Âm nhạc,,,,,,,,,
43680535,,izone,3,Khác,săn lùng thỏ ngọc,2,Khác,Yes,Unchanged,Unchanged,,,,,,,,,
43687301,,trữ tình,3,Âm nhạc,trữ tình,2,Âm nhạc,No,Unchanged,Unchanged,,,,,,,,,
43706702,,fairy tail,3,Anime,boku no hero academia season 1,2,Anime,Yes,Unchanged,Unchanged,,,,,,,,,
43743140,,bạch ngọc,2,Khác,sakura,3,Khác,Yes,Unchanged,Unchanged,,,,,,,,,
43777931,,ca nhạc,2,Âm nhạc,tây du ký,3,Phim Trung Quốc,Yes,Changed,Âm nhạc -> Phim Trung Quốc,,,,,,,,,
43830225,,tìm kiếm bằng giọng nói,11,Tìm kiếm chung / Chức năng,tìm kiếm bằng giọng nói,3,Tìm kiếm chung / Chức năng,No,Unchanged,Unchanged,,,,,,,,,
43841510,,bolero,2,Âm nhạc,bolero,11,Âm nhạc,No,Unchanged,Unchanged,,,,,,,,,
4390834,,totoro,5,Anime,totoro,4,Anime,No,Unchanged,Unchanged,,,,,,,,,
43964581,,attack on titan season 4,6,Anime,overlord ii,3,Anime,Yes,Unchanged,Unchanged,,,,,,,,,
43989091,,phim thế giới kỳ bí,2,Khác,karaoke mẹ yêu ơi,5,Âm nhạc,Yes,Changed,Khác -> Âm nhạc,,,,,,,,,
43992752,,cô nàng mạnh mẽ,2,Khác,chú thuật hồi chiến,3,Anime,Yes,Changed,Khác -> Anime,,,,,,,,,
43998142,,người thầy y đức2,2,Phim Hàn Quốc,running man,2,Chương trình truyền hình,Yes,Changed,Phim Hàn Quốc -> Chương trình truyền hình,,,,,,,,,
44009162,,thế giới động vật,2,Tìm kiếm chung / Tài liệu,thế giới động vật,2,Tìm kiếm chung / Tài liệu,No,Unchanged,Unchanged,,,,,,,,,
44063693,,ký ức tội ác,7,Khác,những gã tồi,3,Khác,Yes,Unchanged,Unchanged,,,,,,,,,
44095655,,chiêu trò lừa gạt,2,Phim Thái Lan,huyền của ôn noãn,2,Khác,Yes,Changed,Phim Thái Lan -> Khác,,,,,,,,,
44102197,,penthouse 2,16,Phim Hàn Quốc,học viện anh hùng phần 2,14,Anime,Yes,Changed,Phim Hàn Quốc -> Anime,,,,,,,,,
44112964,,luong b,2,Khác,happi,7,Khác,Yes,Unchanged,Unchanged,,,,,,,,,
44113253,,tieu nuo,6,Khác,rung động đầu đời,2,Khác,Yes,Unchanged,Unchanged,,,,,,,,,
44120135,,ai ra xứ huế,3,Khác,huế thương,5,Khác,Yes,Unchanged,Unchanged,,,,,,,,,
44122169,,đưa em vào hạ thanh hằng,2,Khác,nỗi buồn hoa phượng,2,Khác,Yes,Unchanged,Unchanged,,,,,,,,,
44122256,,sống,12,Khác,sống,6,Khác,No,Unchanged,Unchanged,,,,,,,,,
44154522,,thời gian và em đều thật ngọt ngào,2,Khác,nữ luật sư kì lạ,2,Khác,Yes,Unchanged,Unchanged,,,,,,,,,
44206512,,pokémon,17,Anime,la femme nikita,3,Khác,Yes,Changed,Anime -> Khác,,,,,,,,,
4425065,,cá mực hầm mật,2,Phim Trung Quốc,em là thành trì doanh lũy của anh,2,Phim Trung Quốc,Yes,Unchanged,Unchanged,,,,,,,,,
44273983,,lời ru của mẹ,2,Khác,trở về cát bụi,2,Khác,Yes,Unchanged,Unchanged,,,,,,,,,
44280674,,bokunohero,3,Khác,kime,2,Anime,Yes,Changed,Khác -> Anime,,,,,,,,,
44281310,,tại sao lại là oh soo jae,2,Phim Hàn Quốc,tại sao lại là oh soo jae,2,Phim Hàn Quốc,No,Unchanged,Unchanged,,,,,,,,,
44295278,,conan,2,Anime,the heir,2,Khác,Yes,Changed,Anime -> Khác,,,,,,,,,
44299533,,mỹ nhân mộ bạch thủ,11,Khác,nắm giữ sinh mệnh,2,Phim ảnh,Yes,Changed,Khác -> Phim ảnh,,,,,,,,,
44359317,,sống chung với mẹ chồng,3,Khác,thương ngày nắng về,5,Phim Việt Nam,Yes,Changed,Khác -> Phim Việt Nam,,,,,,,,,
44362804,,bạn trai tôi là hồ ly,2,Phim Hàn Quốc,vô tình tìm thấy cậu,5,Khác,Yes,Changed,Phim Hàn Quốc -> Khác,,,,,,,,,
44368449,,kênh,3,Khác,kênh,11,Khác,No,Unchanged,Unchanged,,,,,,,,,
44379827,,đông cung,2,Phim Trung Quốc,f4thailan,2,Khác,Yes,Changed,Phim Trung Quốc -> Khác,,,,,,,,,
4440291,,u23thaisvhan,3,Khác,cotuongconglu,8,Khác,Yes,Unchanged,Unchanged,,,,,,,,,
44412493,,thử thách thần tượng running man,3,Chương trình truyền hình,thử thách thần tượng running man,3,Chương trình truyền hình,No,Unchanged,Unchanged,,,,,,,,,
44498507,,cinderella,11,Phim chiếu rạp,người sói,2,Khác,Yes,Changed,Phim chiếu rạp -> Khác,,,,,,,,,
44543458,,học viện anh hùng phần 3,4,Anime,bungou stray dogs season 3,2,Anime,Yes,Unchanged,Unchanged,,,,,,,,,
44553541,,bẫy tình yêu,3,Khác,em là thành trì doanh lũy của anh,3,Phim Trung Quốc,Yes,Changed,Khác -> Phim Trung Quốc,,,,,,,,,
44557154,,sở hữu,2,Khác,vincenzo,5,Phim Hàn Quốc,Yes,Changed,Khác -> Phim Hàn Quốc,,,,,,,,,
44566917,,tôi thấy hoa vàng trên cỏ xanh,2,Phim Việt Nam,tôi thấy hoa vàng trên cỏ xanh,3,Phim Việt Nam,No,Unchanged,Unchanged,,,,,,,,,
44579158,,vân tịch truyện,3,Phim Trung Quốc,hoa thiên cốt,2,Phim Trung Quốc,Yes,Unchanged,Unchanged,,,,,,,,,
44579638,,người thầy y đức,2,Phim Hàn Quốc,nữ nhi nhà họ kiều,2,Phim Trung Quốc,Yes,Changed,Phim Hàn Quốc -> Phim Trung Quốc,,,,,,,,,
44597617,,kimetsu noyaiba,7,Khác,hori,7,Khác,Yes,Unchanged,Unchanged,,,,,,,,,
44607142,,đẹp trai là số một,2,Phim Trung Quốc,cá mực hầm mật,2,Phim Trung Quốc,Yes,Unchanged,Unchanged,,,,,,,,,
44613704,,bài tập 6 múi,2,Khác,cải lương chung vô diệm,6,Khác,Yes,Unchanged,Unchanged,,,,,,,,,
44623907,,fairy tail,2,Anime,con tim sắt đá,2,Phim Thái Lan,Yes,Changed,Anime -> Phim Thái Lan,,,,,,,,,
44651374,,yêu tinh,2,Phim Hàn Quốc,tìm kiếm bằng giọng nói,5,Tìm kiếm chung / Chức năng,Yes,Changed,Phim Hàn Quốc -> Tìm kiếm chung / Chức năng,,,,,,,,,
44667116,,trở lại tuổi 18,3,Phim Hàn Quốc,thanh xuân vật vã,5,Phim Hàn Quốc,Yes,Unchanged,Unchanged,,,,,,,,,
44698285,,bleach,2,Anime,hội pháp sư,2,Anime,Yes,Unchanged,Unchanged,,,,,,,,,
44699888,,cô nàng đẹp trai,5,Khác,tiểu sử chàng nokdu,2,Khác,Yes,Unchanged,Unchanged,,,,,,,,,
44708730,,nữ thanh tra tài ba,3,Phim Hàn Quốc,pháp y tần minh người đọc tâm,2,người đọc tâm : Phim Trung Quốc,Yes,Changed,Phim Hàn Quốc -> người đọc tâm : Phim Trung Quốc,,,,,,,,,
44739482,,lam diễm đột kích,2,Khác,xuân hoa thu nguyệt,2,Khác,Yes,Unchanged,Unchanged,,,,,,,,,
44775021,,yêu tinh,9,Phim Hàn Quốc,thu thac,13,Khác,Yes,Changed,Phim Hàn Quốc -> Khác,,,,,,,,,
44776370,,bất chợt tìm thấy cậu,6,Khác,kẻ trộm mặt trăng minions,2,minions : Phim hoạt hình,Yes,Changed,Khác -> minions : Phim hoạt hình,,,,,,,,,
44783539,,penthouse 1,3,Phim Hàn Quốc,cuộc chiến thượng lưu,2,Phim Hàn Quốc,Yes,Unchanged,Unchanged,,,,,,,,,
44785197,,pinocchio,7,Khác,shooting,3,Khác,Yes,Unchanged,Unchanged,,,,,,,,,
4484431,,hội pháp sư,2,Anime,chuyện người hầu gái rong cua kobayashi,2,Khác,Yes,Changed,Anime -> Khác,,,,,,,,,
44902951,,lấy danh nghĩa người nhà,4,Phim Trung Quốc,lưu ly mỹ nhân sát,2,Phim Trung Quốc,Yes,Unchanged,Unchanged,,,,,,,,,
44908574,,happi,7,Khác,legend of bl,3,Khác,Yes,Unchanged,Unchanged,,,,,,,,,
44916742,,bolero,3,Âm nhạc,trữ tình,2,Âm nhạc,Yes,Unchanged,Unchanged,,,,,,,,,
44918513,,những chàng trai tham vọng,2,Phim Thái Lan,bằng chứng thép 3,2,Phim Hồng Kông,Yes,Changed,Phim Thái Lan -> Phim Hồng Kông,,,,,,,,,
44947791,,thiếu nhi,7,Tìm kiếm chung,thiếu nhi,11,Tìm kiếm chung,No,Unchanged,Unchanged,,,,,,,,,
45069660,,mặt trăng ôm mặt trời,2,Phim Hàn Quốc,mặt trăng ôm mặt trời,2,Phim Hàn Quốc,No,Unchanged,Unchanged,,,,,,,,,
45072554,,khúc hát sông quê,4,Khác,khúc hát sông quê,4,Khác,No,Unchanged,Unchanged,,,,,,,,,
45079346,,the gioi dong vat,2,Khác,cho dom,2,Khác,Yes,Unchanged,Unchanged,,,,,,,,,
45263412,,30 chưa phải là hết,8,Phim Trung Quốc,phong bạo vũ,17,Khác,Yes,Changed,Phim Trung Quốc -> Khác,,,,,,,,,
45297795,,jurassic world dominion,2,Phim hoạt hình,jurassic world dominion,2,Phim hoạt hình,No,Unchanged,Unchanged,,,,,,,,,
45306113,,tay du,3,Khác,an,4,Khác,Yes,Unchanged,Unchanged,,,,,,,,,
4531598,,nữ thanh tra tài ba,5,Phim Hàn Quốc,ngược dòng thời gian để yêu anh,2,Khác,Yes,Changed,Phim Hàn Quốc -> Khác,,,,,,,,,
45356208,,bật máy múc,5,Khác,baby shark,8,Âm nhạc thiếu nhi,Yes,Changed,Khác -> Âm nhạc thiếu nhi,,,,,,,,,
45387734,,lấy danh nghĩa người nhà,2,Phim Trung Quốc,chàng trai mạc cách li,2,Khác,Yes,Changed,Phim Trung Quốc -> Khác,,,,,,,,,
4539538,,phim lego 2,5,Phim hoạt hình,chie,4,Khác,Yes,Changed,Phim hoạt hình -> Khác,,,,,,,,,
45520355,,thiếu nhi,16,Tìm kiếm chung,thiếu nhi,9,Tìm kiếm chung,No,Unchanged,Unchanged,,,,,,,,,
45549477,,doraemon,2,Anime,kime,5,Anime,Yes,Unchanged,Unchanged,,,,,,,,,
45556792,,hậu duệ mặt trời,5,Phim Hàn Quốc,miễn bầu trời còn có mặt trời,5,Phim Thái Lan,Yes,Changed,Phim Hàn Quốc -> Phim Thái Lan,,,,,,,,,
45724236,,thiên nga bóng đêm,2,Phim Hàn Quốc,nhất kiến khuynh tâm,6,Phim Trung Quốc,Yes,Changed,Phim Hàn Quốc -> Phim Trung Quốc,,,,,,,,,
45745243,,siêu nhân,2,Phim hoạt hình,siêu nhân,3,Phim hoạt hình,No,Unchanged,Unchanged,,,,,,,,,
45745383,,tan học đừng vội về,2,Khác,giác quan thứ sáu,2,Chương trình truyền hình,Yes,Changed,Khác -> Chương trình truyền hình,,,,,,,,,
45747900,,sieu nang luc kaishi,2,Khác,hạnh phúc đến vạn gia,2,Phim Trung Quốc,Yes,Changed,Khác -> Phim Trung Quốc,,,,,,,,,
45764816,,trường an nặc thuyết minh,2,Khác,bảy viên ngọc rồng,2,Khác,Yes,Unchanged,Unchanged,,,,,,,,,
45775207,,nhím sonic,4,Khác,sáng tạo,2,Khác,Yes,Unchanged,Unchanged,,,,,,,,,
4577615,,lưu ly mỹ nhân sát,2,Phim Trung Quốc,lưu ly mỹ nhân sát,8,Phim Trung Quốc,No,Unchanged,Unchanged,,,,,,,,,
45778793,,võ mỵ nương truyền kỳ,3,Phim Trung Quốc,võ tắc thiên,2,Phim Trung Quốc,Yes,Unchanged,Unchanged,,,,,,,,,
45808434,,thiếu nhi,4,Tìm kiếm chung,thiếu nhi,13,Tìm kiếm chung,No,Unchanged,Unchanged,,,,,,,,,
45882702,,bão ngầm,2,Khác,bác sĩ tim,2,Y khoa,Yes,Changed,Khác -> Y khoa,,,,,,,,,
45991230,,kẻ truyền thừa,2,Phim chiếu rạp,ngộ long,3,Khác,Yes,Changed,Phim chiếu rạp -> Khác,,,,,,,,,
46032934,,so,2,Khác,thời tới rồi,2,Khác,Yes,Unchanged,Unchanged,,,,,,,,,
46222107,,hội pháp sư,2,Anime,hội pháp sư,13,Anime,No,Unchanged,Unchanged,,,,,,,,,
46248897,,penthouse,2,Phim Hàn Quốc,hậu cung như ý truyện,2,Phim Trung Quốc,Yes,Changed,Phim Hàn Quốc -> Phim Trung Quốc,,,,,,,,,
46253434,,yêu trong đau thương,2,Khác,yêu tinh,3,Phim Hàn Quốc,Yes,Changed,Khác -> Phim Hàn Quốc,,,,,,,,,
46259068,,ten little duckies,2,Khác,cổ tay áo màu đỏ,3,Phim Hàn Quốc,Yes,Changed,Khác -> Phim Hàn Quốc,,,,,,,,,
46282747,,thước vải ma mị,3,Phim Thái Lan,miracle,2,Khác,Yes,Changed,Phim Thái Lan -> Khác,,,,,,,,,
46317882,,hồi kí vanitas,2,Anime,fairy tail,9,Anime,Yes,Unchanged,Unchanged,,,,,,,,,
46360911,,cuộc sống thượng lưu,2,Phim Hàn Quốc,hương mật tựa khói sương,2,Phim Trung Quốc,Yes,Changed,Phim Hàn Quốc -> Phim Trung Quốc,,,,,,,,,
46385943,,hau du,2,Khác,reply 1988,17,Phim Hàn Quốc,Yes,Changed,Khác -> Phim Hàn Quốc,,,,,,,,,
46390616,,hay,2,Khác,bắt một con vịt,5,Âm nhạc thiếu nhi,Yes,Changed,Khác -> Âm nhạc thiếu nhi,,,,,,,,,
46403217,,thử thách thần chết giữa hai thế giới,7,giữa hai thế giới : Phim chiếu rạp / Giả tưởng,thử thách thần tượng running man,5,Chương trình truyền hình,Yes,Changed,giữa hai thế giới : Phim chiếu rạp / Giả tưởng -> Chương trình truyền hình,,,,,,,,,
46424313,,tìm kiếm bằng giọng nói,2,Tìm kiếm chung / Chức năng,kẻ trộm mặt trăng minions,4,minions : Phim hoạt hình,Yes,Changed,Tìm kiếm chung / Chức năng -> minions : Phim hoạt hình,,,,,,,,,
4643340,,nữ thanh tra tài ba,5,Phim Hàn Quốc,conan,2,Anime,Yes,Changed,Phim Hàn Quốc -> Anime,,,,,,,,,
46463908,,ninja rùa,2,Khác,kì nghỉ của mr bean,2,Khác,Yes,Unchanged,Unchanged,,,,,,,,,
46520200,,hồ sơ trinh sát,2,Phim Hồng Kông,tư đằng,2,Phim Trung Quốc,Yes,Changed,Phim Hồng Kông -> Phim Trung Quốc,,,,,,,,,
4658863,,hanna bí ẩn,3,Khác,cuồng phong,4,Khác,Yes,Unchanged,Unchanged,,,,,,,,,
46590882,,kênh vtv1,11,Kênh truyền hình,kênh vtv1,13,Kênh truyền hình,No,Unchanged,Unchanged,,,,,,,,,
46591039,,penthouse 2,2,Phim Hàn Quốc,khách sạn ma quái,2,Phim Hàn Quốc,Yes,Unchanged,Unchanged,,,,,,,,,
46598588,,lấy danh nghĩa người nhà,2,Phim Trung Quốc,phù dao hoàng hậu,2,Phim Trung Quốc,Yes,Unchanged,Unchanged,,,,,,,,,
46850358,,hải thượng phồn hoa,4,Khác,sự quyến rũ của người vợ,2,Khác,Yes,Unchanged,Unchanged,,,,,,,,,
46861548,,bắt ma phá án,2,Phim Hàn Quốc,mouse,2,Phim Hàn Quốc,Yes,Unchanged,Unchanged,,,,,,,,,
46897832,,mưa lạnh tàn canh,4,Khác,mưa lạnh tàn canh,6,Khác,No,Unchanged,Unchanged,,,,,,,,,
46954007,,gió về miền xuôi,3,Khác,gió về miền xuôi,9,Khác,No,Unchanged,Unchanged,,,,,,,,,
46972708,,sao băng,4,Khác,yêu nhầm chị dâu,3,Phim Thái Lan,Yes,Changed,Khác -> Phim Thái Lan,,,,,,,,,
46982930,,nàng vệ sĩ của tôi,2,Khác,minh châu rực rỡ,3,Phim Thái Lan,Yes,Changed,Khác -> Phim Thái Lan,,,,,,,,,
47039494,,gg bond special adventure journey,3,Khác,biệt đội siêu anh hùng,8,Phim chiếu rạp / Siêu anh hùng,Yes,Changed,Khác -> Phim chiếu rạp / Siêu anh hùng,,,,,,,,,
4704426,,it,2,Khác,lamput,3,Khác,Yes,Unchanged,Unchanged,,,,,,,,,
47057325,,vương triều nhục dục,2,Khác,lối nhỏ vào đời,3,Khác,Yes,Unchanged,Unchanged,,,,,,,,,
47143665,,puretube,5,Khác,2am,3,Khác,Yes,Unchanged,Unchanged,,,,,,,,,
47168520,,bài hát bác hồ của em,2,Khác,miu lê,2,Khác,Yes,Unchanged,Unchanged,,,,,,,,,
47203376,,khi màn đêm gợn sóng,2,Phim Trung Quốc,luật sư và bác sỹ,2,Khác,Yes,Changed,Phim Trung Quốc -> Khác,,,,,,,,,
47256944,,sao băng,5,Khác,tiên nữ cử tạ kim bok joo,3,Phim Hàn Quốc,Yes,Changed,Khác -> Phim Hàn Quốc,,,,,,,,,
47259110,,the avengers,2,Phim chiếu rạp / Siêu anh hùng,tư đằng,2,Phim Trung Quốc,Yes,Changed,Phim chiếu rạp / Siêu anh hùng -> Phim Trung Quốc,,,,,,,,,
47276195,,phim thiên nga bóng đêm,3,Phim Hàn Quốc,sức mạnh của nến,3,Khác,Yes,Changed,Phim Hàn Quốc -> Khác,,,,,,,,,
47299981,,vô tình nhặt được tổng tài,2,Phim Trung Quốc,học viện quân sự liệt hỏa,2,Phim Trung Quốc,Yes,Unchanged,Unchanged,,,,,,,,,
47354630,,gửi thời thanh xuân ngây thơ tươi đẹp,3,Phim Trung Quốc,cuoc c,6,Khác,Yes,Changed,Phim Trung Quốc -> Khác,,,,,,,,,
4745536,,ky ng,2,Khác,pokemon,6,Anime,Yes,Changed,Khác -> Anime,,,,,,,,,
47461501,,một con vịt,11,Âm nhạc thiếu nhi,một con vịt,11,Âm nhạc thiếu nhi,No,Unchanged,Unchanged,,,,,,,,,
47494624,,365 ngày yêu anh,2,Khác,anh muốn nghe tiếng em hát,2,Khác,Yes,Unchanged,Unchanged,,,,,,,,,
4751593,,tìm kiếm bằng giọng nói,2,Tìm kiếm chung / Chức năng,tho n,2,Khác,Yes,Changed,Tìm kiếm chung / Chức năng -> Khác,,,,,,,,,
47520191,,your name,2,Khác,vùng đất,2,Khác,Yes,Unchanged,Unchanged,,,,,,,,,
47525150,,what is this child,7,Khác,what child is this,2,Khác,Yes,Unchanged,Unchanged,,,,,,,,,
47584808,,kenh hbo,2,Khác,kenh hbo,2,Khác,No,Unchanged,Unchanged,,,,,,,,,
47617265,,yêu em từ cái nhìn đầu tiên,2,Phim Trung Quốc,yêu tinh,6,Phim Hàn Quốc,Yes,Changed,Phim Trung Quốc -> Phim Hàn Quốc,,,,,,,,,
47656537,,lấy danh nghĩa người nhà,4,Phim Trung Quốc,lấy danh nghĩa người nhà,2,Phim Trung Quốc,No,Unchanged,Unchanged,,,,,,,,,
47753173,,người đẹp tóc mây,2,Phim hoạt hình,tam quốc diễn nghĩa,3,Khác,Yes,Changed,Phim hoạt hình -> Khác,,,,,,,,,
47804591,,anime,2,Khác,fairy tail,3,Anime,Yes,Changed,Khác -> Anime,,,,,,,,,
47818799,,cảnh đẹp ngày vui biết bao giờ,2,Phim Trung Quốc,tiểu nương tử nhà tướng quân,2,Phim Trung Quốc,Yes,Unchanged,Unchanged,,,,,,,,,
47840653,,siêu nhân,2,Phim hoạt hình,siêu người mẫu,2,Khác,Yes,Changed,Phim hoạt hình -> Khác,,,,,,,,,
47840697,,pinocchio,2,Khác,fairy tail,2,Anime,Yes,Changed,Khác -> Anime,,,,,,,,,
47876626,,a piece of your mind,2,Khác,dear m,2,Khác,Yes,Unchanged,Unchanged,,,,,,,,,
47898436,,bigfoot family,6,Khác,u19 vn vs mala,2,Khác,Yes,Unchanged,Unchanged,,,,,,,,,
47933058,,dr stone,3,Anime,hội pháp sư,2,Anime,Yes,Unchanged,Unchanged,,,,,,,,,
47973346,,happiness,3,Phim Hàn Quốc,chon,2,Khác,Yes,Changed,Phim Hàn Quốc -> Khác,,,,,,,,,
48007465,,công,3,Khác,tìm kiếm bằng giọng nói,7,Tìm kiếm chung / Chức năng,Yes,Changed,Khác -> Tìm kiếm chung / Chức năng,,,,,,,,,
4807847,,siêu nhân,7,Phim hoạt hình,siêu nhân,5,Phim hoạt hình,No,Unchanged,Unchanged,,,,,,,,,
48098421,,jujutsu kaisen,7,Anime,sword art,4,Anime,Yes,Unchanged,Unchanged,,,,,,,,,
48130213,,naruto,2,Anime,dr stone,2,Anime,Yes,Unchanged,Unchanged,,,,,,,,,
48134306,,một con vịt,2,Âm nhạc thiếu nhi,một con vịt,3,Âm nhạc thiếu nhi,No,Unchanged,Unchanged,,,,,,,,,
48183668,,nơi ấy mẹ mong,2,Khác,anh ơi,2,Khác,Yes,Unchanged,Unchanged,,,,,,,,,
48204322,,ca nhạc,2,Âm nhạc,bolero,3,Âm nhạc,Yes,Unchanged,Unchanged,,,,,,,,,
48235062,,nabuto,7,Khác,satama3,5,Khác,Yes,Unchanged,Unchanged,,,,,,,,,
48292149,,boku no hero academia,2,Anime,shokugeki no souma,2,Khác,Yes,Changed,Anime -> Khác,,,,,,,,,
48354348,,khi màn đêm gợn sóng,8,Phim Trung Quốc,cô vợ bắt buộc,2,Phim Thái Lan,Yes,Changed,Phim Trung Quốc -> Phim Thái Lan,,,,,,,,,
48409780,,cảnh đẹp ngày vui biết bao giờ,5,Phim Trung Quốc,lưu ly mỹ nhân sát,3,Phim Trung Quốc,Yes,Unchanged,Unchanged,,,,,,,,,
4841026,,trời đẹp em sẽ đến,3,Khác,alice,2,Phim Hàn Quốc,Yes,Changed,Khác -> Phim Hàn Quốc,,,,,,,,,
48499734,,doraemon,2,Anime,chieu d,2,Khác,Yes,Changed,Anime -> Khác,,,,,,,,,
48531847,,nàng bạch tuyết và bảy chú lùn,2,Phim hoạt hình,trò chơi con mực,7,Khác,Yes,Changed,Phim hoạt hình -> Khác,,,,,,,,,
48574811,,cảnh đe,2,Khác,con tim sắt đá,2,Phim Thái Lan,Yes,Changed,Khác -> Phim Thái Lan,,,,,,,,,
48587607,,ký ức vui vẻ,2,Khác,bao la tình mẹ,4,Khác,Yes,Unchanged,Unchanged,,,,,,,,,
48684862,,quý ông hoàn hảo,2,Khác,con tim sắt đá,4,Phim Thái Lan,Yes,Changed,Khác -> Phim Thái Lan,,,,,,,,,
48698557,,chảo lửa tình yêu,3,Khác,nếu em bình an đó mới là ngày đẹp trời,3,Phim Trung Quốc,Yes,Changed,Khác -> Phim Trung Quốc,,,,,,,,,
48725501,,bác sĩ ma,7,Phim Hàn Quốc,khách sạn ma quái,20,Phim Hàn Quốc,Yes,Unchanged,Unchanged,,,,,,,,,
48734947,,ngọc lan,5,Khác,ngọc lan,10,Khác,No,Unchanged,Unchanged,,,,,,,,,
48736264,,harry potter,3,Phim chiếu rạp / Giả tưởng,conan,2,Anime,Yes,Changed,Phim chiếu rạp / Giả tưởng -> Anime,,,,,,,,,
48799136,,sống,3,Khác,sống,2,Khác,No,Unchanged,Unchanged,,,,,,,,,
48851812,,akame ga kill,2,Anime,kẻ trộm mặt trăng minions,3,minions : Phim hoạt hình,Yes,Changed,Anime -> minions : Phim hoạt hình,,,,,,,,,
48866315,,penthouse special episodes,2,Phim Hàn Quốc,penthouse 3,20,Phim Hàn Quốc,Yes,Unchanged,Unchanged,,,,,,,,,
48893436,,cảnh đẹp ngày vui biết bao giờ,2,Phim Trung Quốc,nấc thang lên thiên đường,2,Khác,Yes,Changed,Phim Trung Quốc -> Khác,,,,,,,,,
48906236,,chuyện ngày xưa ở hollywood,2,Khác,khách sạn transylvania,4,Khác,Yes,Unchanged,Unchanged,,,,,,,,,
48919443,,fairy tail,10,Anime,baki,11,Anime,Yes,Unchanged,Unchanged,,,,,,,,,
48964814,,liên minh công lý phiên bản của zack snyder,3,phiên bản của zack snyder : Phim chiếu rạp / Siêu anh hùng,conan,2,Anime,Yes,Changed,phiên bản của zack snyder : Phim chiếu rạp / Siêu anh hùng -> Anime,,,,,,,,,
49009999,,bắt ma phá án,8,Phim Hàn Quốc,cuộc chiến thượng lưu,2,Phim Hàn Quốc,Yes,Unchanged,Unchanged,,,,,,,,,
49021479,,naruto,3,Anime,deadp,2,Khác,Yes,Changed,Anime -> Khác,,,,,,,,,
49062016,,batm,14,Khác,batm,2,Khác,No,Unchanged,Unchanged,,,,,,,,,
49064253,,thời gian lương thần,3,Khác,orient,2,Anime,Yes,Changed,Khác -> Anime,,,,,,,,,
49066236,,liên khúc rumba,4,Âm nhạc,liên khúc rumba,4,Âm nhạc,No,Unchanged,Unchanged,,,,,,,,,
49073242,,cong chua aur ora,2,Khác,đong cung,2,Phim Trung Quốc,Yes,Changed,Khác -> Phim Trung Quốc,,,,,,,,,
49074784,,kênh vtv1,2,Kênh truyền hình,ve d,2,Khác,Yes,Changed,Kênh truyền hình -> Khác,,,,,,,,,
49081622,,kung fu masters of the zodiac 12 zodiac way,5,Khác,300 sự trỗi dậy của một đế chế,2,Khác,Yes,Unchanged,Unchanged,,,,,,,,,
49090194,,hài hoài linh,2,Tìm kiếm chung,bolero,2,Âm nhạc,Yes,Changed,Tìm kiếm chung -> Âm nhạc,,,,,,,,,
49100050,,one p,2,Khác,kime,2,Anime,Yes,Changed,Khác -> Anime,,,,,,,,,
49102187,,bật chị,2,Khác,làng vũ đại ngày ấy,10,Khác,Yes,Unchanged,Unchanged,,,,,,,,,
49109222,,cuoc c,4,Khác,ngôi sao khoai tây,7,Phim Hàn Quốc,Yes,Changed,Khác -> Phim Hàn Quốc,,,,,,,,,
49109381,,bố già,4,Khác,cô bé masha và chú gấu xiếc,2,Phim hoạt hình,Yes,Changed,Khác -> Phim hoạt hình,,,,,,,,,
49123269,,benh v,2,Khác,why her,2,Phim Hàn Quốc,Yes,Changed,Khác -> Phim Hàn Quốc,,,,,,,,,
49123853,,pachinko,2,Khác,cuộc chiến thượng lưu,3,Phim Hàn Quốc,Yes,Changed,Khác -> Phim Hàn Quốc,,,,,,,,,
49128612,,linh hồn,3,Tâm linh,linh hồn,2,Tâm linh,No,Unchanged,Unchanged,,,,,,,,,
49132950,,hội pháp sư,9,Anime,hội pháp sư,4,Anime,No,Unchanged,Unchanged,,,,,,,,,
49139342,,cẩm tú duyên hoa lệ mạo hiểm,2,Khác,lang nha bảng,2,Khác,Yes,Unchanged,Unchanged,,,,,,,,,
49148220,,ant,20,Khác,thvl,4,Khác,Yes,Unchanged,Unchanged,,,,,,,,,
49150696,,lực lượng phản ứng 2021,2,Khác,phim điện ảnh nang,2,Khác,Yes,Unchanged,Unchanged,,,,,,,,,
49161544,,biệt đội siêu anh hùng,2,Phim chiếu rạp / Siêu anh hùng,conan,2,Anime,Yes,Changed,Phim chiếu rạp / Siêu anh hùng -> Anime,,,,,,,,,
49172921,,cuồng si,5,Khác,võ tắc thiên,15,Phim Trung Quốc,Yes,Changed,Khác -> Phim Trung Quốc,,,,,,,,,
49180505,,lính bắn tỉa nhiệm vụ tối mật,2,Khác,lucy,2,Phim chiếu rạp / Hành động,Yes,Changed,Khác -> Phim chiếu rạp / Hành động,,,,,,,,,
49189121,,một con vịt,6,Âm nhạc thiếu nhi,baby shark,8,Âm nhạc thiếu nhi,Yes,Unchanged,Unchanged,,,,,,,,,
49190677,,năm anh em trên một chiếc xe tăng,9,Khác,ông thầy vi diệu,2,Khác,Yes,Unchanged,Unchanged,,,,,,,,,
49191606,,gia đình vui vẻ,5,Khác,baby shark,10,Âm nhạc thiếu nhi,Yes,Changed,Khác -> Âm nhạc thiếu nhi,,,,,,,,,
49202286,,những người thừa kế,2,Phim Hàn Quốc,pachinko,2,Khác,Yes,Changed,Phim Hàn Quốc -> Khác,,,,,,,,,
49205668,,dog,2,Động vật,dog,2,Động vật,No,Unchanged,Unchanged,,,,,,,,,
49222581,,bạn trai tôi là hồ ly,11,Phim Hàn Quốc,bất động sản trừ tà,5,Phim Hàn Quốc,Yes,Unchanged,Unchanged,,,,,,,,,
49226488,,iron man,8,Khác,guardians of the galaxy,3,Khác,Yes,Unchanged,Unchanged,,,,,,,,,
49229773,,dr stone,3,Anime,attack on titan,2,Anime,Yes,Unchanged,Unchanged,,,,,,,,,
49232060,,cảnh đẹp ngày vui biết bao giờ,6,Phim Trung Quốc,10 năm 3 tháng 30 ngày,3,Phim Trung Quốc,Yes,Unchanged,Unchanged,,,,,,,,,
49236979,,wolf girl and black prince,4,Khác,boku,9,Anime,Yes,Changed,Khác -> Anime,,,,,,,,,
49240165,,sen và chihiro ở thế giới thần bí,4,Khác,one piece phim,2,phim : Anime,Yes,Changed,Khác -> phim : Anime,,,,,,,,,
49244810,,thần điêu đại hiệp,2,Khác,tây du ký,2,Phim Trung Quốc,Yes,Changed,Khác -> Phim Trung Quốc,,,,,,,,,
49251415,,luu ly,2,Khác,bạn cùng phòng của tôi là,2,Khác,Yes,Unchanged,Unchanged,,,,,,,,,
49257095,,tanjro,5,Khác,vua bếp soma phần 2,2,Anime,Yes,Changed,Khác -> Anime,,,,,,,,,
49259666,,ấu trùng tinh nghịch,2,Phim hoạt hình,linh hồn,2,Tâm linh,Yes,Changed,Phim hoạt hình -> Tâm linh,,,,,,,,,
49270413,,nhong nhong nhong,7,Khác,về xứ nghệ,5,Khác,Yes,Unchanged,Unchanged,,,,,,,,,
49280949,,cô dâu thợ máy,2,Khác,làm trái tim em mỉm cười,2,Khác,Yes,Unchanged,Unchanged,,,,,,,,,
49286407,,khung long,3,Động vật,ma,2,Tâm linh,Yes,Changed,Động vật -> Tâm linh,,,,,,,,,
49298994,,ninja r,2,Khác,luoi,4,Khác,Yes,Unchanged,Unchanged,,,,,,,,,
49308160,,naruto,2,Anime,xem lại uefa champions league,3,Khác,Yes,Changed,Anime -> Khác,,,,,,,,,
49317030,,kim da mi,2,Khác,lưỡi gươm diệt quỷ,2,Anime,Yes,Changed,Khác -> Anime,,,,,,,,,
49319624,,cuộc chiến thượng lưu,9,Phim Hàn Quốc,kẻ trộm mặt trăng minions,2,minions : Phim hoạt hình,Yes,Changed,Phim Hàn Quốc -> minions : Phim hoạt hình,,,,,,,,,
49320391,,kết hôn rồi bắt đầu yêu,2,Phim Trung Quốc,ký sự thanh xuân,2,Khác,Yes,Changed,Phim Trung Quốc -> Khác,,,,,,,,,
49325997,,yêu nhầm chị dâu,2,Phim Thái Lan,cô vợ bắt buộc,3,Phim Thái Lan,Yes,Unchanged,Unchanged,,,,,,,,,
49331782,,ly nhân tâm thượng,3,Phim Trung Quốc,nhất dạ tân nương 2,2,Phim Trung Quốc,Yes,Unchanged,Unchanged,,,,,,,,,
49333749,,toi la bede phone cua em,5,Khác,twentyfive,3,Khác,Yes,Unchanged,Unchanged,,,,,,,,,
49336171,,hoàn châu cách cách,2,Khác,hoa mộc lan,4,Khác,Yes,Unchanged,Unchanged,,,,,,,,,
49338204,,theo yêu cầu,4,Khác,theo yêu cầu,2,Khác,No,Unchanged,Unchanged,,,,,,,,,
49341001,,boku no hero academia season 5,2,Anime,chàng hậu,2,Phim Hàn Quốc,Yes,Changed,Anime -> Phim Hàn Quốc,,,,,,,,,
49349644,,penthouse,3,Phim Hàn Quốc,school 2021,2,Khác,Yes,Changed,Phim Hàn Quốc -> Khác,,,,,,,,,
49365525,,juju,2,Khác,one p,4,Khác,Yes,Unchanged,Unchanged,,,,,,,,,
49374029,,yêu em từ cái nhìn đầu tiên,2,Phim Trung Quốc,hoa khoai bán hạ,2,Khác,Yes,Changed,Phim Trung Quốc -> Khác,,,,,,,,,
49375581,,30 chưa phải là hết,2,Phim Trung Quốc,hạ cánh nơi anh,3,Phim Hàn Quốc,Yes,Changed,Phim Trung Quốc -> Phim Hàn Quốc,,,,,,,,,
49381291,,thanh xam,2,Khác,phep thuat win,2,Khác,Yes,Unchanged,Unchanged,,,,,,,,,
49387376,,hoa của quỷ,4,Phim Hàn Quốc,mây họa ánh trăng,10,Phim Hàn Quốc,Yes,Unchanged,Unchanged,,,,,,,,,
49389972,,running man,2,Chương trình truyền hình,thien n,2,Khác,Yes,Changed,Chương trình truyền hình -> Khác,,,,,,,,,
49395300,,mối tình đầu,2,Phim Hàn Quốc,minh châu rực rỡ,4,Phim Thái Lan,Yes,Changed,Phim Hàn Quốc -> Phim Thái Lan,,,,,,,,,
49404761,,anime hot,2,Khác,kimetsu no yaiba,2,Anime,Yes,Changed,Khác -> Anime,,,,,,,,,
49466516,,doi cho cuu,5,Khác,doi cho cuu,2,Khác,No,Unchanged,Unchanged,,,,,,,,,
49470013,,vô tình nhặt được tổng tài,4,Phim Trung Quốc,bạn trai tôi là hồ ly,4,Phim Hàn Quốc,Yes,Changed,Phim Trung Quốc -> Phim Hàn Quốc,,,,,,,,,
49472872,,vincenzo,6,Phim Hàn Quốc,chuyen tau sinh tu,15,Khác,Yes,Changed,Phim Hàn Quốc -> Khác,,,,,,,,,
49475066,,bolero,5,Âm nhạc,bolero,2,Âm nhạc,No,Unchanged,Unchanged,,,,,,,,,
49478503,,thu hiền,2,Khác,ca nhạc,2,Âm nhạc,Yes,Changed,Khác -> Âm nhạc,,,,,,,,,
49481607,,aikatsu nhiệt huyết thần tượng phần 2,3,Khác,sakura thủ lĩnh thẻ bài,3,Anime,Yes,Changed,Khác -> Anime,,,,,,,,,
49491638,,biệt đội siêu anh hùng,2,Phim chiếu rạp / Siêu anh hùng,liên minh công lý phiên bản của zack snyder,2,phiên bản của zack snyder : Phim chiếu rạp / Siêu anh hùng,Yes,Changed,Phim chiếu rạp / Siêu anh hùng -> phiên bản của zack snyder : Phim chiếu rạp / Siêu anh hùng,,,,,,,,,
49500597,,mị nguyệt truyện,10,Phim Trung Quốc,mị nguyệt truyện,5,Phim Trung Quốc,No,Unchanged,Unchanged,,,,,,,,,
49501714,,bolero,4,Âm nhạc,bolero,7,Âm nhạc,No,Unchanged,Unchanged,,,,,,,,,
49510855,,hoangnamhaythachthuctoi,10,Khác,song quat dang da cho ta mot mua xuan duong sinh,4,Khác,Yes,Unchanged,Unchanged,,,,,,,,,
49514414,,thư ký kim sao thế,3,Phim Hàn Quốc,em là thành trì doanh lũy của anh,4,Phim Trung Quốc,Yes,Changed,Phim Hàn Quốc -> Phim Trung Quốc,,,,,,,,,
49514628,,grid,3,Khác,minio,4,Khác,Yes,Unchanged,Unchanged,,,,,,,,,
49517593,,giong hat viet nhi tap 1,2,Khác,giong hat viet nhi tap 2,3,Khác,Yes,Unchanged,Unchanged,,,,,,,,,
49524755,,hội pháp sư,16,Anime,chuyển sinh thành slime,16,Anime,Yes,Unchanged,Unchanged,,,,,,,,,
49526647,,phim ma,3,Tâm linh,liên minh công lý phiên bản của zack snyder,2,phiên bản của zack snyder : Phim chiếu rạp / Siêu anh hùng,Yes,Changed,Tâm linh -> phiên bản của zack snyder : Phim chiếu rạp / Siêu anh hùng,,,,,,,,,
49532819,,khie,2,Khác,khie,3,Khác,No,Unchanged,Unchanged,,,,,,,,,
49536714,,cuuhosieunhan,14,Khác,hak,6,Khác,Yes,Unchanged,Unchanged,,,,,,,,,
49546934,,prime provider,8,Khác,cara xin lỗi mẹ ngay trên sóng truyền hình,3,Khác,Yes,Unchanged,Unchanged,,,,,,,,,
49549675,,hơn cả tình bạn,2,Phim Hàn Quốc,sao băng,7,Khác,Yes,Changed,Phim Hàn Quốc -> Khác,,,,,,,,,
49549842,,bạo phong nhãn,2,Khác,liên minh công lý phiên bản của zack snyder,2,phiên bản của zack snyder : Phim chiếu rạp / Siêu anh hùng,Yes,Changed,Khác -> phiên bản của zack snyder : Phim chiếu rạp / Siêu anh hùng,,,,,,,,,
49575083,,kết hôn rồi bắt đầu yêu,4,Phim Trung Quốc,hôn nhân không hẹn hò,3,Phim Hàn Quốc,Yes,Changed,Phim Trung Quốc -> Phim Hàn Quốc,,,,,,,,,
49577676,,cảnh đẹp ngày vui biết bao giờ,2,Phim Trung Quốc,phim lẻ lãng mạn,2,Khác,Yes,Changed,Phim Trung Quốc -> Khác,,,,,,,,,
49585834,,ngược dòng thời gian để yêu anh,2,Khác,cô nàng mạnh mẽ dobongsoon,2,Khác,Yes,Unchanged,Unchanged,,,,,,,,,
49587168,,men,2,Khác,đám cưới nha,2,Khác,Yes,Unchanged,Unchanged,,,,,,,,,
49589042,,sao băng,2,Khác,phép màu,2,Khác,Yes,Unchanged,Unchanged,,,,,,,,,
49605443,,sao băng,6,Khác,sao băng,4,Khác,No,Unchanged,Unchanged,,,,,,,,,
49611720,,truc tiep bong da,2,Khác,nhac nostopp,12,Khác,Yes,Unchanged,Unchanged,,,,,,,,,
49620496,,overlord,3,Anime,nhật ký thường ngày của tiên vương,2,Phim hoạt hình 3D Trung Quốc,Yes,Changed,Anime -> Phim hoạt hình 3D Trung Quốc,,,,,,,,,
49623470,,fairy tail,6,Anime,prime provider,3,Khác,Yes,Changed,Anime -> Khác,,,,,,,,,
49634419,,fairy tail,4,Anime,fairy tail,7,Anime,No,Unchanged,Unchanged,,,,,,,,,
49639610,,hội pháp sư phần cuối,8,Anime,one punch man,2,Anime,Yes,Unchanged,Unchanged,,,,,,,,,
49644840,,nỗi buồn đêm đông,3,Khác,trữ tình,7,Âm nhạc,Yes,Changed,Khác -> Âm nhạc,,,,,,,,,
49655146,,con ruột con riêng,2,Phim Hàn Quốc,cô nàng cử tạ kim book,2,Khác,Yes,Changed,Phim Hàn Quốc -> Khác,,,,,,,,,
49659927,,bắt ma phá án,2,Phim Hàn Quốc,tinh hà xán lạn 56 tập love like the galaxy,2,Phim Trung Quốc,Yes,Changed,Phim Hàn Quốc -> Phim Trung Quốc,,,,,,,,,
49666281,,cuộc chiến thượng lưu,5,Phim Hàn Quốc,cuộc chiến thượng lưu,14,Phim Hàn Quốc,No,Unchanged,Unchanged,,,,,,,,,
49666500,,quán gỏi ga doo ri,3,Khác,sk8,2,Khác,Yes,Unchanged,Unchanged,,,,,,,,,
49669030,,thien linh cai,4,Khác,psycho pass,2,Khác,Yes,Unchanged,Unchanged,,,,,,,,,
49685773,,conan,2,Anime,mairimashita iruma kun 2,6,Khác,Yes,Changed,Anime -> Khác,,,,,,,,,
49686277,,lý tiểu long và tôi,2,Phim ảnh,tôi thấy hoa vàng trên cỏ xanh,7,Phim Việt Nam,Yes,Changed,Phim ảnh -> Phim Việt Nam,,,,,,,,,
49686426,,nghe hát đò đưa nhớ bác,3,Khác,nghe hát đò đưa nhớ bác,3,Khác,No,Unchanged,Unchanged,,,,,,,,,
49690084,,mẹ ma,22,Phim chiếu rạp / Kinh dị,điệp viên 007 bóng ma,2,Tâm linh,Yes,Changed,Phim chiếu rạp / Kinh dị -> Tâm linh,,,,,,,,,
49696697,,chỉ là quan hệ hôn nhân,2,Khác,câu chuyện cảm động nhất,2,Khác,Yes,Unchanged,Unchanged,,,,,,,,,
49711100,,khách sạn ma quái,2,Phim Hàn Quốc,em đẹp nhất là khi mỉm cười,2,Phim Trung Quốc,Yes,Changed,Phim Hàn Quốc -> Phim Trung Quốc,,,,,,,,,
49742638,,yêu em từ cái nhìn đầu tiên,2,Phim Trung Quốc,overlord iii,2,Anime,Yes,Changed,Phim Trung Quốc -> Anime,,,,,,,,,
49746914,,bí mật nơi góc tôie,2,Khác,người 200 tuổi,2,Khác,Yes,Unchanged,Unchanged,,,,,,,,,
49752893,,cuộc,3,Khác,cuộc chiến thượng lưu 2,3,Phim Hàn Quốc,Yes,Changed,Khác -> Phim Hàn Quốc,,,,,,,,,
49759856,,siêu nhân,3,Phim hoạt hình,siêu nhân,2,Phim hoạt hình,No,Unchanged,Unchanged,,,,,,,,,
49787554,,khi màn đêm gợn sóng,5,Phim Trung Quốc,khong the yeu em,3,Khác,Yes,Changed,Phim Trung Quốc -> Khác,,,,,,,,,
49819153,,mở kinh phật,6,Khác,mở kinh phật,7,Khác,No,Unchanged,Unchanged,,,,,,,,,
49821783,,bống bống bang bang,10,Âm nhạc thiếu nhi,một con vịt,2,Âm nhạc thiếu nhi,Yes,Unchanged,Unchanged,,,,,,,,,
49852995,,nữ thanh tra tài ba,2,Phim Hàn Quốc,chàng hậu,2,Phim Hàn Quốc,Yes,Unchanged,Unchanged,,,,,,,,,
49866320,,tuyển tập gia đình là số một,2,phim ngắn việt nam : Phim Việt Nam,đao kiếm thần vực phần 4,2,Anime,Yes,Changed,phim ngắn việt nam : Phim Việt Nam -> Anime,,,,,,,,,
49875425,,tây bắc,2,Địa lý,tây bắc,4,Địa lý,No,Unchanged,Unchanged,,,,,,,,,
49893154,,bằng chứng thép,2,Phim Hồng Kông,hồ sơ trinh sát iii,2,Phim Hồng Kông,Yes,Unchanged,Unchanged,,,,,,,,,
49899449,,kết hôn rồi bắt đầu yêu,16,Phim Trung Quốc,thư ký kim sao thế,7,Phim Hàn Quốc,Yes,Changed,Phim Trung Quốc -> Phim Hàn Quốc,,,,,,,,,
49906173,,mouse,2,Phim Hàn Quốc,minion,2,Phim hoạt hình,Yes,Changed,Phim Hàn Quốc -> Phim hoạt hình,,,,,,,,,
49908588,,danh sa,2,Khác,overlord ii,2,Anime,Yes,Changed,Khác -> Anime,,,,,,,,,
49909361,,connan tap dai aninea,2,Khác,thanh guom d,4,Khác,Yes,Unchanged,Unchanged,,,,,,,,,
49912575,,phim kinh dị,2,Thể loại phim,america s got talent,2,Khác,Yes,Changed,Thể loại phim -> Khác,,,,,,,,,
49920143,,fairy tail,2,Anime,fairy tail,5,Anime,No,Unchanged,Unchanged,,,,,,,,,
49937725,,hội pháp sư,4,Anime,ký sinh trùng,2,Khác,Yes,Changed,Anime -> Khác,,,,,,,,,
49948160,,nhiệt huyết thần tượng phần 2,3,Khác,kuroko tuyển thủ vô hình,3,Khác,Yes,Unchanged,Unchanged,,,,,,,,,
49952816,,tom and jerry tales,3,Phim hoạt hình,hát mãi ước mơ,2,Khác,Yes,Changed,Phim hoạt hình -> Khác,,,,,,,,,
49953419,,dang hinh am thanh,2,Khác,vua bóng chuyền,2,Khác,Yes,Unchanged,Unchanged,,,,,,,,,
49961003,,jujutsu kaisen,6,Anime,jujutsu kaisen,2,Anime,No,Unchanged,Unchanged,,,,,,,,,
49962442,,đại chiến người khổng lồ,3,Anime,gundam build,2,Anime,Yes,Unchanged,Unchanged,,,,,,,,,
49966777,,cổ tay áo màu đỏ,2,Phim Hàn Quốc,mùa hè yêu dấu của chúng ta,2,Khác,Yes,Changed,Phim Hàn Quốc -> Khác,,,,,,,,,
49976284,,lời nguyền ma lai,2,Phim Thái Lan,sóng gió sông sinh,2,Khác,Yes,Changed,Phim Thái Lan -> Khác,,,,,,,,,
49988893,,yêu nhầm chị dâu,5,Phim Thái Lan,thuc th,2,Khác,Yes,Changed,Phim Thái Lan -> Khác,,,,,,,,,
49994040,,cuộc chiến,12,Khác,cuộc chiến,8,Khác,No,Unchanged,Unchanged,,,,,,,,,
49994572,,hoi,12,Khác,hoi,33,Khác,No,Unchanged,Unchanged,,,,,,,,,
49995841,,làm sao boss lại làm sao nữa,2,Phim Trung Quốc,thu k,2,Khác,Yes,Changed,Phim Trung Quốc -> Khác,,,,,,,,,
500759,,vua bếp soma phần 2,3,Anime,naruto,4,Anime,Yes,Unchanged,Unchanged,,,,,,,,,
5078355,,tôi thấy hoa vàng trên cỏ xanh,2,Phim Việt Nam,tôi thấy hoa vàng trên cỏ xanh,2,Phim Việt Nam,No,Unchanged,Unchanged,,,,,,,,,
5110433,,kairos,2,Phim Hàn Quốc,running man,6,Chương trình truyền hình,Yes,Changed,Phim Hàn Quốc -> Chương trình truyền hình,,,,,,,,,
5323061,,bạn trai tôi là hồ ly,5,Phim Hàn Quốc,mong hoa luc,2,Phim ảnh,Yes,Changed,Phim Hàn Quốc -> Phim ảnh,,,,,,,,,
5482110,,chuyện chàng vệ sĩ và nàng siêu sao,2,Khác,minh c,2,Khác,Yes,Unchanged,Unchanged,,,,,,,,,
5525214,,thiên vũ kỷ,3,Khác,quốc tử giám có một nữa đệ tử,2,Khác,Yes,Unchanged,Unchanged,,,,,,,,,
5545522,,tìm mẹ,9,Chương trình truyền hình,tìm mẹ,3,Chương trình truyền hình,No,Unchanged,Unchanged,,,,,,,,,
5716912,,fairy tail,2,Anime,fairy tail,31,Anime,No,Unchanged,Unchanged,,,,,,,,,
5802340,,tham tu k,2,Khác,am duong su,4,Khác,Yes,Unchanged,Unchanged,,,,,,,,,
5837949,,yeu em bat chap,2,Khác,phiim chieu rap,2,Khác,Yes,Unchanged,Unchanged,,,,,,,,,
5872741,,sakura thủ lĩnh thẻ bài,2,Anime,hội trưởng hầu gái,2,Khác,Yes,Changed,Anime -> Khác,,,,,,,,,
5938407,,hạ cánh nơi anh,2,Phim Hàn Quốc,ngõ vắng,2,Khác,Yes,Changed,Phim Hàn Quốc -> Khác,,,,,,,,,
5945579,,cuộc chiến thượng lưu,2,Phim Hàn Quốc,penthouse,3,Phim Hàn Quốc,Yes,Unchanged,Unchanged,,,,,,,,,
641732,,vua dau be,12,Khác,snow drop,2,Khác,Yes,Unchanged,Unchanged,,,,,,,,,
7016842,,hoc vien q,2,Khác,dai ke,2,Khác,Yes,Unchanged,Unchanged,,,,,,,,,
7033286,,u23 uzbekistan u23 iraq xem lại trận đấu cúp bóng đá u23 châu á afc 2022,2,Khác,u19 đông nam á,2,Khác,Yes,Unchanged,Unchanged,,,,,,,,,
7044388,,hoạt hình trung quốc,2,Khác,pham nha,3,Khác,Yes,Unchanged,Unchanged,,,,,,,,,
7047420,,nhac sen,2,Âm nhạc,tuyển tập baby shark,2,Âm nhạc thiếu nhi,Yes,Changed,Âm nhạc -> Âm nhạc thiếu nhi,,,,,,,,,
7069247,,bác sĩ ma,2,Phim Hàn Quốc,cuộc chiến hau cung,2,Khác,Yes,Changed,Phim Hàn Quốc -> Khác,,,,,,,,,
7078197,,gnuoi vo h,2,Khác,annabelle creation,2,Khác,Yes,Unchanged,Unchanged,,,,,,,,,
7132803,,prime provider,2,Khác,trữ tình,3,Âm nhạc,Yes,Changed,Khác -> Âm nhạc,,,,,,,,,
7134841,,why her,3,Phim Hàn Quốc,đẳng cấp thượng lưu,2,Phim Hàn Quốc,Yes,Unchanged,Unchanged,,,,,,,,,
7159514,,attack on titan final season,2,Anime,attack on titan final season,3,Anime,No,Unchanged,Unchanged,,,,,,,,,
7312355,,the hangover,4,Khác,overlord ii,3,Anime,Yes,Changed,Khác -> Anime,,,,,,,,,
7369235,,mây họa ánh trăng,2,Phim Hàn Quốc,boys over flowers,2,Khác,Yes,Changed,Phim Hàn Quốc -> Khác,,,,,,,,,
7457726,,phim cuộc sống thượng lưu,2,Phim Hàn Quốc,phim lang quân 100 ngày,2,Khác,Yes,Changed,Phim Hàn Quốc -> Khác,,,,,,,,,
7762266,,hương,2,Khác,người thầy y đức,2,Phim Hàn Quốc,Yes,Changed,Khác -> Phim Hàn Quốc,,,,,,,,,
7806475,,dr stone,2,Anime,jujutsu kaisen,2,Anime,Yes,Unchanged,Unchanged,,,,,,,,,
7882670,,nỗi vương vấn của hạ tiên sinh,3,Phim Trung Quốc,đại đường nữ pháp y,3,Khác,Yes,Changed,Phim Trung Quốc -> Khác,,,,,,,,,
7919421,,thinh,2,Khác,nhất kiến khuynh tâm,5,Phim Trung Quốc,Yes,Changed,Khác -> Phim Trung Quốc,,,,,,,,,
8011231,,spyx,5,Khác,dac a,2,Khác,Yes,Unchanged,Unchanged,,,,,,,,,
8109980,,cô nàng trong trắng oh woo ri,2,Phim Hàn Quốc,vườn sao băng,2,Khác,Yes,Changed,Phim Hàn Quốc -> Khác,,,,,,,,,
8146963,,danh sách mua sắm của kẻ sát nhân,2,Phim Hàn Quốc,final destination,2,Khác,Yes,Changed,Phim Hàn Quốc -> Khác,,,,,,,,,
8506552,,khong g,3,Khác,thần thám địch nhân kiệt,3,Khác,Yes,Unchanged,Unchanged,,,,,,,,,
8651045,,cháu yêu bà,6,Âm nhạc thiếu nhi,con gà gáy le te,2,Khác,Yes,Changed,Âm nhạc thiếu nhi -> Khác,,,,,,,,,
8672649,,thiếu nhi,3,Tìm kiếm chung,chú vịt con,5,Âm nhạc thiếu nhi,Yes,Changed,Tìm kiếm chung -> Âm nhạc thiếu nhi,,,,,,,,,
8717492,,khi màn đêm gợn sóng,2,Phim Trung Quốc,co nang,2,Khác,Yes,Changed,Phim Trung Quốc -> Khác,,,,,,,,,
8742357,,gửi thời thanh xuân tươi đẹp,4,Khác,bạn gái tôi là người ngoài hành tinh,2,Khác,Yes,Unchanged,Unchanged,,,,,,,,,
8761731,,chiến nào ma kia,2,Tâm linh,pháp y tần minh người đọc tâm,4,người đọc tâm : Phim Trung Quốc,Yes,Changed,Tâm linh -> người đọc tâm : Phim Trung Quốc,,,,,,,,,
8970740,,hotel transylvania,2,Khác,con mu,7,Khác,Yes,Unchanged,Unchanged,,,,,,,,,
8977918,,em đứng trên cầu ngắm phong cảnh,2,Khác,lee jong suk,3,Khác,Yes,Unchanged,Unchanged,,,,,,,,,
8997811,,đao kiếm thần vực phần 4,2,Anime,đại chiến titan,11,Anime,Yes,Unchanged,Unchanged,,,,,,,,,
90088903,,bống bống bang bang,6,Âm nhạc thiếu nhi,bống bống bang bang,3,Âm nhạc thiếu nhi,No,Unchanged,Unchanged,,,,,,,,,
90208526,,hậu duệ mặt trời,7,Phim Hàn Quốc,thịnh đường huyễn dạ,11,Khác,Yes,Changed,Phim Hàn Quốc -> Khác,,,,,,,,,
90237467,,running man,9,Chương trình truyền hình,runni,5,Khác,Yes,Changed,Chương trình truyền hình -> Khác,,,,,,,,,
90246864,,the other guys,2,Khác,harry potter,2,Phim chiếu rạp / Giả tưởng,Yes,Changed,Khác -> Phim chiếu rạp / Giả tưởng,,,,,,,,,
90357626,,tái sinh báo thù,2,Phim ảnh,bác sĩ ma,2,Phim Hàn Quốc,Yes,Changed,Phim ảnh -> Phim Hàn Quốc,,,,,,,,,
90455605,,kakegurui,13,Anime,fair,2,Khác,Yes,Changed,Anime -> Khác,,,,,,,,,
90478028,,jujutsu kaisen,4,Anime,chàng hậu,2,Phim Hàn Quốc,Yes,Changed,Anime -> Phim Hàn Quốc,,,,,,,,,
90482150,,overseas,3,Khác,overseas,6,Khác,No,Unchanged,Unchanged,,,,,,,,,
90551862,,46 ngày san bằng đám cưới,3,Phim Thái Lan,nabi tôi sẽ không yêu em,9,Phim Thái Lan,Yes,Unchanged,Unchanged,,,,,,,,,
90579287,,thu thac,3,Khác,thu thac,4,Khác,No,Unchanged,Unchanged,,,,,,,,,
90623867,,nữ vệ sĩ,2,Khác,tới lượt tôi yêu,2,Khác,Yes,Unchanged,Unchanged,,,,,,,,,
90666393,,fairy tail,2,Anime,true beauty,2,Phim Hàn Quốc,Yes,Changed,Anime -> Phim Hàn Quốc,,,,,,,,,
90668717,,be mbitious,4,Chương trình Hàn Quốc,street woman fighte,2,Khác,Yes,Changed,Chương trình Hàn Quốc -> Khác,,,,,,,,,
90691142,,cá mực hầm mật,2,Phim Trung Quốc,chúng ta không biết yêu,2,Phim Trung Quốc,Yes,Unchanged,Unchanged,,,,,,,,,
90700964,,no,2,Khác,30 chưa phải là hết,3,Phim Trung Quốc,Yes,Changed,Khác -> Phim Trung Quốc,,,,,,,,,
90701677,,bằng chứng thép,2,Phim Hồng Kông,hướng tới mặt trời,2,Khác,Yes,Changed,Phim Hồng Kông -> Khác,,,,,,,,,
90702333,,cuộc tình vụng trộm,3,Khác,eve,2,Phim Hàn Quốc,Yes,Changed,Khác -> Phim Hàn Quốc,,,,,,,,,
90726669,,pháp y tần minh người đọc tâm,2,người đọc tâm : Phim Trung Quốc,shooting stars,2,Phim Hàn Quốc,Yes,Changed,người đọc tâm : Phim Trung Quốc -> Phim Hàn Quốc,,,,,,,,,
90733046,,pripara,2,Khác,pripara,6,Khác,No,Unchanged,Unchanged,,,,,,,,,
90738212,,penthouse 3,2,Phim Hàn Quốc,yêu em từ cái nhìn đầu tiên,2,Phim Trung Quốc,Yes,Changed,Phim Hàn Quốc -> Phim Trung Quốc,,,,,,,,,
90845472,,sao băng,2,Khác,replies 1988,3,Khác,Yes,Unchanged,Unchanged,,,,,,,,,
90873572,,yêu em từ cái nhìn đầu tiên,2,Phim Trung Quốc,cá mực hầm mật,4,Phim Trung Quốc,Yes,Unchanged,Unchanged,,,,,,,,,
90898327,,lấy danh nghĩa người nhà,2,Phim Trung Quốc,ngọn gió đời tôi,2,Khác,Yes,Changed,Phim Trung Quốc -> Khác,,,,,,,,,
90907019,,hội trưởng hội hojc sinh,2,Khác,hồi kí,2,Khác,Yes,Unchanged,Unchanged,,,,,,,,,
90942039,,con tim sắt đá,2,Phim Thái Lan,tìm kiếm bằng giọng nói,3,Tìm kiếm chung / Chức năng,Yes,Changed,Phim Thái Lan -> Tìm kiếm chung / Chức năng,,,,,,,,,
91163132,,phim sex,3,Nhạy cảm,nhịp đập tuổi 20,2,Khác,Yes,Changed,Nhạy cảm -> Khác,,,,,,,,,
91230027,,đêm tối tokyo,2,Khác,running,2,Khác,Yes,Unchanged,Unchanged,,,,,,,,,
91248349,,cuoc c,2,Khác,cuoc c,5,Khác,No,Unchanged,Unchanged,,,,,,,,,
91250397,,tái sinh báo thù,2,Phim ảnh,gặp em co,2,Khác,Yes,Changed,Phim ảnh -> Khác,,,,,,,,,
91267634,,boruto naruto the movie,8,Anime,boruto naruto the movie,2,Anime,No,Unchanged,Unchanged,,,,,,,,,
91279093,,fairy tail,2,Anime,thanh gươm diệt quỷ chuyến tàu vô tận,3,Anime,Yes,Unchanged,Unchanged,,,,,,,,,
91298600,,yêu trong đau thương,2,Khác,cô vợ sắc sảo 2018,2,Khác,Yes,Unchanged,Unchanged,,,,,,,,,
91304386,,trở lại tuổi 18,2,Phim Hàn Quốc,sisyphus,2,Khác,Yes,Changed,Phim Hàn Quốc -> Khác,,,,,,,,,
91350749,,reply 1988,3,Phim Hàn Quốc,sát thủ nhân tạo,2,Khác,Yes,Changed,Phim Hàn Quốc -> Khác,,,,,,,,,
91360915,,bắt ma phá án,4,Phim Hàn Quốc,herry,4,Khác,Yes,Changed,Phim Hàn Quốc -> Khác,,,,,,,,,
91425546,,one p,3,Khác,saiki,8,Anime,Yes,Changed,Khác -> Anime,,,,,,,,,
91571479,,lionel dicaprio,3,Khác,insec,3,Khác,Yes,Unchanged,Unchanged,,,,,,,,,
91575668,,những kẻ gác đêm,4,Khác,mẹ chồng,2,Khác,Yes,Unchanged,Unchanged,,,,,,,,,
9163951,,tina,2,Khác,tina,5,Khác,No,Unchanged,Unchanged,,,,,,,,,
91711419,,hoi p,12,Khác,top girl,2,Khác,Yes,Unchanged,Unchanged,,,,,,,,,
9176846,,ngoi nha nao nhiet,11,Khác,ngôi nhà náo nhiệt phần 2,9,Khác,Yes,Unchanged,Unchanged,,,,,,,,,
91793344,,sao băng,2,Khác,dẫu biết,2,Khác,Yes,Unchanged,Unchanged,,,,,,,,,
91838755,,shiki,20,Khác,toky,4,Khác,Yes,Unchanged,Unchanged,,,,,,,,,
91850977,,penthouse 3,16,Phim Hàn Quốc,vân tịch truyện,14,Phim Trung Quốc,Yes,Changed,Phim Hàn Quốc -> Phim Trung Quốc,,,,,,,,,
91858853,,ket h,4,Khác,cô nàng cử tạ,3,Khác,Yes,Unchanged,Unchanged,,,,,,,,,
91860170,,thien n,2,Khác,doraemon,2,Anime,Yes,Changed,Khác -> Anime,,,,,,,,,
91945864,,con tim sắt đá,4,Phim Thái Lan,bão cát,2,Phim Thái Lan,Yes,Unchanged,Unchanged,,,,,,,,,
92027734,,cải lương hồ quảng,17,Khác,cải lương hồ quảng,15,Khác,No,Unchanged,Unchanged,,,,,,,,,
92032701,,trần thiên thiên ngày ấy bây giờ,2,Khác,gửi thời thanh xuân ấm áp của chúng ta,2,Khác,Yes,Unchanged,Unchanged,,,,,,,,,
92061117,,sakura thủ lĩnh thẻ bài,22,Anime,sak,4,Khác,Yes,Changed,Anime -> Khác,,,,,,,,,
9213844,,lấy danh nghĩa người nhà,3,Phim Trung Quốc,tái sinh báo thù,2,Phim ảnh,Yes,Changed,Phim Trung Quốc -> Phim ảnh,,,,,,,,,
92141854,,tái sinh báo thù,2,Phim ảnh,lưỡi gươm diệt quỷ,4,Anime,Yes,Changed,Phim ảnh -> Anime,,,,,,,,,
92153534,,học viện anh hùng phần 1,2,Anime,lmaizumin gal,3,Khác,Yes,Changed,Anime -> Khác,,,,,,,,,
92185337,,gobin,2,Khác,thu lin,2,Khác,Yes,Unchanged,Unchanged,,,,,,,,,
92351558,,cổ tay áo màu đỏ,7,Phim Hàn Quốc,cổ tay áo màu đỏ,4,Phim Hàn Quốc,No,Unchanged,Unchanged,,,,,,,,,
9236424,,thư ký kim sao thế,4,Phim Hàn Quốc,thư ký kim sao thế,4,Phim Hàn Quốc,No,Unchanged,Unchanged,,,,,,,,,
9239075,,runni,3,Khác,conan,2,Anime,Yes,Changed,Khác -> Anime,,,,,,,,,
92450457,,yêu em từ cái nhìn đầu tien,2,Phim Trung Quốc,vân tịch truyện,3,Phim Trung Quốc,Yes,Unchanged,Unchanged,,,,,,,,,
92460492,,cô nàng đầu bếp của tôi,3,Phim Thái Lan,nu hoang ca muoi,2,Khác,Yes,Changed,Phim Thái Lan -> Khác,,,,,,,,,
92491556,,van t,2,Khác,nam g,3,Khác,Yes,Unchanged,Unchanged,,,,,,,,,
92524286,,cô nàng trong trắng oh woo ri,2,Phim Hàn Quốc,chàng hậu,3,Phim Hàn Quốc,Yes,Unchanged,Unchanged,,,,,,,,,
9254064,,hồ sơ trinh sát iii,2,Phim Hồng Kông,thiên nga bóng đêm,2,Phim Hàn Quốc,Yes,Changed,Phim Hồng Kông -> Phim Hàn Quốc,,,,,,,,,
92563836,,nhà giáo,4,Khác,nhà giáo,3,Khác,No,Unchanged,Unchanged,,,,,,,,,
92565948,,fairy tail,3,Anime,học viện anh hùng phần 4,5,Anime,Yes,Unchanged,Unchanged,,,,,,,,,
92921729,,sex,2,Nhạy cảm,hai thế giới,2,Phim Hàn Quốc,Yes,Changed,Nhạy cảm -> Phim Hàn Quốc,,,,,,,,,
92970042,,baby shark,3,Âm nhạc thiếu nhi,baby shark,9,Âm nhạc thiếu nhi,No,Unchanged,Unchanged,,,,,,,,,
92992737,,naruto,2,Anime,naruto,3,Anime,No,Unchanged,Unchanged,,,,,,,,,
9300148,,em đẹp nhất là khi mỉm cười,4,Phim Trung Quốc,kẻ trộm mặt trăng minions,2,minions : Phim hoạt hình,Yes,Changed,Phim Trung Quốc -> minions : Phim hoạt hình,,,,,,,,,
93025480,,vo mi nuong,5,Khác,vo mi nuong truyen k,2,Khác,Yes,Unchanged,Unchanged,,,,,,,,,
93076666,,ca m,2,Khác,sao b,2,Khác,Yes,Unchanged,Unchanged,,,,,,,,,
93078592,,paw patrol,4,Phim hoạt hình,paw patrol,2,Phim hoạt hình,No,Unchanged,Unchanged,,,,,,,,,
93085123,,liên minh công lý phiên bản của zack snyder,2,phiên bản của zack snyder : Phim chiếu rạp / Siêu anh hùng,liên minh công lý phiên bản của zack snyder,2,phiên bản của zack snyder : Phim chiếu rạp / Siêu anh hùng,No,Unchanged,Unchanged,,,,,,,,,
93128368,,mối tình đầu,2,Phim Hàn Quốc,yêu thầm anh xã,2,Phim Thái Lan,Yes,Changed,Phim Hàn Quốc -> Phim Thái Lan,,,,,,,,,
93162618,,oan gia phòng cấp cứu,2,Khác,sam sam đến rồi,3,Phim Trung Quốc,Yes,Changed,Khác -> Phim Trung Quốc,,,,,,,,,
93225667,,em là thành trì doanh lũy của anh,2,Phim Trung Quốc,tinh hà xán lạn,2,Phim Trung Quốc,Yes,Unchanged,Unchanged,,,,,,,,,
93232324,,fairy,52,Khác,fair,21,Khác,Yes,Unchanged,Unchanged,,,,,,,,,
93283041,,thử thách thần tượng,10,Chương trình truyền hình,thử thách thần tượng,7,Chương trình truyền hình,No,Unchanged,Unchanged,,,,,,,,,
93283489,,cuoc,2,Khác,nhà trọ waikiki,2,Khác,Yes,Unchanged,Unchanged,,,,,,,,,
93351024,,penthouse 2,3,Phim Hàn Quốc,học viện anh hùng phần 5,3,Anime,Yes,Changed,Phim Hàn Quốc -> Anime,,,,,,,,,
93430874,,chàng hậu,2,Phim Hàn Quốc,tái sinh báo thù,3,Phim ảnh,Yes,Changed,Phim Hàn Quốc -> Phim ảnh,,,,,,,,,
93449318,,trữ tình,3,Âm nhạc,trữ tình,3,Âm nhạc,No,Unchanged,Unchanged,,,,,,,,,
93449694,,bao thanh thiên,2,Phim Đài Loan,bao thanh thiên,2,Phim Đài Loan,No,Unchanged,Unchanged,,,,,,,,,
93465789,,khởi đầu,3,Khác,conan,3,Anime,Yes,Changed,Khác -> Anime,,,,,,,,,
93516821,,overlord,2,Anime,tokyo ghoul,2,re : Anime,Yes,Changed,Anime -> re : Anime,,,,,,,,,
93558586,,fairy tail,3,Anime,euphoria,2,Khác,Yes,Changed,Anime -> Khác,,,,,,,,,
93573213,,lưỡi gươm diệt quỷ,15,Anime,lưỡi gươm diệt quỷ,4,Anime,No,Unchanged,Unchanged,,,,,,,,,
93629598,,làm sao boss lại làm sao nữa,3,Phim Trung Quốc,bên nhau trọn đời,3,Phim Trung Quốc,Yes,Unchanged,Unchanged,,,,,,,,,
93633648,,nhật ký thường ngày của tiên vương phần 2,2,Phim hoạt hình 3D Trung Quốc,overlord iv,3,Anime,Yes,Changed,Phim hoạt hình 3D Trung Quốc -> Anime,,,,,,,,,
93705262,,ngôi sao khoai tây,14,Phim Hàn Quốc,ngôi sao khoai tây,9,Phim Hàn Quốc,No,Unchanged,Unchanged,,,,,,,,,
93722845,,hwang,2,Khác,seraph of the end,2,Khác,Yes,Unchanged,Unchanged,,,,,,,,,
93858813,,làm sao boss lại làm sao nữa,2,Phim Trung Quốc,con tim sắt đá,2,Phim Thái Lan,Yes,Changed,Phim Trung Quốc -> Phim Thái Lan,,,,,,,,,
93872033,,tìm kiếm bằng giọng nói,4,Tìm kiếm chung / Chức năng,tìm kiếm bằng giọng nói,3,Tìm kiếm chung / Chức năng,No,Unchanged,Unchanged,,,,,,,,,
94030263,,nabi tôi sẽ không yêu em,2,Phim Thái Lan,có dầu bếp của tui,2,Khác,Yes,Changed,Phim Thái Lan -> Khác,,,,,,,,,
94071715,,lữa hạnh hóa,2,Khác,thanh thanh tử khâm,4,Phim Trung Quốc,Yes,Changed,Khác -> Phim Trung Quốc,,,,,,,,,
9411809,,123go,19,Khác,phi nhung,2,Âm nhạc,Yes,Changed,Khác -> Âm nhạc,,,,,,,,,
94121876,,mộng hoa lục,2,Phim ảnh,hương mật tựa khói sương,2,Phim Trung Quốc,Yes,Changed,Phim ảnh -> Phim Trung Quốc,,,,,,,,,
94153109,,thiên nga bóng đêm,2,Phim Hàn Quốc,thân ái chí ái,2,Khác,Yes,Changed,Phim Hàn Quốc -> Khác,,,,,,,,,
94153464,,cô nàng trong trắng,3,Phim Hàn Quốc,minion,2,Phim hoạt hình,Yes,Changed,Phim Hàn Quốc -> Phim hoạt hình,,,,,,,,,
94214922,,thiên kim trở về,2,Khác,thiên kim trở về,2,Khác,No,Unchanged,Unchanged,,,,,,,,,
9422595,,cô vợ mẫu mực,2,Khác,chàng hậu,2,Phim Hàn Quốc,Yes,Changed,Khác -> Phim Hàn Quốc,,,,,,,,,
94276306,,lưu ly mỹ nhân sát,8,Phim Trung Quốc,ly nhân tâm thượng,4,Phim Trung Quốc,Yes,Unchanged,Unchanged,,,,,,,,,
94276885,,những chàng trai nóng bỏng,2,Khác,street wom,2,Khác,Yes,Unchanged,Unchanged,,,,,,,,,
94317021,,bạch phát vương phi,5,Phim Trung Quốc,cuộc chiến,8,Khác,Yes,Changed,Phim Trung Quốc -> Khác,,,,,,,,,
94341128,,vượt ra tội ác,2,Phim Hàn Quốc,ngôi sao khoai tây,2,Phim Hàn Quốc,Yes,Unchanged,Unchanged,,,,,,,,,
94363204,,đời sống bác sĩ,3,Y khoa,sakura thủ lĩnh thẻ bài,3,Anime,Yes,Changed,Y khoa -> Anime,,,,,,,,,
94412582,,bolero,2,Âm nhạc,hát mãi ước mơ,3,Khác,Yes,Changed,Âm nhạc -> Khác,,,,,,,,,
94483135,,bác sĩ yo han,3,Phim Hàn Quốc,ve d,4,Khác,Yes,Changed,Phim Hàn Quốc -> Khác,,,,,,,,,
94496116,,minecra,6,Khác,dr stone,2,Anime,Yes,Changed,Khác -> Anime,,,,,,,,,
94518532,,ma,2,Tâm linh,lee,2,Khác,Yes,Changed,Tâm linh -> Khác,,,,,,,,,
94527525,,s6 doraemon tập 268 hồ bơi trên mây nobita và cuộc hẹn hò bí mật hoạt hình tiếng việt,2,Anime,chú hề ma quái,6,Tâm linh,Yes,Changed,Anime -> Tâm linh,,,,,,,,,
94547448,,thiên nga bóng đêm,2,Phim Hàn Quốc,lai la em,2,Khác,Yes,Changed,Phim Hàn Quốc -> Khác,,,,,,,,,
94629476,,thế giới khủng long,2,Phim chiếu rạp,ice age,4,Khác,Yes,Changed,Phim chiếu rạp -> Khác,,,,,,,,,
94641943,,tập tành làm mẹ,2,Khác,diên hy công lược,2,Phim Trung Quốc,Yes,Changed,Khác -> Phim Trung Quốc,,,,,,,,,
94669606,,hội thú bông ngộ nghĩnh,2,Khác,nàng bạch tuyết và bảy chú lùn,3,Phim hoạt hình,Yes,Changed,Khác -> Phim hoạt hình,,,,,,,,,
94729285,,black cl,2,Khác,souma,2,Khác,Yes,Unchanged,Unchanged,,,,,,,,,
94783855,,nhanh và nguy hiểm 9,2,Phim chiếu rạp / Hành động,arang,2,Khác,Yes,Changed,Phim chiếu rạp / Hành động -> Khác,,,,,,,,,
94822846,,vợ chồng son,5,Khác,vợ chồng son,6,Khác,No,Unchanged,Unchanged,,,,,,,,,
94888996,,dr stone,2,Anime,penthouse 3,4,Phim Hàn Quốc,Yes,Changed,Anime -> Phim Hàn Quốc,,,,,,,,,
94953023,,sến,5,Âm nhạc,trữ tình,4,Âm nhạc,Yes,Unchanged,Unchanged,,,,,,,,,
94993891,,penthouse 2,2,Phim Hàn Quốc,yêu tinh,5,Phim Hàn Quốc,Yes,Unchanged,Unchanged,,,,,,,,,
95025583,,bleach,2,Anime,doraemon,2,Anime,Yes,Unchanged,Unchanged,,,,,,,,,
95031399,,nguoi toi y,2,Khác,luu l,2,Khác,Yes,Unchanged,Unchanged,,,,,,,,,
95037649,,thử thách thần chết giữa hai thế giới,2,giữa hai thế giới : Phim chiếu rạp / Giả tưởng,thử thách thần chết giữa hai thế giới,2,giữa hai thế giới : Phim chiếu rạp / Giả tưởng,No,Unchanged,Unchanged,,,,,,,,,
95118313,,tinhca,9,Khác,luu l,11,Khác,Yes,Unchanged,Unchanged,,,,,,,,,
95127976,,thư ký kim sao thế,2,Phim Hàn Quốc,anh không thích thế giới này anh chỉ thích em,3,Phim Trung Quốc,Yes,Changed,Phim Hàn Quốc -> Phim Trung Quốc,,,,,,,,,
95128914,,thử thách thần chết giữa hai thế giới,2,giữa hai thế giới : Phim chiếu rạp / Giả tưởng,thử thách thần tượng running man,3,Chương trình truyền hình,Yes,Changed,giữa hai thế giới : Phim chiếu rạp / Giả tưởng -> Chương trình truyền hình,,,,,,,,,
9513649,,làm sao boss lại làm sao nữa,2,Phim Trung Quốc,chi la quan he hon nhan,2,Khác,Yes,Changed,Phim Trung Quốc -> Khác,,,,,,,,,
95161850,,boss,2,Khác,hạnh phúc trong tầm tay,3,Phim Trung Quốc,Yes,Changed,Khác -> Phim Trung Quốc,,,,,,,,,
95191120,,sword art online alicization,2,alicization : Anime,the money of soul,2,Khác,Yes,Changed,alicization : Anime -> Khác,,,,,,,,,
95251957,,sao nhập ngũ,3,Khác,1 night 2 days,2,Khác,Yes,Unchanged,Unchanged,,,,,,,,,
95303840,,ba kiếp may mắn gặp được em,2,Khác,bạn trai vi diệu của tôi 2,2,Khác,Yes,Unchanged,Unchanged,,,,,,,,,
95307338,,hội pháp sư,16,Anime,hội pháp sư,38,Anime,No,Unchanged,Unchanged,,,,,,,,,
95326384,,why her,2,Phim Hàn Quốc,bác sĩ ma,3,Phim Hàn Quốc,Yes,Unchanged,Unchanged,,,,,,,,,
95357116,,hai thế giới,12,Phim Hàn Quốc,loi n,7,Khác,Yes,Changed,Phim Hàn Quốc -> Khác,,,,,,,,,
9541893,,thế giới động vật,3,Tìm kiếm chung / Tài liệu,cara xin lỗi mẹ ngay trên sóng truyền hình,2,Khác,Yes,Changed,Tìm kiếm chung / Tài liệu -> Khác,,,,,,,,,
95448620,,true beauty,2,Phim Hàn Quốc,công tố viên quân sự do bae man,2,Phim Hàn Quốc,Yes,Unchanged,Unchanged,,,,,,,,,
95507131,,muon danh nghia nguoi nha,3,Khác,hạnh phúc đến vạn gia,3,Phim Trung Quốc,Yes,Changed,Khác -> Phim Trung Quốc,,,,,,,,,
95602531,,kịch bản yêu đương của nàng và chàng,2,Khác,yêu nhầm chị dâu,2,Phim Thái Lan,Yes,Changed,Khác -> Phim Thái Lan,,,,,,,,,
95669282,,karaoke tình cha ngọc sơn,3,Âm nhạc,phim sex việt nam,13,Nhạy cảm,Yes,Changed,Âm nhạc -> Nhạy cảm,,,,,,,,,
95686427,,oddbods special oddbeard s curse,2,Khác,coco,2,Khác,Yes,Unchanged,Unchanged,,,,,,,,,
95699257,,cinderella,3,Phim chiếu rạp,người đẹp ngủ trong rừng,2,Khác,Yes,Changed,Phim chiếu rạp -> Khác,,,,,,,,,
95803341,,sao băng,2,Khác,cổ tay áo màu đỏ,4,Phim Hàn Quốc,Yes,Changed,Khác -> Phim Hàn Quốc,,,,,,,,,
95878321,,horimiya,2,Anime,attack on titan season 4,2,Anime,Yes,Unchanged,Unchanged,,,,,,,,,
95915232,,bolero,4,Âm nhạc,sầu tương tư,2,Khác,Yes,Changed,Âm nhạc -> Khác,,,,,,,,,
96053109,,luu l,2,Khác,thính tuyết lâu,3,Phim Trung Quốc,Yes,Changed,Khác -> Phim Trung Quốc,,,,,,,,,
96070728,,những quý cô say xỉn,2,Khác,pháp y tần minh người đọc tâm,3,người đọc tâm : Phim Trung Quốc,Yes,Changed,Khác -> người đọc tâm : Phim Trung Quốc,,,,,,,,,
96208956,,cảnh đẹp ngày vui biết bao giờ tập 33,2,Phim Trung Quốc,hòn đảo tội lỗi,2,Khác,Yes,Changed,Phim Trung Quốc -> Khác,,,,,,,,,
96287083,,thử thách thần tượng,2,Chương trình truyền hình,thử thách thần tượng,7,Chương trình truyền hình,No,Unchanged,Unchanged,,,,,,,,,
96287532,,sao băng,6,Khác,cuộc chiến,4,Khác,Yes,Unchanged,Unchanged,,,,,,,,,
96290664,,cô nàng trong trắng oh woo ri,3,Phim Hàn Quốc,co n,5,Khác,Yes,Changed,Phim Hàn Quốc -> Khác,,,,,,,,,
96303117,,death note,2,Khác,searchfragmentv2,2,Khác,Yes,Unchanged,Unchanged,,,,,,,,,
96318021,,hội pháp sư,3,Anime,đại chiến người khổng lồ,2,Anime,Yes,Unchanged,Unchanged,,,,,,,,,
96470505,,người nhện không còn nhà,3,không còn nhà : Phim chiếu rạp / Siêu anh hùng,kẻ trộm mặt trăng minions,2,minions : Phim hoạt hình,Yes,Changed,không còn nhà : Phim chiếu rạp / Siêu anh hùng -> minions : Phim hoạt hình,,,,,,,,,
9647828,,who we are a chronicle of racism in america,3,Khác,mật mã phù thủy,5,Tâm linh,Yes,Changed,Khác -> Tâm linh,,,,,,,,,
96505173,,tay du,3,Khác,ca ri,6,Khác,Yes,Unchanged,Unchanged,,,,,,,,,
9660399,,cô giáo yankumi,2,Khác,flipped,2,Khác,Yes,Unchanged,Unchanged,,,,,,,,,
96644910,,dear mayang street,4,Khác,bắt ma phá án,2,Phim Hàn Quốc,Yes,Changed,Khác -> Phim Hàn Quốc,,,,,,,,,
96659890,,bolero,3,Âm nhạc,bolero,2,Âm nhạc,No,Unchanged,Unchanged,,,,,,,,,
96785507,,người lạ thoáng qua karaoke,2,Âm nhạc,happy karaoke karaoke,3,Âm nhạc,Yes,Unchanged,Unchanged,,,,,,,,,
96837279,,prime provider,7,Khác,prime provider,5,Khác,No,Unchanged,Unchanged,,,,,,,,,
96950314,,thiên nga bóng đêm,2,Phim Hàn Quốc,buổi gặp gỡ đầu tiên phút chia ly cuối cùng,2,Khác,Yes,Changed,Phim Hàn Quốc -> Khác,,,,,,,,,
97061569,,tai si,6,Khác,san ga,3,Khác,Yes,Unchanged,Unchanged,,,,,,,,,
9706471,,chú,2,Khác,harry potter,2,Phim chiếu rạp / Giả tưởng,Yes,Changed,Khác -> Phim chiếu rạp / Giả tưởng,,,,,,,,,
97078125,,phim 18,3,Khác,phim 18,2,Khác,No,Unchanged,Unchanged,,,,,,,,,
97079509,,bolero,6,Âm nhạc,bolero,4,Âm nhạc,No,Unchanged,Unchanged,,,,,,,,,
97115484,,youtube 4f,2,Nền tảng,bolero,5,Âm nhạc,Yes,Changed,Nền tảng -> Âm nhạc,,,,,,,,,
97150200,,canh de,18,Khác,thu thac,3,Khác,Yes,Unchanged,Unchanged,,,,,,,,,
97152379,,nhật ký ma cà rồng phần 1,2,Tâm linh,kẻ trộm mặt trăng minions,4,minions : Phim hoạt hình,Yes,Changed,Tâm linh -> minions : Phim hoạt hình,,,,,,,,,
97223014,,lưu ly mỹ nhân sát,5,Phim Trung Quốc,pháp y tần minh người đọc tâm,2,người đọc tâm : Phim Trung Quốc,Yes,Changed,Phim Trung Quốc -> người đọc tâm : Phim Trung Quốc,,,,,,,,,
9727641,,lấy danh nghĩa người nhà,2,Phim Trung Quốc,lấy danh nghĩa người nhà,2,Phim Trung Quốc,No,Unchanged,Unchanged,,,,,,,,,
97296518,,vũ điệu tuổi trẻ,2,Khác,bat ch,2,Khác,Yes,Unchanged,Unchanged,,,,,,,,,
97306841,,thế giới khủng long,2,Phim chiếu rạp,the witch,2,Khác,Yes,Changed,Phim chiếu rạp -> Khác,,,,,,,,,
97315022,,tội lỗi màu hồng,2,Khác,thư ký kim sao thế,2,Phim Hàn Quốc,Yes,Changed,Khác -> Phim Hàn Quốc,,,,,,,,,
97376716,,bungou stray dogs season 3,2,Anime,tokyo ghoul re,4,re : Anime,Yes,Changed,Anime -> re : Anime,,,,,,,,,
97451455,,vua bếp soma,2,Anime,lưỡi gươm diệt quỷ,2,Anime,Yes,Unchanged,Unchanged,,,,,,,,,
97461232,,oh soo jae,2,Khác,bleach,6,Anime,Yes,Changed,Khác -> Anime,,,,,,,,,
97481813,,nàng bạch tuyết và bảy chú lùn,3,Phim hoạt hình,nàng bạch tuyết và bảy chú lùn,2,Phim hoạt hình,No,Unchanged,Unchanged,,,,,,,,,
97484085,,bạn trai tôi là hồ ly,2,Phim Hàn Quốc,ngôi sao khoai tây,3,Phim Hàn Quốc,Yes,Unchanged,Unchanged,,,,,,,,,
97489885,,siêu nhân,3,Phim hoạt hình,tôi thấy hoa vàng trên cỏ xanh,2,Phim Việt Nam,Yes,Changed,Phim hoạt hình -> Phim Việt Nam,,,,,,,,,
97532719,,thương ngày nắng về,2,Phim Việt Nam,bóng chuyền,2,Khác,Yes,Changed,Phim Việt Nam -> Khác,,,,,,,,,
97541071,,thanh lạc,2,Phim Trung Quốc,bắt ma phá án,2,Phim Hàn Quốc,Yes,Changed,Phim Trung Quốc -> Phim Hàn Quốc,,,,,,,,,
97542579,,yêu nhầm chị dâu,2,Phim Thái Lan,u19 việt nam sẵn sàng cho trận đấu gặp u19 indonesia bản tin bóng đá việt 02 07,2,Khác,Yes,Changed,Phim Thái Lan -> Khác,,,,,,,,,
97563695,,vân tịch truyện,2,Phim Trung Quốc,nhất kiến khuynh tâm,4,Phim Trung Quốc,Yes,Unchanged,Unchanged,,,,,,,,,
97613564,,nhung chang tri tham vong,2,Khác,tham vọng,2,Khác,Yes,Unchanged,Unchanged,,,,,,,,,
97617676,,voice 2,2,Phim Hàn Quốc,naruti,2,Khác,Yes,Changed,Phim Hàn Quốc -> Khác,,,,,,,,,
97672595,,chí khí bay cao,3,Khác,thời gian tươi đẹp của anh và em,2,Khác,Yes,Unchanged,Unchanged,,,,,,,,,
97758974,,miền đất hứa,3,Anime,jujutsu kaisen,5,Anime,Yes,Unchanged,Unchanged,,,,,,,,,
97791866,,nghề siêu khó,2,Khác,hậu cung,2,Khác,Yes,Unchanged,Unchanged,,,,,,,,,
97844929,,công chúa aura,2,Khác,hoán hồn,2,Phim Hàn Quốc,Yes,Changed,Khác -> Phim Hàn Quốc,,,,,,,,,
97847438,,thử thách thần tượng,3,Chương trình truyền hình,thử thách thần tượng,3,Chương trình truyền hình,No,Unchanged,Unchanged,,,,,,,,,
97851189,,hậu cung như ý truyện,7,Phim Trung Quốc,cao lương đỏ,30,Khác,Yes,Changed,Phim Trung Quốc -> Khác,,,,,,,,,
97880612,,chàng trai năm ấy,2,Khác,mặt trời của chàng joo,6,Khác,Yes,Unchanged,Unchanged,,,,,,,,,
97920667,,liverpool real madrid,4,Khác,altyn asyr fc fc cska xem lại trận đấu afc cup 2022,3,Khác,Yes,Unchanged,Unchanged,,,,,,,,,
97930186,,escape room,2,Khác,ailen,2,Khác,Yes,Unchanged,Unchanged,,,,,,,,,
98001860,,sam sam đến rồi,2,Phim Trung Quốc,mùa hè của hồ ly,2,Phim Trung Quốc,Yes,Unchanged,Unchanged,,,,,,,,,
98118663,,mộng hoa lục,2,Phim ảnh,trần hiểu,2,Khác,Yes,Changed,Phim ảnh -> Khác,,,,,,,,,
98130704,,không thèm yêu đương với sếp,4,Khác,gỡ rối tình yêu,2,Khác,Yes,Unchanged,Unchanged,,,,,,,,,
98160671,,mị nguyệt truyện,2,Phim Trung Quốc,cuộc chiến hậu cung,3,Khác,Yes,Changed,Phim Trung Quốc -> Khác,,,,,,,,,
98305480,,fairy tail,11,Anime,fairy tail,3,Anime,No,Unchanged,Unchanged,,,,,,,,,
98327280,,quý ông hoàn hảo và cô nàng tạm được,2,Phim Trung Quốc,những người thừa kế,2,Phim Hàn Quốc,Yes,Changed,Phim Trung Quốc -> Phim Hàn Quốc,,,,,,,,,
98360541,,ôi hoàng đế,2,Khác,shie,2,Khác,Yes,Unchanged,Unchanged,,,,,,,,,
98400276,,nhanh và nguy hiểm 9,2,Phim chiếu rạp / Hành động,em nen dung lai,3,Khác,Yes,Changed,Phim chiếu rạp / Hành động -> Khác,,,,,,,,,
98430347,,yêu nhầm chị dâu,15,Phim Thái Lan,minh châu rực rỡ,2,Phim Thái Lan,Yes,Unchanged,Unchanged,,,,,,,,,
98444472,,doctor,2,Khác,kẻ trộm mặt trăng minions,4,minions : Phim hoạt hình,Yes,Changed,Khác -> minions : Phim hoạt hình,,,,,,,,,
9858024,,em về với người,3,Khác,em về với người,6,Khác,No,Unchanged,Unchanged,,,,,,,,,
98608584,,conan,2,Anime,fairy tail,6,Anime,Yes,Unchanged,Unchanged,,,,,,,,,
98638162,,chân tướng,2,Khác,tv,2,Khác,Yes,Unchanged,Unchanged,,,,,,,,,
98655473,,liên minh công lý phiên bản của zack snyder,2,phiên bản của zack snyder : Phim chiếu rạp / Siêu anh hùng,ruoc em ve lam dau,2,Khác,Yes,Changed,phiên bản của zack snyder : Phim chiếu rạp / Siêu anh hùng -> Khác,,,,,,,,,
98695892,,jujutsu kaisen,9,Anime,boku no hero academia season 4,6,Anime,Yes,Unchanged,Unchanged,,,,,,,,,
98697687,,những chàng trai tham vọng,2,Phim Thái Lan,street man fighter,2,Chương trình Hàn Quốc,Yes,Changed,Phim Thái Lan -> Chương trình Hàn Quốc,,,,,,,,,
98725578,,bolero,9,Âm nhạc,bolero,3,Âm nhạc,No,Unchanged,Unchanged,,,,,,,,,
98736815,,fairy tail final,6,Anime,fairy tail final,6,Anime,No,Unchanged,Unchanged,,,,,,,,,
9874336,,kẻ quyến rũ đại tài,2,Khác,fairy tail,2,Anime,Yes,Changed,Khác -> Anime,,,,,,,,,
98787990,,deep,2,Khác,người ấy là ai,6,Chương trình truyền hình,Yes,Changed,Khác -> Chương trình truyền hình,,,,,,,,,
9886969,,dương quý phi,2,Khác,hoàng hậu,2,Khác,Yes,Unchanged,Unchanged,,,,,,,,,
98972332,,ba kiếp may mắn gặp được em,4,Khác,nguy cơ tiên sinh,2,Khác,Yes,Unchanged,Unchanged,,,,,,,,,
99023771,,cảnh đẹp,5,Khác,eve,3,Phim Hàn Quốc,Yes,Changed,Khác -> Phim Hàn Quốc,,,,,,,,,
99024125,,thuận vợ thuận chồng,2,Khác,men,3,Khác,Yes,Unchanged,Unchanged,,,,,,,,,
9911273,,harry,2,Khác,thor,3,Khác,Yes,Unchanged,Unchanged,,,,,,,,,
99119266,,dr stone,2,Anime,gintama,2,Anime,Yes,Unchanged,Unchanged,,,,,,,,,
99205689,,tôi thấy hoa vàng trên cỏ xanh,2,Phim Việt Nam,tôi thấy hoa vàng trên cỏ xanh,4,Phim Việt Nam,No,Unchanged,Unchanged,,,,,,,,,
99220992,,tiểu nương tử nhà tướng quân,4,Phim Trung Quốc,nỗi vương vấn của hạ tiên sinh,3,Phim Trung Quốc,Yes,Unchanged,Unchanged,,,,,,,,,
99252672,,sát thủ nhân tạo,2,Khác,evensun,2,Khác,Yes,Unchanged,Unchanged,,,,,,,,,
99326375,,học viện anh hùng,4,Khác,record,2,Khác,Yes,Unchanged,Unchanged,,,,,,,,,
9942851,,võ mỵ nương truyền kỳ,2,Phim Trung Quốc,mặt trăng ôm mặt trời,6,Phim Hàn Quốc,Yes,Changed,Phim Trung Quốc -> Phim Hàn Quốc,,,,,,,,,
9948949,,con duong ha,6,Khác,co nang,12,Khác,Yes,Unchanged,Unchanged,,,,,,,,,
99531500,,cô nàng trong trắng oh woo ri,2,Phim Hàn Quốc,kẻ thừa truyẻ,2,Khác,Yes,Changed,Phim Hàn Quốc -> Khác,,,,,,,,,
99579953,,tái sinh báo thù,2,Phim ảnh,cuộc chiến thượng lưu 3,4,Phim Hàn Quốc,Yes,Changed,Phim ảnh -> Phim Hàn Quốc,,,,,,,,,
99606367,,người thầy y đức,10,Phim Hàn Quốc,minh lan truyện,2,Phim Trung Quốc,Yes,Changed,Phim Hàn Quốc -> Phim Trung Quốc,,,,,,,,,
99726685,,way to heaven,2,Khác,me chua,3,Khác,Yes,Unchanged,Unchanged,,,,,,,,,
99837153,,song chung voi me chong,3,Khác,lấy danh nghĩa người nhà,5,Phim Trung Quốc,Yes,Changed,Khác -> Phim Trung Quốc,,,,,,,,,
99863818,,iron man,3,Khác,minions,2,Phim hoạt hình,Yes,Changed,Khác -> Phim hoạt hình,,,,,,,,,
99909286,,tiên nữ cử tạ kim bok joo,2,Phim Hàn Quốc,thế thân,2,Khác,Yes,Changed,Phim Hàn Quốc -> Khác,,,,,,,,,
99971508,,bleach,2,Anime,chú thuật hồi chiến,3,Anime,Yes,Unchanged,Unchanged,,,,,,,,,
0401615,C003,hạ tiên sinh,2,Khác,trần thiên thiên,2,Khác,Yes,Unchanged,Unchanged,,,,,,,,,
0151915,C001,cuoc c,2,Khác,tinh ha xan lan,2,Phim Trung Quốc,Yes,Changed,Khác -> Phim Trung Quốc,,,,,,,,,
0231670,C002,lấy danh nghĩa người nhà,5,Phim Trung Quốc,pacific rim,2,Khác,Yes,Changed,Phim Trung Quốc -> Khác,,,,,,,,,
